customer_id,baseline_sessions_30d,tenure_months,digital_transaction_share,support_tickets_90d,estimated_cate,aipw_pseudo_outcome,effect_decile,engagement_band,tenure_band
1,3.1,40.1,0.306,0,0.06706832860320226,0.3109420289316922,6,low,established
2,8.0,86.7,0.38,0,0.09743361341432275,-0.5017602712322644,7,medium,long_tenure
3,6.3,24.8,0.617,1,-0.08566384700886907,1.9925875280637178,1,medium,established
4,11.3,23.3,0.569,2,-0.011961744894748013,1.3304555724800575,3,medium,established
5,16.9,13.3,0.99,1,-0.19477189436492734,-1.0103233083975467,1,high,new
6,1.6,27.7,0.517,2,0.04478362386832704,-1.2207965764092774,5,low,established
7,0.0,3.2,0.343,1,0.1688319608654473,-1.2393183401966952,9,low,new
8,4.0,15.1,0.155,1,0.13108052570185932,0.3781896410982035,8,low,new
9,18.6,33.2,0.849,0,0.07480705631552305,-1.720543075940291,6,high,established
10,9.2,49.5,0.636,0,-0.07068670732275902,-0.5465332483412388,1,medium,long_tenure
11,8.7,53.0,0.69,0,0.10347940244955559,-1.8014954615527061,8,medium,long_tenure
12,4.5,22.2,0.308,0,0.17683409021725127,0.46976291880761595,10,low,established
13,9.8,34.4,0.61,2,0.09519923315730247,0.676867593663319,7,medium,established
14,1.8,14.5,0.45,1,0.22846058975440173,-0.7826088660129712,10,low,new
15,10.1,62.9,0.748,0,-0.030645051193942858,0.7926080021926492,2,medium,long_tenure
16,18.3,23.3,0.866,1,0.057883738449449884,-0.5936234248272524,6,high,established
17,8.0,54.5,0.639,1,-0.0032294670390484344,1.4088421435493468,3,medium,long_tenure
18,17.2,14.5,0.932,0,0.005109198728038627,0.6309363871523462,3,high,new
19,0.0,21.5,0.526,0,-0.11257747906230268,2.8922653586476925,1,low,established
20,9.5,49.3,0.5,2,0.0538696932904778,-0.5238717343562683,5,medium,long_tenure
21,4.1,15.4,0.092,0,0.0003538353346042024,-0.8196433419229405,3,low,new
22,11.4,46.1,0.614,1,0.07842070127762679,0.9547546921377413,7,medium,established
23,4.0,25.0,0.405,2,0.10596956471378755,0.3809842265164336,8,low,established
24,6.8,34.9,0.303,0,0.13272436168851331,0.5054910764942556,9,medium,established
25,3.4,26.3,0.264,1,0.13420647604925226,0.49400919095275714,9,low,established
26,9.8,14.8,0.837,1,0.10010107709189525,-0.6990340787943333,7,medium,new
27,7.4,44.6,0.627,0,0.23735701327680067,-0.6425992930618944,10,medium,established
28,16.5,15.3,0.91,1,0.05737662681790505,-0.48297403438929254,6,high,new
29,16.4,30.8,0.649,0,0.06074700962793096,-0.4813687239321072,6,high,established
30,9.4,16.2,0.397,2,0.1291869378984363,-1.0759396942476667,8,medium,new
31,3.1,19.1,0.554,1,0.1797534118000728,2.296505970118924,10,low,established
32,3.6,17.4,0.409,1,0.10473170296532963,0.37491270523393533,8,low,new
33,5.0,53.6,0.64,0,0.139748673470939,-0.6503393564303507,9,low,long_tenure
34,2.6,65.0,0.493,0,0.015438001163951795,-0.5790132430850794,4,low,long_tenure
35,7.7,67.3,0.64,1,-0.130060433978321,0.7906595663635481,1,medium,long_tenure
36,14.0,21.2,0.859,0,0.021378974675450975,-1.6181340902582046,4,high,established
37,18.9,4.3,0.832,0,0.04483651712992793,-0.48953714633280254,5,high,new
38,2.1,42.2,0.479,0,0.24555451382595878,-2.3425452871389156,10,low,established
39,16.8,19.1,0.804,0,0.06864483573473824,0.5701264718970701,6,high,established
40,14.7,24.9,0.807,3,-0.12031237655252597,1.3243541628366913,1,high,established
41,7.5,84.1,0.602,0,-0.23509706324992266,-3.2821158995206132,1,medium,long_tenure
42,4.5,44.6,0.517,0,-0.06549235180320272,0.48668651919438827,2,low,established
43,10.2,54.9,0.568,2,-0.0019617997591754375,0.6384889317072094,3,medium,long_tenure
44,9.4,50.7,0.606,0,0.005946462037399421,1.2314001279929214,4,medium,long_tenure
45,3.4,28.8,0.36,1,0.12531384196186107,0.5151483029526132,8,low,established
46,1.8,32.5,0.578,2,0.04637883390611162,-0.8663242099630257,5,low,established
47,9.8,71.1,0.681,1,-0.05183408461291679,1.5082022461417322,2,medium,long_tenure
48,10.8,11.7,0.813,0,0.09803302044144656,1.1964543163046775,7,medium,new
49,11.2,46.3,0.547,2,-0.17293460645460257,-1.1425654674464896,1,medium,established
50,14.9,16.0,0.99,0,0.010042794681357856,-0.6186622358252896,4,high,new
51,16.0,17.5,0.588,1,0.04926576258612471,-0.8451924913684514,5,high,new
52,14.6,1.0,0.934,0,0.04018896212156174,-0.436688805865197,5,high,new
53,8.4,29.7,0.489,1,-0.06525543027672509,1.7912472672116695,2,medium,established
54,9.7,27.9,0.508,1,-0.11267139522528384,-0.9190900011255888,1,medium,established
55,8.1,36.6,0.607,3,-0.024865043474361356,-0.4629550149089904,3,medium,established
56,3.6,24.8,0.485,1,0.018441777323880363,-0.6865144677651545,4,low,established
57,7.6,64.2,0.505,0,-0.09475274430990434,1.6112421044080703,1,medium,long_tenure
58,15.5,30.5,0.683,5,0.16399493229277515,-0.4087079096194947,9,high,established
59,12.4,25.4,0.933,0,0.1293928556080103,-0.6827185012223822,8,high,established
60,18.9,13.6,0.883,0,0.08972394653907782,0.512288124126357,7,high,new
61,10.5,13.5,0.602,3,-0.02577295626191279,-0.45228392663821304,3,medium,new
62,12.2,68.8,0.718,0,-0.12576730465182853,-0.5792764366119352,1,high,long_tenure
63,10.7,21.3,0.845,1,0.12675384107837231,1.0209090295142218,8,medium,established
64,4.5,6.1,0.497,0,-0.022195937890804766,0.39961125412831494,3,low,new
65,11.8,18.7,0.679,0,0.210688617233649,0.6581187932190551,10,medium,established
66,9.6,34.4,0.611,3,0.03136584270205881,0.3626757584329588,5,medium,established
67,11.0,29.8,0.799,2,0.02293948694540097,-1.1374815426456302,4,medium,established
68,11.9,36.4,0.479,2,0.06054043095697429,0.7959667766479865,6,medium,established
69,16.2,11.4,0.709,0,0.0981714762298898,1.15237364704513,7,high,new
70,6.9,76.0,0.657,1,-0.0810472658156617,0.6904681268860622,1,medium,long_tenure
71,14.3,10.6,0.973,1,0.04964654968351058,-1.255713266234418,5,high,new
72,9.2,60.0,0.357,2,0.13099434655769587,0.7905760568481414,8,medium,long_tenure
73,2.1,34.5,0.43,2,-0.1078671252140115,0.30396215035863455,1,low,established
74,15.1,25.5,0.88,1,0.005190216757704326,-0.5082485574009769,3,high,established
75,13.4,28.3,0.982,0,0.06891590968766292,0.742833819457697,6,high,established
76,17.4,1.0,0.947,0,-0.07424946494212689,1.203978910051322,1,high,new
77,14.0,36.8,0.701,0,0.07239149642773436,-0.49503946770534957,6,high,established
78,5.5,38.6,0.471,3,0.15914035216616407,-1.174349728590801,9,low,established
79,6.0,60.5,0.501,2,-0.031326051256325836,0.494431123791658,2,low,long_tenure
80,3.0,12.6,0.511,1,0.11454633325682127,0.30517188900166836,8,low,new
81,7.7,9.8,0.631,0,0.04028207503759877,-0.8901499141094287,5,medium,new
82,8.7,62.1,0.572,1,0.04374025936242801,-1.1458422701642645,5,medium,long_tenure
83,4.1,18.7,0.446,0,0.08094283251019338,-0.9876601106681623,7,low,established
84,17.0,23.8,0.784,0,0.12017628485946488,-1.5533640453672823,8,high,established
85,17.2,28.9,0.99,0,-0.026176439372808277,-0.446309483494391,3,high,established
86,18.0,15.0,0.963,0,0.25884010243724764,0.4828636973477583,10,high,new
87,0.0,19.1,0.516,2,0.02462078229430844,-0.5436648783658788,4,low,established
88,5.0,68.3,0.791,1,-0.040757928294018926,1.4481675646596244,2,low,long_tenure
89,17.5,12.9,0.99,0,-0.0712176792286697,-0.4469689670852771,1,high,new
90,8.6,57.9,0.643,2,-0.030407207143229413,-0.6379906280890711,2,medium,long_tenure
91,18.6,28.4,0.88,0,0.1951952900388271,1.498791288183151,10,high,established
92,4.8,46.1,0.732,3,0.15057414602860944,0.5003859058907213,9,low,established
93,6.7,75.0,0.643,0,0.1606949247966183,-0.49218603514200665,9,medium,long_tenure
94,7.2,60.0,0.558,1,0.1885065469736144,-0.8884127192863999,10,medium,long_tenure
95,8.4,36.3,0.856,0,0.05851987767907891,-0.41553772165503355,6,medium,established
96,9.1,29.2,0.487,3,-0.11045047406862835,-0.45962993940783886,1,medium,established
97,9.3,52.9,0.449,2,-0.13883612571039006,0.5156636977913517,1,medium,long_tenure
98,15.7,14.4,0.99,1,-0.08400991105654337,-0.871018032382419,1,high,new
99,19.7,7.9,0.82,1,-0.10217734209238191,0.9390209189446058,1,high,new
100,9.1,21.8,0.478,1,-0.018698860723544652,-1.3910680835877676,3,medium,established
101,1.5,9.5,0.63,1,0.12772237775122575,0.4050970442951296,8,low,new
102,9.1,15.6,0.439,0,-0.008489025170848388,-0.8360099275552448,3,medium,new
103,18.2,30.7,0.895,1,0.03533872843287472,0.5432072084920754,5,high,established
104,6.1,10.4,0.593,0,0.17175285409778485,-0.8408736837185077,9,medium,new
105,3.4,22.0,0.505,0,0.13392455397623165,0.5811432389415485,9,low,established
106,9.7,42.5,0.57,6,-0.11422184907928357,-0.48548785127008204,1,medium,established
107,3.7,73.0,0.903,1,0.0458809467499913,-0.7006396520339193,5,low,long_tenure
108,15.9,25.5,0.89,0,0.03463279359369172,0.5672705269772105,5,high,established
109,12.1,19.6,0.944,1,0.10364282256551517,0.7050493087209964,8,high,established
110,5.9,30.7,0.611,1,-0.0006214803519803573,0.6902071167291712,3,low,established
111,5.0,78.5,0.748,1,0.13780740477452177,-0.7445294694436848,9,low,long_tenure
112,16.4,21.1,0.99,0,-0.12638524037290721,-1.4116705452704852,1,high,established
113,8.9,40.0,0.541,0,-0.13534813066135495,0.5952644850155635,1,medium,established
114,9.2,24.7,0.725,5,0.058153477641979465,-0.37098300628428416,6,medium,established
115,14.3,24.4,0.919,0,0.02321367119923193,-2.0898755700009417,4,high,established
116,3.9,14.5,0.348,1,0.03573509387156099,0.4527817979935489,5,low,new
117,7.7,41.4,0.454,0,0.20489679797103263,2.178505240658011,10,medium,established
118,7.9,30.2,0.611,4,0.04357456603034664,-1.5754390532980873,5,medium,established
119,8.1,63.0,0.845,0,-0.0762927048770106,1.0753644530903,1,medium,long_tenure
120,7.5,44.5,0.632,4,-0.028648223529033377,-0.39490753903883186,2,medium,established
121,11.8,28.8,0.504,1,-0.07312571553878312,1.8136837098676737,1,medium,established
122,9.2,33.1,0.479,5,0.014168343826747835,-0.3441675266852248,4,medium,established
123,13.9,26.8,0.895,0,0.1260512207215169,-0.38935690131579304,8,high,established
124,8.0,44.3,0.492,2,0.015531847005634071,-0.7813196473514747,4,medium,established
125,15.3,12.6,0.821,0,0.10861554852895738,1.129381736633491,8,high,new
126,11.8,71.9,0.613,1,0.03458143785207294,-0.7243677464176531,5,medium,long_tenure
127,7.9,62.8,0.594,0,-0.04787668111296839,0.8056682933338833,2,medium,long_tenure
128,12.3,33.6,0.98,1,0.10124819187606605,-0.9075688130883641,7,high,established
129,17.3,1.0,0.819,0,-0.005094407834734698,1.2700007272175937,3,high,new
130,13.8,10.7,0.318,5,0.0707625576297882,-0.4592591721766761,6,high,new
131,19.2,25.2,0.715,0,0.13394451243613426,0.6621673030301753,9,high,established
132,1.5,32.4,0.428,0,0.13910432358893277,0.3566995527121131,9,low,established
133,8.3,28.7,0.525,1,-0.08586845785896613,-1.0386747057514722,1,medium,established
134,7.9,66.8,0.504,1,-0.05942686800528859,-2.169714177030828,2,medium,long_tenure
135,8.9,39.9,0.805,2,-0.05459471154754735,0.8869917879053735,2,medium,established
136,17.0,6.2,0.99,0,0.07341547833012604,-0.4971513458966099,6,high,new
137,3.6,13.5,0.424,1,0.09969032423141339,0.4642513165762241,7,low,new
138,5.5,64.3,0.666,0,0.05897658150787177,0.6578668511874987,6,low,long_tenure
139,7.1,32.8,0.401,0,0.06486029062023596,-0.9160552053943017,6,medium,established
140,13.0,2.0,0.762,1,0.16548130469381858,-0.4460288892767993,9,high,new
141,5.8,59.6,0.753,1,0.05602136115152123,1.6421003148173123,6,low,long_tenure
142,4.9,59.1,0.734,0,-0.11004812073484968,-0.43777424468823745,1,low,long_tenure
143,6.2,27.0,0.212,1,0.014294879842061983,-0.8437178605426925,4,medium,established
144,9.3,30.9,0.615,4,-0.1253298191131285,-0.6916472965277103,1,medium,established
145,10.4,55.4,0.677,1,0.02661893048363755,-0.7062751878341056,4,medium,long_tenure
146,13.9,31.0,0.865,2,0.15698293585764977,0.9908264788535286,9,high,established
147,4.6,55.5,0.871,1,0.05324336831598506,1.3908696744625493,5,low,long_tenure
148,7.8,27.5,0.809,0,0.08889086337603275,0.7098230946341608,7,medium,established
149,7.5,42.9,0.598,0,0.05049909942246075,0.7341420504875164,5,medium,established
150,16.6,7.4,0.875,0,0.10406778857298248,1.235720746009637,8,high,new
151,0.0,28.2,0.393,1,-0.016062611854179173,-0.7713334300323096,3,low,established
152,5.8,25.8,0.363,3,-0.035957159575567534,1.7711818294318027,2,low,established
153,13.6,23.2,0.799,2,0.01359068142981062,1.1424483599120956,4,high,established
154,7.3,37.6,0.646,2,0.0940842273171037,-0.8441881699874658,7,medium,established
155,19.2,41.1,0.99,0,-0.037160674969902247,-0.32898006747550224,2,high,established
156,3.1,22.0,0.761,0,0.10484810514242109,0.5008543641048426,8,low,established
157,16.9,1.0,0.987,1,-0.020473533427759528,-0.4937631992124273,3,high,new
158,9.9,18.4,0.325,2,-0.032414017315885536,0.36822005802537555,2,medium,established
159,2.3,13.6,0.225,0,0.26218333848175956,0.5177188634273839,10,low,new
160,3.3,10.3,0.547,4,0.24889272706876056,0.37534262730475965,10,low,new
161,19.3,17.1,0.99,0,0.12876695585848874,0.2911296984209981,8,high,new
162,9.8,37.0,0.491,2,0.02056268459286238,1.6779115030701048,4,medium,established
163,18.9,34.5,0.866,0,0.06574401224892928,-0.49724508791262223,6,high,established
164,21.1,22.1,0.99,1,0.024186306644704343,-1.3657051007292549,4,high,established
165,7.1,56.7,0.673,4,0.0623249965848102,0.48302988697784277,6,medium,long_tenure
166,3.7,57.7,0.765,0,0.12600655411544542,-0.735032402265918,8,low,long_tenure
167,4.4,2.4,0.226,0,0.11396364241440561,0.45252726338677346,8,low,new
168,6.7,34.6,0.468,0,0.10322737604434,0.36394247734207164,8,medium,established
169,3.0,39.9,0.835,0,0.2381416249873731,0.8337168288518422,10,low,established
170,2.0,12.9,0.488,0,0.27700208313106683,-1.282612052342315,10,low,new
171,13.8,22.2,0.99,0,0.05801899338566607,-1.653796400731735,6,high,established
172,9.0,60.8,0.644,0,-0.13185942836544945,1.3719678053058004,1,medium,long_tenure
173,16.6,13.7,0.912,0,0.07799516329179582,-0.4806373889396235,6,high,new
174,2.4,7.8,0.584,0,0.20384754857182222,-0.821195205335328,10,low,new
175,16.5,15.9,0.826,0,0.08872006542461969,1.130532053099728,7,high,new
176,12.9,28.0,0.816,0,0.19910993268939417,0.8074801322407887,10,high,established
177,6.8,62.2,0.587,0,-0.01985945687131951,0.7336820872777772,3,medium,long_tenure
178,1.1,12.0,0.433,2,0.24801444842709827,0.4095483956489291,10,low,new
179,4.1,7.0,0.253,0,0.16178327649455546,0.565997774812705,9,low,new
180,2.3,12.3,0.51,1,0.05572858472663713,2.399190233801878,6,low,new
181,6.4,26.7,0.412,0,0.22652522791509166,-1.7720479081895775,10,medium,established
182,4.4,26.1,0.524,2,-0.148302907925683,-0.5224020928609703,1,low,established
183,7.4,52.4,0.407,0,0.08158000068913482,0.8014456183421808,7,medium,long_tenure
184,12.8,35.5,0.734,1,0.0819390859882403,0.9414120067223938,7,high,established
185,5.5,27.0,0.577,1,0.12740977457193484,0.5254568177517331,8,low,established
186,8.0,20.2,0.638,2,0.14961709093727923,-0.6942013716527085,9,medium,established
187,6.4,70.3,0.643,0,-0.06118559474205255,-3.122066318321959,2,medium,long_tenure
188,12.8,6.9,0.99,0,-0.16076653213273395,-1.423178470376433,1,high,new
189,4.3,10.1,0.57,1,0.08434224851203957,0.4498565438348111,7,low,new
190,16.8,17.8,0.958,0,0.15526813293575348,1.5294534883101032,9,high,new
191,0.0,50.3,0.496,1,-0.026399907970356153,-0.9021868714641061,3,low,long_tenure
192,12.3,25.0,0.99,0,-0.05937578455682544,-0.7172153759922298,2,high,established
193,14.6,17.6,0.984,0,-0.06744819958701537,-1.1416136773073462,2,high,new
194,1.5,26.3,0.342,0,0.07618825955094771,-1.007864044417929,6,low,established
195,16.1,1.0,0.99,0,0.07341013643007903,0.5025665258598195,6,high,new
196,16.5,2.5,0.886,0,0.153079460638729,-0.5743637379733497,9,high,new
197,8.7,1.0,0.594,2,0.1729345831160119,1.4997520534415636,10,medium,new
198,6.0,42.8,0.442,0,0.03316390458981661,2.330113862025561,5,low,established
199,14.4,34.3,0.99,0,0.056706294544930945,0.5290365604504823,6,high,established
200,7.9,66.7,0.832,1,-0.03650964099046882,-0.5993800896185453,2,medium,long_tenure
201,1.8,23.6,0.433,1,-0.07186219339113423,0.2480697248416201,1,low,established
202,5.3,3.4,0.62,2,0.2195035366685008,0.7291039964664454,10,low,new
203,8.2,59.4,0.658,1,0.04906543487321152,-0.5713972516765952,5,medium,long_tenure
204,12.8,37.5,0.99,1,-0.08148099252855012,1.2008254932895754,1,high,established
205,15.6,17.6,0.922,2,0.04234017175252338,0.5836957005422536,5,high,new
206,15.9,9.2,0.846,1,0.0958205908888425,-0.5121566147588901,7,high,new
207,16.8,1.0,0.99,0,-0.07555762943539385,0.6560249626635727,1,high,new
208,9.9,47.6,0.525,2,-0.18271478279783798,-0.5639526722474248,1,medium,established
209,14.1,15.2,0.828,0,0.19436088546680763,-0.589757587608672,10,high,new
210,10.1,40.9,0.502,0,0.06213509860767169,-0.4891859330961984,6,medium,established
211,10.4,19.9,0.729,2,0.0763611086849082,1.4049698695101485,6,medium,established
212,7.0,15.7,0.755,1,0.17044359571074408,-0.8514590053692376,9,medium,new
213,12.9,14.4,0.941,0,0.13725234299308192,-0.7366461753302014,9,high,new
214,2.7,24.5,0.322,3,0.07473896001386016,-1.2678671908041446,6,low,established
215,5.0,25.0,0.589,2,0.10092027163520577,-1.0070279234779957,7,low,established
216,5.1,31.3,0.397,1,0.1535615310019209,-0.9868873074141828,9,low,established
217,19.2,16.9,0.787,0,0.11524436398169757,-0.43968723496459805,8,high,new
218,19.8,28.7,0.846,0,0.06889364360960426,0.3755574553941987,6,high,established
219,1.6,17.7,0.486,2,0.007996115491809385,0.29803794176468845,4,low,new
220,10.1,98.5,0.573,1,0.009059437356732045,-0.5013615380475225,4,medium,long_tenure
221,8.2,55.2,0.672,1,-0.012309405163609406,0.691082847223687,3,medium,long_tenure
222,1.5,51.2,0.445,0,-0.020884215265986023,-0.6468429326020949,3,low,long_tenure
223,8.1,18.7,0.775,2,0.03826332178598001,-0.9074520188606241,5,medium,established
224,3.3,19.5,0.387,1,0.03460868688201028,0.30767609419739406,5,low,established
225,19.3,1.0,0.99,0,0.08458459860032375,0.381202415313458,7,high,new
226,2.1,25.5,0.451,0,-0.010215609867429991,0.38971782203888056,3,low,established
227,17.5,1.0,0.944,0,0.0606538923697948,0.4963809510925727,6,high,new
228,8.7,32.9,0.465,1,-0.023467862578518153,-1.1170533013088932,3,medium,established
229,5.1,14.8,0.506,1,0.13888667753418737,2.023515428530761,9,low,new
230,14.5,11.4,0.819,0,0.07817095766328071,-0.6001702534996661,7,high,new
231,20.1,23.3,0.903,1,0.016788747178265277,0.674052324217271,4,high,established
232,7.5,89.6,0.786,0,-0.06048411137148652,0.5890385327171104,2,medium,long_tenure
233,6.9,9.1,0.478,0,0.13728154372933485,0.485451228781667,9,medium,new
234,11.3,29.2,0.491,4,-0.1048312812116764,0.36591627576786684,1,medium,established
235,3.3,13.3,0.44,0,0.2549451353264162,0.5456550458009101,10,low,new
236,1.0,11.6,0.421,1,0.21915647817673906,0.4427200088421789,10,low,new
237,4.9,53.4,0.601,0,0.09509521581541797,0.49236506452887807,7,low,long_tenure
238,8.4,31.9,0.428,0,-0.04696406206746134,0.41191691762681615,2,medium,established
239,16.4,10.1,0.984,0,-0.07776935507414648,0.6418295454433888,1,high,new
240,11.3,43.0,0.821,0,0.12342009363389944,0.8123698461769647,8,medium,established
241,6.8,27.0,0.392,1,-0.023460111650169,-0.805918222409171,3,medium,established
242,0.0,9.9,0.538,2,0.01859857696564165,0.38118310971857794,4,low,new
243,13.8,11.6,0.952,0,0.06162256217495017,-0.28244239781622765,6,high,new
244,9.2,21.4,0.731,2,0.12836698770750665,-0.7307437626515442,8,medium,established
245,15.8,40.6,0.748,5,0.07524422333803057,1.5435988302542698,6,high,established
246,6.7,2.3,0.28,1,0.01845198807063299,2.208448890318666,4,medium,new
247,7.7,14.9,0.622,0,0.13871366556899198,0.7796474135750284,9,medium,new
248,8.1,54.9,0.584,1,-0.015848553882583244,0.8446958239372134,3,medium,long_tenure
249,10.5,70.2,0.508,0,-0.2003106538864157,-0.5532556178891321,1,medium,long_tenure
250,11.8,76.8,0.553,0,-0.08890604502528711,0.912781135596924,1,medium,long_tenure
251,8.3,47.6,0.557,4,-0.09620376775018641,0.5386763737927516,1,medium,established
252,3.9,28.4,0.398,1,-0.03817328182190765,0.3904573414940596,2,low,established
253,5.8,61.0,0.573,1,0.058524782625068376,-0.8208272382887136,6,low,long_tenure
254,17.8,25.5,0.898,0,0.008801107617491814,0.9396784233616169,4,high,established
255,18.8,2.3,0.99,1,0.014795939349972854,-1.5292992011601592,4,high,new
256,0.0,1.0,0.24,1,0.15942453858941916,0.4531286790026994,9,low,new
257,3.4,27.2,0.555,1,0.10532790565405492,0.5394067844009117,8,low,established
258,12.7,3.9,0.898,1,0.08711052453487382,1.0985084076553147,7,high,new
259,16.4,15.2,0.852,0,0.19307844531056867,-1.6725436061169656,10,high,new
260,5.7,32.4,0.368,2,0.05202832389398282,0.42412272399384476,5,low,established
261,12.4,19.0,0.984,0,0.09939202980684557,-0.44986064591898084,7,high,established
262,7.5,33.3,0.271,1,0.127689791632361,0.3044999813315794,8,medium,established
263,7.6,72.0,0.731,0,0.06533258857377451,-0.6967240310303531,6,medium,long_tenure
264,15.8,18.3,0.99,1,-0.08057473612415966,-1.3531634330982567,1,high,established
265,5.7,16.7,0.289,0,0.10250261552972312,-0.8485805140791642,7,low,new
266,18.6,17.3,0.99,3,-0.13642615614554846,1.1746405583336357,1,high,new
267,14.9,8.8,0.903,1,0.14666922620777276,1.3842455457530778,9,high,new
268,14.9,13.6,0.67,1,0.22292392103769412,-1.010698508077574,10,high,new
269,14.9,47.4,0.767,0,-0.04593109358143981,-0.4725568951725245,2,high,established
270,18.9,18.2,0.92,0,0.036100511064078154,-1.8221277037896702,5,high,established
271,15.8,21.4,0.944,0,0.0035764079179011967,1.3234425293641703,3,high,established
272,15.2,7.5,0.726,2,0.10640218578683375,0.9251467762835747,8,high,new
273,17.1,28.2,0.903,2,0.09798861234174717,-0.5138578275636355,7,high,established
274,13.9,40.1,0.681,1,0.08195743710579854,0.804023573686466,7,high,established
275,9.2,40.2,0.7,3,0.05910061470316619,0.8298113211948379,6,medium,established
276,7.3,64.6,0.595,0,0.09434357623290343,-0.7021277939747297,7,medium,long_tenure
277,13.2,74.4,0.688,0,0.1284229012578535,-0.48332777925294246,8,high,long_tenure
278,11.6,77.3,0.758,2,-0.03509824882148052,1.001576005259404,2,medium,long_tenure
279,7.7,25.4,0.524,2,0.0860651222616441,0.3549726599238473,7,medium,established
280,3.1,20.6,0.528,1,-0.033565694834597405,0.37699918413342753,2,low,established
281,14.4,26.7,0.912,1,0.1414003164439161,1.4297215937931438,9,high,established
282,11.0,5.2,0.89,0,0.08679570236656425,-1.4037870780390214,7,medium,new
283,18.6,7.4,0.93,2,0.04832077329606219,-0.5069892603245132,5,high,new
284,16.2,15.4,0.816,2,0.18840328784250138,0.7725802182717307,10,high,new
285,4.1,10.1,0.712,3,0.27699764680166034,0.5349488960336146,10,low,new
286,11.2,71.9,0.472,1,-0.004137905255616226,0.7371488563460069,3,medium,long_tenure
287,15.1,4.4,0.845,0,-0.13000615157667564,1.0547733494665712,1,high,new
288,7.4,56.3,0.636,1,0.14925507882156355,-0.5018903108605075,9,medium,long_tenure
289,4.9,28.4,0.642,2,-0.008253493447095505,-0.5175002640161002,3,low,established
290,17.3,16.5,0.972,1,-0.0732151248752072,-1.2438785671284105,1,high,new
291,5.9,17.9,0.594,1,0.17692245799540457,1.4122654065918705,10,low,new
292,15.9,15.2,0.909,0,0.06787247002069996,0.8013425881225897,6,high,new
293,3.4,21.3,0.351,1,0.07395751938896718,-1.1475519369062204,6,low,established
294,23.1,10.6,0.884,0,0.11884422618186193,0.5581964167142983,8,high,new
295,1.3,12.7,0.395,0,0.07354956414053813,-0.8317938719403417,6,low,new
296,2.6,35.0,0.487,1,0.13338435440295798,0.4904793080815258,9,low,established
297,6.4,1.0,0.313,0,0.07536033327946697,0.4324955753780092,6,medium,new
298,1.8,19.5,0.411,0,-0.06776409472773297,-1.237371460566223,2,low,established
299,1.6,16.4,0.608,1,0.1433294063905831,-0.976012141524591,9,low,new
300,12.1,36.0,0.61,4,0.07368820362868898,0.42882376692054414,6,high,established
301,6.1,4.5,0.314,0,0.0562797050363885,0.5196977448672218,6,medium,new
302,17.3,10.0,0.863,0,0.13159374126122214,1.5136814474905118,8,high,new
303,9.5,29.8,0.344,2,0.006133801120602948,0.5575069184868869,4,medium,established
304,6.1,74.8,0.634,0,-0.07209505242780462,-0.5762120013494285,1,medium,long_tenure
305,3.8,26.0,0.611,1,0.10939412153988122,-0.7685185450790213,8,low,established
306,7.8,47.8,0.509,0,0.11720141861899963,-0.49073338811086575,8,medium,established
307,10.3,56.2,0.48,1,-0.03747114718767185,-0.7506529252460064,2,medium,long_tenure
308,10.1,41.6,0.518,2,0.27177070488508304,-0.9259619734274855,10,medium,established
309,13.5,1.6,0.99,3,-0.002478701242060749,0.6533686054487163,3,high,new
310,18.1,15.1,0.99,0,-0.02367140904828503,0.46654638234085066,3,high,new
311,3.5,61.9,0.689,0,-0.035023161710653235,0.8316588353933503,2,low,long_tenure
312,7.1,57.4,0.499,1,-0.07207880577648394,0.5743362485391941,1,medium,long_tenure
313,12.9,48.3,0.898,0,0.13288080389654935,-0.7623411248499496,9,high,long_tenure
314,5.7,57.0,0.837,1,0.21940900783972533,0.7758285118379538,10,low,long_tenure
315,13.2,67.4,0.606,0,0.06816738941046055,0.8846602102045382,6,high,long_tenure
316,4.0,52.8,0.655,1,0.26983149822764135,0.8804362078038623,10,low,long_tenure
317,5.8,68.3,0.666,0,0.013687816878380159,-0.6245795434563095,4,low,long_tenure
318,10.4,41.4,0.42,1,0.08089523946777585,0.5214745730266412,7,medium,established
319,14.7,8.9,0.99,0,0.13848678138754703,-0.50169412024315,9,high,new
320,4.9,21.3,0.524,1,0.10501929287141425,0.5302342432295777,8,low,established
321,8.4,11.3,0.211,0,0.18520132878258902,-0.5869746572582769,10,medium,new
322,9.8,48.3,0.494,2,-0.10231004809267956,0.4759419926895033,1,medium,long_tenure
323,6.7,74.4,0.533,1,-0.010546436138480686,0.516103498296908,3,medium,long_tenure
324,8.6,24.4,0.672,3,0.04481988702341809,0.3898999739000707,5,medium,established
325,5.9,1.0,0.347,1,0.1814276517892263,0.46480792293873974,10,low,new
326,10.7,52.2,0.634,2,0.01142078866777,0.4587730213516742,4,medium,long_tenure
327,4.6,12.4,0.41,0,0.11186186107264874,-1.0230100625989487,8,low,new
328,10.0,28.0,0.598,2,0.17689614117681687,0.7180272224623183,10,medium,established
329,10.0,50.7,0.645,3,0.03615841620106288,-0.6369933054505033,5,medium,long_tenure
330,15.8,14.3,0.93,0,0.06493280304314951,1.3900451038582091,6,high,new
331,2.9,20.0,0.428,1,0.1661287605963139,2.240788144422361,9,low,established
332,18.0,1.3,0.936,0,0.10279279709254519,-1.3278701560852237,7,high,new
333,9.8,11.4,0.614,3,0.10480251317696133,0.4195058112555137,8,medium,new
334,0.0,20.0,0.407,1,-0.06125803752871142,0.30407454999591155,2,low,established
335,13.8,20.4,0.853,0,-0.01661313410695857,-0.2678355820653606,3,high,established
336,7.7,34.7,0.797,2,0.007750936777495253,1.1330130664322013,4,medium,established
337,15.5,10.2,0.851,0,-4.302451662298867e-06,-0.742859416349936,3,high,new
338,7.8,22.2,0.58,2,0.14616246711602685,0.48997044306684195,9,medium,established
339,24.6,1.0,0.825,0,0.1603442130461374,-0.4247760383468154,9,high,new
340,0.0,27.5,0.519,3,-0.017652246114914304,-0.403327577864933,3,low,established
341,16.8,17.9,0.99,0,-0.0378497147013012,-0.3389106113919743,2,high,new
342,4.7,45.7,0.393,2,-0.012326590403991587,-0.8235109231120594,3,low,established
343,4.0,22.1,0.357,1,-0.06631576624787523,0.492517317463968,2,low,established
344,10.5,19.7,0.543,2,-0.10311089831876483,-0.8282004844446339,1,medium,established
345,4.9,21.4,0.428,1,-0.032960696728227386,2.48680727252586,2,low,established
346,3.5,18.1,0.465,0,-0.03291581997459534,0.31889734572494277,2,low,established
347,4.6,27.2,0.426,1,0.09136426352915859,2.2172807730280004,7,low,established
348,17.5,16.3,0.854,1,0.000805787357598244,-1.1674611117479587,3,high,new
349,10.2,15.9,0.805,3,0.12643594031778765,-1.237528476997904,8,medium,new
350,16.5,1.0,0.878,1,0.13213028555398418,-0.39573684380902274,9,high,new
351,7.4,34.2,0.522,2,0.07180881305954695,0.34136765500349237,6,medium,established
352,23.6,32.6,0.99,0,-0.04077820870911755,0.40221333100500356,2,high,established
353,10.0,32.0,0.683,3,0.1098541930891506,0.4416464390132893,8,medium,established
354,11.1,40.8,0.745,2,0.09590931003403838,-0.6381100463349996,7,medium,established
355,6.6,74.2,0.852,2,-0.14781144647633337,0.8287917558991688,1,medium,long_tenure
356,9.5,34.2,0.628,4,0.051415198103301245,0.4462092081300718,5,medium,established
357,5.0,12.2,0.398,0,0.17413880884274485,-1.9428219760436582,10,low,new
358,0.0,24.3,0.221,0,-0.013818280405617445,0.3592724728680723,3,low,established
359,6.1,76.5,0.537,0,-0.31809741914305834,0.612770834099772,1,medium,long_tenure
360,7.0,37.4,0.613,7,0.12164690166820265,1.2608164233468713,8,medium,established
361,2.9,31.0,0.3,3,0.019050041439715247,0.30097476127059714,4,low,established
362,13.1,10.4,0.726,0,0.10140414246806924,0.7923263680186713,7,high,new
363,16.1,13.6,0.907,1,-0.05590767712673177,0.4165964663912461,2,high,new
364,19.8,14.6,0.985,0,0.12261160664314529,0.5467599335453305,8,high,new
365,9.4,30.4,0.563,6,0.08405131532810385,-0.2739918033640918,7,medium,established
366,4.8,76.0,0.739,0,-0.016295633895789325,-0.7956808549966519,3,low,long_tenure
367,1.7,1.0,0.498,0,0.18173176269143146,-1.08001844133579,10,low,new
368,8.0,31.4,0.716,4,0.02205409205341009,0.5282260513209313,4,medium,established
369,4.2,61.0,0.879,1,0.17377782693519767,0.6696471777317573,10,low,long_tenure
370,5.3,5.5,0.718,0,0.136798093954598,1.790726469396791,9,low,new
371,8.2,30.1,0.51,2,0.008259839847305404,-1.2273074648002797,4,medium,established
372,14.4,7.3,0.849,0,0.0019581272557812834,0.5628359968922154,3,high,new
373,8.2,57.7,0.647,0,0.12180260888864038,-0.5352524116379676,8,medium,long_tenure
374,6.8,84.2,0.813,0,0.14421957162031307,-0.3443223846815085,9,medium,long_tenure
375,14.3,28.1,0.802,0,0.06328288725221032,-0.4005448462067604,6,high,established
376,16.5,22.9,0.99,0,0.07449049613205319,-1.8709706034264397,6,high,established
377,2.7,26.6,0.411,0,-0.02005304540373597,0.43738797400985613,3,low,established
378,5.8,60.0,0.665,0,0.061509248368241294,-1.9637272733298552,6,low,long_tenure
379,3.6,86.0,0.551,1,-0.2691107627087685,0.4646572699537913,1,low,long_tenure
380,4.7,31.6,0.284,1,0.10362001472072731,-0.9057878238037719,8,low,established
381,11.9,22.0,0.559,0,-0.11951864265210098,-1.0423456241360278,1,medium,established
382,6.4,5.2,0.573,1,0.10055585568886327,0.5332019828297794,7,medium,new
383,8.5,28.8,0.353,2,-0.12812000971959042,-0.6314881803277822,1,medium,established
384,6.2,61.3,0.817,1,0.16955748002960397,-0.8429620562504976,9,medium,long_tenure
385,10.3,44.9,0.577,0,0.17418632774770243,-0.6681665398314036,10,medium,established
386,1.5,27.1,0.312,0,0.0932604538730132,-0.8411691877640293,7,low,established
387,10.9,27.8,0.618,5,0.10633245948542733,-0.21394272790647562,8,medium,established
388,8.9,28.4,0.505,1,-0.10629382461651896,-0.7683382839941385,1,medium,established
389,17.3,21.3,0.921,1,0.025919422168928636,1.3358546727849467,4,high,established
390,9.0,14.7,0.447,0,0.04087355339390069,0.5290833226411854,5,medium,new
391,7.4,38.6,0.766,1,0.11295121522068634,-1.0905295685922682,8,medium,established
392,15.6,10.0,0.91,1,0.17878286146202915,-1.0390631174590959,10,high,new
393,6.5,25.8,0.538,5,-0.0223777996191316,0.24786726873921372,3,medium,established
394,9.1,24.6,0.465,1,0.024108539458721486,0.5940609989719965,4,medium,established
395,16.7,29.6,0.99,0,0.005963040864913032,0.6379406457943141,4,high,established
396,8.1,58.6,0.593,0,0.0907347592663782,-2.1131408097063824,7,medium,long_tenure
397,3.2,38.5,0.394,1,0.005140951681350545,-1.1832935432199614,3,low,established
398,14.7,37.4,0.99,1,0.008643450738465015,-1.5187247494757137,4,high,established
399,8.9,53.1,0.866,0,-0.09623837767849332,1.0506990455676704,1,medium,long_tenure
400,7.6,26.9,0.668,0,0.09078265219282017,-0.6050749169864933,7,medium,established
401,4.9,74.5,0.625,0,0.25206109088794143,-2.0988249698394728,10,low,long_tenure
402,0.0,17.9,0.429,1,-0.0011458613182716336,-1.0906725116393305,3,low,new
403,2.9,11.6,0.38,2,0.13350891962807385,0.42068254708595765,9,low,new
404,12.3,8.9,0.861,0,0.15764948593537303,0.8361376869400389,9,high,new
405,2.2,17.0,0.391,0,0.07956151471521666,2.6298347114817364,7,low,new
406,3.4,37.6,0.53,1,0.05637239174432775,-1.0285760727874613,6,low,established
407,15.6,17.9,0.89,0,0.026933521144792322,0.48704308869743934,4,high,new
408,2.7,37.4,0.58,1,0.009170520368440715,-1.2294864560887024,4,low,established
409,21.9,21.9,0.887,2,-0.07955494619550119,0.5137128237136084,1,high,established
410,1.1,18.3,0.39,0,0.059278440355498736,0.3388845767513835,6,low,established
411,12.3,26.3,0.731,1,0.09628583379131442,-0.9871769151914551,7,high,established
412,8.6,37.7,0.592,2,0.05303669559057575,0.5076261477631171,5,medium,established
413,14.2,25.8,0.886,0,0.053735173546862615,1.3845221828953653,5,high,established
414,6.1,34.0,0.434,1,0.0471997954752432,0.3442159190547961,5,medium,established
415,14.8,12.9,0.99,0,0.1427432720600672,0.6418516074163821,9,high,new
416,13.8,18.1,0.934,0,-0.011078319562134821,1.3394908693189889,3,high,established
417,20.8,23.0,0.99,2,0.0235078583803776,0.5024538195573689,4,high,established
418,0.0,17.4,0.404,1,0.15326036793693779,2.871796565878844,9,low,new
419,15.3,2.4,0.99,0,0.09744897115470501,1.3387648175785105,7,high,new
420,5.0,12.3,0.456,0,0.2291581274154729,-0.8606258412478893,10,low,new
421,12.8,28.1,0.687,3,0.022470752966747155,-0.6021459132678804,4,high,established
422,14.9,23.9,0.99,2,-0.08937314684976386,-1.1898835119722357,1,high,established
423,23.2,31.1,0.796,1,0.1973670643110064,0.3890034540992239,10,high,established
424,18.0,1.0,0.908,1,0.16535208310835828,0.4527883233275456,9,high,new
425,2.6,23.8,0.695,1,0.18315215689868783,0.5854773803270064,10,low,established
426,0.6,17.7,0.553,1,0.11616660705522032,0.40275706049280574,8,low,new
427,16.6,25.5,0.99,0,-0.005407463874187361,1.2215605514284102,3,high,established
428,1.4,15.7,0.442,2,0.16397278265109128,0.42165325043402646,9,low,new
429,17.5,10.8,0.99,0,0.07571920527922274,-0.34959323686288324,6,high,new
430,3.3,5.1,0.358,1,0.12906450253385693,-0.9266092706205563,8,low,new
431,1.3,27.8,0.266,0,0.07932136406830684,0.3234279164762094,7,low,established
432,1.9,20.1,0.399,1,-0.0048869014567280685,0.3258100848508527,3,low,established
433,11.3,23.2,0.722,1,-0.04046215694322887,0.8738390313442805,2,medium,established
434,0.0,18.9,0.311,0,0.06254895378190872,-1.2213609412763053,6,low,established
435,18.8,29.5,0.738,0,0.18187040264756318,1.144446234168257,10,high,established
436,18.9,3.9,0.711,1,0.14051307950364897,-0.6169370324894385,9,high,new
437,15.1,5.9,0.981,0,-0.1129019991763602,-1.5603400016593882,1,high,new
438,4.2,77.0,0.481,0,0.025852341166623757,0.5777559261930962,4,low,long_tenure
439,6.0,22.9,0.49,0,-0.18552303156679603,0.5127811119161039,1,low,established
440,7.7,39.0,0.554,4,0.008461070303277397,-0.3447792401183045,4,medium,established
441,0.4,26.8,0.345,2,0.08234798639057041,0.5614142963658729,7,low,established
442,21.2,15.6,0.79,1,0.052009922505958,1.4082492079402258,5,high,new
443,2.1,17.8,0.453,1,0.21929719169865133,0.46211114457407654,10,low,new
444,12.0,26.0,0.817,1,0.16178584303042187,-1.3526211312203433,9,medium,established
445,16.8,29.9,0.899,0,0.0877329966981441,1.3030852643194222,7,high,established
446,8.8,44.0,0.634,0,0.07358835144408889,0.8293721351304304,6,medium,established
447,8.5,7.8,0.497,1,0.08437077173113951,-1.2023588376216487,7,medium,new
448,8.0,46.7,0.693,2,0.09653222818562242,1.528741875368704,7,medium,established
449,15.0,11.7,0.918,0,-0.0478746544566197,-0.4827415238898982,2,high,new
450,9.9,21.9,0.474,2,-0.06983909198557058,-1.3954594503748863,2,medium,established
451,16.5,14.0,0.951,0,0.12145543448644525,1.1316712393695587,8,high,new
452,5.1,32.0,0.502,0,0.13616120606474927,-0.7375353127387039,9,low,established
453,9.7,37.5,0.57,4,-0.017662287287873325,0.3689708549565653,3,medium,established
454,16.4,12.9,0.868,0,-0.030966482885948134,-1.7539419209351954,2,high,new
455,14.9,26.1,0.99,0,0.016775395716242557,-0.5953323361288687,4,high,established
456,18.2,17.7,0.758,1,0.008414927517100516,0.9024068330391567,4,high,new
457,3.5,15.1,0.484,0,0.13774516030739356,-0.7300861745907686,9,low,new
458,10.2,53.5,0.755,1,-0.022892447117890558,-1.0581870062012946,3,medium,long_tenure
459,8.2,26.9,0.392,1,0.13590024474505785,0.7963512555323693,9,medium,established
460,7.2,30.0,0.571,1,0.024095645281204187,0.4387168128448846,4,medium,established
461,15.5,14.5,0.546,1,-0.12614016876806236,0.6202694974318155,1,high,new
462,14.1,26.2,0.9,1,0.04900238907588536,0.8964742517694554,5,high,established
463,2.6,16.2,0.529,0,0.1105851547278151,0.42851098348575273,8,low,new
464,9.5,81.1,0.618,0,0.03390188648299313,1.3683714123884807,5,medium,long_tenure
465,10.2,14.2,0.932,1,0.14656214334590292,0.8488155896630517,9,medium,new
466,9.2,28.8,0.54,2,-0.05992256963546578,-0.6487265067372207,2,medium,established
467,11.2,22.6,0.742,3,0.037865781808601534,-0.6905619342355922,5,medium,established
468,5.2,10.3,0.49,1,0.1929330910721119,-1.1292580645396837,10,low,new
469,21.6,10.2,0.912,0,-0.015761546698999974,-1.6157606787312346,3,high,new
470,7.9,83.2,0.802,0,0.1208110621423315,-0.6381258929585434,8,medium,long_tenure
471,5.7,63.7,0.464,0,-0.19032306291500936,-0.4438718533697467,1,low,long_tenure
472,6.5,52.5,0.687,0,0.2501341797405839,-0.3906375762746852,10,medium,long_tenure
473,17.3,1.0,0.821,0,0.1614762559424593,0.7829574526761827,9,high,new
474,17.3,1.0,0.852,0,0.10425788886788027,-0.4097983847500106,8,high,new
475,16.6,9.6,0.847,0,0.14943659935974443,-1.7613468549954874,9,high,new
476,5.7,54.4,0.534,0,0.026653171974727222,1.97981690196316,4,low,long_tenure
477,11.0,59.3,0.458,0,0.043299455700118894,-0.4634993575009255,5,medium,long_tenure
478,14.2,3.7,0.633,2,0.06118979206395287,0.8251527693915577,6,high,new
479,9.1,29.9,0.583,0,-0.05668371282308848,-0.9074245570196298,2,medium,established
480,12.9,74.3,0.607,0,0.009551090058585177,0.8412139726811665,4,high,long_tenure
481,10.3,81.5,0.724,0,0.04519425353519343,0.8750381201456653,5,medium,long_tenure
482,22.0,1.0,0.95,0,0.10381412695499385,0.37803914513650627,8,high,new
483,10.3,21.4,0.561,3,-0.05904861893300883,0.4019503426369898,2,medium,established
484,8.4,51.7,0.976,1,0.014939402195130796,-2.2493688264770855,4,medium,long_tenure
485,18.3,17.7,0.99,0,0.05555760417317227,-0.4701315452093028,6,high,new
486,6.8,47.4,0.909,1,0.010877062620307564,0.7514570196787693,4,medium,established
487,9.1,82.2,0.594,1,0.13003345770138622,0.710029138158734,8,medium,long_tenure
488,19.6,16.5,0.927,0,0.09640517473664498,1.5382305826213547,7,high,new
489,11.2,29.5,0.454,1,-0.005086295685691802,0.621259011271967,3,medium,established
490,8.9,50.1,0.554,1,-0.007033729464592214,2.097748448369196,3,medium,long_tenure
491,9.5,30.8,0.526,1,0.019987784027015055,-0.5752350768855569,4,medium,established
492,11.0,35.8,0.92,4,0.07565096205903683,-0.7522480895021635,6,medium,established
493,11.0,22.0,0.514,4,0.07042695897703322,0.467477843314255,6,medium,established
494,10.0,45.6,0.614,3,0.08264727083410169,-1.0026855117661766,7,medium,established
495,5.4,14.7,0.27,0,-0.0035674991659988458,0.3918240850985164,3,low,new
496,6.8,57.2,0.649,2,0.08993700359546569,-1.3329417213798964,7,medium,long_tenure
497,6.2,69.6,0.541,0,0.07166886727948484,-2.319401850922505,6,medium,long_tenure
498,10.2,34.3,0.691,6,0.1430763654527863,1.3175651266866197,9,medium,established
499,10.2,50.3,0.443,0,-0.0718247841758332,-0.6753085276115145,1,medium,long_tenure
500,9.9,72.9,0.627,0,0.05120845071792361,-0.4197986831389225,5,medium,long_tenure
501,2.7,5.7,0.227,4,0.14836900888055876,-0.5166164610022148,9,low,new
502,4.1,3.2,0.376,1,0.0504730259492296,0.35570155738319575,5,low,new
503,1.3,15.3,0.398,2,0.11197198814024122,0.3696430210601618,8,low,new
504,4.2,85.5,0.574,0,0.025164178343141917,0.7614421213290891,4,low,long_tenure
505,9.2,53.8,0.535,3,-0.022830830225251626,0.3688362510661686,3,medium,long_tenure
506,8.2,16.6,0.537,1,0.08492883575389977,-1.3668369249713765,7,medium,new
507,8.3,53.9,0.879,0,-0.05468871616442886,-0.34790647417121817,2,medium,long_tenure
508,9.7,2.3,0.467,1,0.06120291333202342,-1.3908081634212732,6,medium,new
509,7.6,62.9,0.545,0,-0.028548247547365076,-0.7637948443634919,2,medium,long_tenure
510,16.1,17.9,0.907,1,0.08600017948738375,0.47558524267439534,7,high,new
511,13.3,25.5,0.861,0,-0.037041182490990525,-0.6227864613491472,2,high,established
512,3.6,32.9,0.528,0,0.058923363516876215,0.6222878471012339,6,low,established
513,12.8,13.6,0.932,1,0.07339408880015473,-0.3749156596163673,6,high,new
514,11.8,22.7,0.726,1,-0.03484721293977263,-0.8061428274379224,2,medium,established
515,4.8,53.6,0.761,0,-0.1643845810487898,0.718797463971486,1,low,long_tenure
516,16.2,22.4,0.99,0,-0.06267817242305325,0.8524783985331097,2,high,established
517,6.0,55.9,0.804,0,0.128422870336192,1.0352502736774714,8,low,long_tenure
518,3.2,27.5,0.373,1,-0.06070281882118615,-0.8690617190239744,2,low,established
519,17.1,20.5,0.933,0,0.03526887942361648,-0.6499403656780451,5,high,established
520,0.3,22.8,0.3,1,0.041170000401702794,-0.9209098150807161,5,low,established
521,4.7,31.5,0.424,1,-0.00827134566088557,-1.0035299481533686,3,low,established
522,10.3,43.2,0.684,0,0.05615387645645439,-2.055024337925719,6,medium,established
523,18.5,3.2,0.83,0,0.02819354253118286,-1.032028359190347,4,high,new
524,10.4,27.8,0.628,2,-0.012052924473082467,1.3039867356948758,3,medium,established
525,15.9,1.0,0.918,1,0.08719720043353461,0.5335789530934729,7,high,new
526,6.3,57.1,0.591,0,0.07996167148930762,0.7534700834650043,7,medium,long_tenure
527,4.3,17.5,0.584,0,0.1392890896538306,2.1419987469076522,9,low,new
528,9.0,37.7,0.404,2,-0.07565151377256263,-0.8731489663133347,1,medium,established
529,5.2,23.7,0.445,2,0.12476809806304476,0.4672903934705088,8,low,established
530,7.7,74.4,0.479,0,-0.04483998740202852,-0.7621635845551202,2,medium,long_tenure
531,10.5,34.6,0.647,4,0.03967608411496083,1.673907002328975,5,medium,established
532,9.1,24.6,0.538,5,-0.010780561010754296,-0.22167801814712393,3,medium,established
533,8.6,63.6,0.745,2,0.17757383138608984,-0.768655377251082,10,medium,long_tenure
534,8.3,39.8,0.446,1,0.04321709340268144,-1.272351704389477,5,medium,established
535,14.9,30.3,0.947,0,0.1847034252857264,1.085966086586496,10,high,established
536,18.7,14.4,0.66,2,0.12779128528325925,0.8838876965198864,8,high,new
537,3.7,11.2,0.658,1,0.2069102053090103,0.6526299652140357,10,low,new
538,17.3,1.0,0.881,1,0.06400707158717706,-0.45970281275158953,6,high,new
539,14.7,12.1,0.944,0,0.028724937982766565,0.6396954993177442,4,high,new
540,0.0,1.0,0.364,2,0.08903691616870407,0.2904612886998984,7,low,new
541,1.9,43.5,0.326,0,-0.02759737747652934,0.49032256214791026,2,low,established
542,8.9,38.2,0.542,5,0.1840114399119818,-1.5863909744608595,10,medium,established
543,4.8,14.4,0.451,2,0.24004940690343163,-1.0576874687608395,10,low,new
544,6.5,8.7,0.493,1,0.004926220428755701,0.45256272220686666,3,medium,new
545,18.2,28.3,0.933,1,0.1620102291175821,0.5004436178577047,9,high,established
546,3.8,48.6,0.537,0,0.21755033935710613,-0.7172875540068228,10,low,long_tenure
547,9.0,49.8,0.842,1,0.23827029654443796,-0.5484573397308175,10,medium,long_tenure
548,18.0,6.8,0.937,0,-0.041182021512486774,-0.33505573594586563,2,high,new
549,5.1,23.4,0.362,0,0.19057058100313334,-0.8407741907605233,10,low,established
550,9.4,69.4,0.687,2,-0.1757299965347796,-0.6694655886801432,1,medium,long_tenure
551,2.8,76.3,0.668,0,0.2071340032691345,-0.6526636165003148,10,low,long_tenure
552,13.3,28.5,0.881,1,0.16186802568602787,0.8521509150905613,9,high,established
553,19.7,16.0,0.868,0,0.1942040927538976,-0.2724708136381774,10,high,new
554,3.7,34.2,0.538,0,0.1290917429426019,-1.6133096721794091,8,low,established
555,22.0,7.9,0.99,0,-0.03962734916097506,-0.4089086473888567,2,high,new
556,12.5,1.0,0.676,0,0.07716771247907761,-0.5992686307349753,6,high,new
557,20.2,7.9,0.99,1,0.017765625862277177,1.3138137971888182,4,high,new
558,6.4,52.3,0.642,0,-0.05547867325279775,-0.5200764025419156,2,medium,long_tenure
559,11.3,23.4,0.616,3,-0.048123612942525804,0.3847230871046227,2,medium,established
560,7.2,50.5,0.789,0,0.09159265592302496,1.1492513244242835,7,medium,long_tenure
561,16.3,10.5,0.608,0,0.06713409058969402,0.9113512698792713,6,high,new
562,17.6,23.4,0.99,0,-0.09818179525476604,-0.9070146423018881,1,high,established
563,2.8,42.6,0.571,0,0.08233273140159142,0.5876903271555237,7,low,established
564,11.2,10.3,0.514,2,-0.04978712477828287,1.2435626051507547,2,medium,new
565,8.3,15.5,0.437,2,0.1455123546133249,-1.3230901942354159,9,medium,new
566,9.5,21.5,0.77,1,0.08860565560890207,-1.056746043162528,7,medium,established
567,0.0,31.2,0.237,1,-0.07291535415999738,0.24506039275619965,1,low,established
568,15.1,13.5,0.946,0,0.2706505646510039,-0.8077446051211774,10,high,new
569,11.4,53.3,0.753,0,-0.05039560567097746,-0.39870222726827526,2,medium,long_tenure
570,10.9,39.6,0.634,2,0.01025320515627521,-0.7473449271356029,4,medium,established
571,10.4,73.5,0.702,0,0.11665245925439903,-0.5612792300802274,8,medium,long_tenure
572,4.6,21.8,0.401,0,0.06987703416437929,-0.9567503907955912,6,low,established
573,12.5,52.2,0.691,2,0.1393199985623123,-1.7451274474240486,9,high,long_tenure
574,5.3,25.2,0.352,1,0.004129801746492334,0.29448343810111477,3,low,established
575,2.7,19.2,0.366,1,0.023793613288603733,0.34226712282678395,4,low,established
576,10.3,59.1,0.644,0,0.06605595987957222,-0.5066815182785258,6,medium,long_tenure
577,7.0,15.9,0.261,1,0.2645193255578228,-0.921755903317655,10,medium,new
578,10.7,42.1,0.653,5,0.10195382286386358,-0.6022870951924664,7,medium,established
579,3.4,25.0,0.157,4,0.03849912795750282,-0.4376115032407632,5,low,established
580,8.8,74.4,0.68,1,0.012179896230564174,-0.5390342699577472,4,medium,long_tenure
581,11.8,78.0,0.69,2,0.09592269758501203,-1.3434139139355765,7,medium,long_tenure
582,10.3,36.5,0.503,3,0.01942443738317829,0.484003018739212,4,medium,established
583,12.0,9.9,0.764,0,-0.00923987230470904,-0.44337669461647555,3,medium,new
584,6.3,74.5,0.595,0,-0.0024796533447602642,0.6326913520336754,3,medium,long_tenure
585,2.7,27.6,0.5,0,0.07731747900623877,-0.9329173462465562,6,low,established
586,7.0,62.2,0.628,4,0.031109358060720453,0.40936304522825595,5,medium,long_tenure
587,10.3,19.7,0.778,0,0.08748307339574658,0.8472982110803411,7,medium,established
588,13.1,70.4,0.652,0,-0.037220106545037566,1.0734466028562724,2,high,long_tenure
589,13.6,19.5,0.929,2,0.15145574324411143,-0.9121183624153613,9,high,established
590,13.8,14.8,0.924,0,-0.042817704868288606,0.6747618855611907,2,high,new
591,0.0,18.9,0.321,1,-0.005540281231287277,-0.9857488830927386,3,low,established
592,10.3,65.5,0.657,0,-0.042774101998334174,-0.47858243504087333,2,medium,long_tenure
593,7.8,68.3,0.741,0,-0.30103944708050684,-0.3985257184369915,1,medium,long_tenure
594,8.1,44.9,0.649,2,0.11466732783697524,0.5797868855936748,8,medium,established
595,15.2,19.7,0.945,0,0.10551535627250339,0.6017812529428814,8,high,established
596,17.6,10.4,0.99,1,-0.049006573328813155,0.4134097296792104,2,high,new
597,7.7,27.1,0.608,3,0.09870125334510724,-0.31987396302966564,7,medium,established
598,3.6,15.1,0.497,3,0.10934845429798566,-0.5123645294198385,8,low,new
599,1.0,41.9,0.338,1,0.00788737694150651,-1.0247629071127167,4,low,established
600,5.4,24.5,0.609,1,-0.0316832621570766,0.5871412678404873,2,low,established
601,8.7,73.6,0.482,0,0.09146780957913209,0.8563242770050686,7,medium,long_tenure
602,7.0,25.3,0.396,1,0.02966208030202818,0.3200376279960615,4,medium,established
603,8.5,25.6,0.481,0,0.02723514153754826,0.5800666341350158,4,medium,established
604,0.1,20.6,0.559,0,0.030119474650099887,-0.8655660906555738,4,low,established
605,6.2,12.5,0.26,0,0.10952654114548582,-0.9287948540083011,8,medium,new
606,2.8,10.4,0.441,1,0.12420885826521882,0.3296928449920561,8,low,new
607,12.4,42.7,0.422,2,0.015508691747957654,0.5976404239304776,4,high,established
608,19.7,17.4,0.904,0,0.13876400072587483,0.3898236829065245,9,high,new
609,9.1,35.5,0.446,0,-0.01049398599095644,-1.1277219356140589,3,medium,established
610,10.2,78.6,0.637,0,-0.12839089872922027,-0.4364939143799314,1,medium,long_tenure
611,10.0,26.1,0.743,2,0.0535272504002522,-0.8005624397456931,5,medium,established
612,7.9,36.1,0.727,1,0.1896848070036528,0.5705045420232981,10,medium,established
613,2.9,22.5,0.666,1,0.09126402875607557,-0.9972449358558839,7,low,established
614,2.3,8.1,0.429,0,0.08073214952261429,0.5101893951645247,7,low,new
615,17.7,13.8,0.855,1,0.0859813961725919,1.3717637743938549,7,high,new
616,8.7,29.1,0.324,0,-0.05232669573849142,-0.7970468517157498,2,medium,established
617,3.5,16.0,0.373,0,0.20255605688002024,0.4065283294572004,10,low,new
618,6.0,58.1,0.719,1,0.061801636978651805,0.9409557646505803,6,low,long_tenure
619,12.0,13.9,0.99,0,-0.08274700809811095,1.0334280430626275,1,medium,new
620,16.7,41.3,0.974,0,0.13066437219396762,-1.857708871733316,8,high,established
621,7.8,1.0,0.357,1,-0.013455009355328892,1.9276912408148752,3,medium,new
622,11.5,68.0,0.568,0,-0.2713521137005267,0.9644891357045547,1,medium,long_tenure
623,8.2,19.0,0.645,0,0.0519518116909268,0.8303795422213385,5,medium,established
624,9.1,54.3,0.548,0,0.09674146070334895,-0.6217135044880913,7,medium,long_tenure
625,4.7,18.7,0.586,0,0.0890846766718655,-0.7083018487417154,7,low,established
626,11.5,70.0,0.685,0,-0.054021218044445485,-0.4130905681065931,2,medium,long_tenure
627,1.5,30.7,0.349,0,-0.02706891993029385,-0.7434698238631641,3,low,established
628,14.8,18.2,0.77,0,0.0027191999230788536,-0.3170164512892071,3,high,established
629,13.6,44.1,0.514,1,-0.09416431474564323,-0.7804094613844763,1,high,established
630,1.6,37.2,0.476,0,-0.09020594626671204,0.450820390753143,1,low,established
631,4.4,31.8,0.33,3,0.08570677301226345,0.23709232739169203,7,low,established
632,6.2,15.4,0.601,2,0.11956121081164153,0.7257928805360379,8,medium,new
633,16.2,21.9,0.877,0,0.006308446490443443,-0.3845028420898793,4,high,established
634,11.1,68.0,0.717,0,-0.052802295724339345,-0.41949290986439375,2,medium,long_tenure
635,20.1,6.2,0.968,0,0.11783687387381232,0.43347227732531507,8,high,new
636,17.3,1.0,0.99,1,0.047434807487603876,-1.2525170872913625,5,high,new
637,12.8,6.7,0.542,5,-0.007789673168366136,-0.34621231422226934,3,high,new
638,6.5,31.8,0.602,2,0.07647423033364423,1.7731880168665963,6,medium,established
639,4.1,25.6,0.276,1,-0.06016229081715152,-0.7394986044957438,2,low,established
640,11.0,7.8,0.441,0,0.06095807504886588,-0.9276434882720876,6,medium,new
641,9.7,34.6,0.555,0,-0.05758608907901947,1.761320539134546,2,medium,established
642,1.1,23.8,0.454,0,-0.06753182880576061,-0.9015539034947837,2,low,established
643,16.0,32.2,0.99,0,-0.005854356650379442,0.6611739484725916,3,high,established
644,16.4,20.4,0.957,1,0.11623229213230256,-0.4478767943450427,8,high,established
645,10.1,18.2,0.531,3,0.011404080674075546,-0.19497608006448794,4,medium,established
646,7.9,27.5,0.48,1,0.05471675443986436,0.45908215369731087,6,medium,established
647,21.0,24.0,0.739,1,0.1339032947111943,0.6908479541626528,9,high,established
648,8.1,55.4,0.552,1,-0.0010510324192663115,0.4738489555671193,3,medium,long_tenure
649,12.0,13.7,0.456,3,0.0979439822937603,0.4958463574820352,7,medium,new
650,17.8,17.2,0.902,0,0.07666253030617837,-0.614377469993318,6,high,new
651,7.9,50.0,0.633,0,0.09530403685512528,-2.3013997417457723,7,medium,long_tenure
652,0.0,35.5,0.563,2,0.045188153641860566,0.3699756450946228,5,low,established
653,11.7,26.1,0.579,4,-0.0691558141735317,-0.5000447629432423,2,medium,established
654,17.6,36.7,0.79,1,0.14622367256749078,-1.5947609149250797,9,high,established
655,5.6,1.0,0.602,1,0.08926079634066175,0.5844282792321102,7,low,new
656,5.4,63.6,0.316,0,0.1624483679801023,0.6034890129236969,9,low,long_tenure
657,9.8,39.2,0.434,0,0.06301030627409354,-0.8199205081935164,6,medium,established
658,16.4,5.3,0.924,0,0.07184360400723312,0.7855362033302294,6,high,new
659,5.9,29.1,0.589,3,0.05184139455403079,-0.46404646709269237,5,low,established
660,4.5,57.2,0.695,0,0.16019196665176022,0.6734590130513308,9,low,long_tenure
661,17.8,7.8,0.912,0,0.1156123102126898,0.45622769184495954,8,high,new
662,6.4,24.9,0.485,0,0.17434350282920436,-0.6486419153135865,10,medium,established
663,14.7,1.0,0.834,1,0.18779422849260685,1.533086028393194,10,high,new
664,17.2,14.7,0.74,0,0.0656733609814126,-0.6800515643531954,6,high,new
665,9.8,68.2,0.635,0,-0.0626623844832681,-0.38315003126456865,2,medium,long_tenure
666,9.4,28.4,0.477,1,-0.049636230414500396,-1.29316948403159,2,medium,established
667,2.6,10.0,0.35,1,0.2063810440999027,-1.1266219101437553,10,low,new
668,7.1,34.4,0.558,0,0.09890619797848368,0.5374267947427283,7,medium,established
669,18.3,24.8,0.99,0,-0.059357303911676845,-1.2157402326252988,2,high,established
670,9.5,49.5,0.766,0,0.06864855221070743,1.0868087385970897,6,medium,long_tenure
671,13.7,1.0,0.99,1,-0.09349443072841691,1.020456128942141,1,high,new
672,5.4,19.6,0.597,1,0.019566399760842627,-1.0702704223546982,4,low,established
673,4.7,28.5,0.542,1,0.04566332536616622,0.43791957306811846,5,low,established
674,11.5,34.3,0.629,3,-0.05979795685793334,-0.35180405106988444,2,medium,established
675,11.8,40.5,0.804,4,0.18588229075315976,-1.0513215427287286,10,medium,established
676,9.6,58.1,0.539,0,-0.07868866656762381,-0.6207909248657437,1,medium,long_tenure
677,3.3,10.9,0.504,0,0.22515873405725476,-1.1245904598801637,10,low,new
678,5.8,73.0,0.501,0,0.00519105502882032,0.6357218315565231,3,low,long_tenure
679,16.0,9.4,0.975,0,0.17787942937982434,0.8048401668990721,10,high,new
680,8.0,64.2,0.451,0,0.00399094375224045,-0.6434226259421565,3,medium,long_tenure
681,19.0,1.0,0.767,0,0.1447223181737926,-0.42490941373134494,9,high,new
682,14.7,9.2,0.759,0,0.1049714531201239,1.0162183615968232,8,high,new
683,14.9,28.1,0.928,0,0.08879882693737792,0.729458275090542,7,high,established
684,13.5,53.4,0.679,1,-0.01001935121934207,1.0843147903108974,3,high,long_tenure
685,13.2,40.8,0.86,6,0.045869538445871307,1.6266063369273167,5,high,established
686,5.6,34.0,0.63,0,0.04199646789146396,0.6655462094267628,5,low,established
687,12.0,55.3,0.725,0,0.04043150340222857,-0.39492383697558436,5,medium,long_tenure
688,1.5,19.9,0.448,2,-0.015439514798787626,-0.6283769101425452,3,low,established
689,3.3,42.9,0.506,0,0.04209470595635395,0.41338160816186786,5,low,established
690,8.1,17.0,0.606,3,0.08619822879435632,0.33493288354478284,7,medium,new
691,15.8,24.1,0.99,0,0.021635017822862965,-0.4877742288667568,4,high,established
692,6.2,34.7,0.314,0,0.2163981536122771,0.5327118004070742,10,medium,established
693,16.3,7.3,0.631,1,0.05664525576148674,-1.2545350439107588,6,high,new
694,9.7,57.5,0.686,1,0.1319865878080415,-0.5722763203313852,9,medium,long_tenure
695,3.4,23.7,0.231,0,-0.09193811273198539,2.820032603375932,1,low,established
696,10.0,13.2,0.734,1,0.186729785151104,0.5745605437195014,10,medium,new
697,4.7,16.5,0.37,1,-0.007316641472335124,-0.8186779322761493,3,low,new
698,5.3,46.3,0.476,3,0.05286660116877332,-0.45833676780941424,5,low,established
699,10.3,37.3,0.887,1,0.3024656502975158,-0.9354495965330165,10,medium,established
700,16.3,14.1,0.898,0,0.2728801322248601,-1.6153446782979908,10,high,new
701,14.1,17.4,0.877,0,0.15371602160042702,-0.7386542518687111,9,high,new
702,6.9,69.0,0.722,0,-0.08918110783629132,0.7752790845381174,1,medium,long_tenure
703,14.9,25.3,0.99,0,-0.0104121349701388,-0.7805555724205688,3,high,established
704,3.8,15.3,0.555,3,0.0742438692258197,-0.5882003251992434,6,low,new
705,20.7,34.4,0.753,1,-0.002856348678280589,0.6139447991851839,3,high,established
706,14.6,46.8,0.649,4,0.018031824613478617,-0.47944819136933314,4,high,established
707,0.0,30.1,0.398,0,0.03742122720127246,0.3677947028432587,5,low,established
708,5.8,11.9,0.329,1,0.14855092890710464,0.3492498060170088,9,low,new
709,10.6,49.8,0.645,1,0.1353661322546232,0.9530835516505028,9,medium,long_tenure
710,7.4,58.1,0.441,0,-0.1802587057179901,-0.49184283203049506,1,medium,long_tenure
711,7.0,22.7,0.532,1,0.07399467652897493,-0.9484576950689193,6,medium,established
712,13.5,9.8,0.558,2,-0.07960775670490448,1.4620889060436573,1,high,new
713,0.8,27.9,0.377,0,-0.09356339448305608,0.38624352437955045,1,low,established
714,4.9,37.4,0.415,0,0.07926294311530131,-1.0419425749459872,7,low,established
715,9.8,28.9,0.412,0,-0.08825503753599445,0.5835574797213429,1,medium,established
716,12.7,7.9,0.99,0,-0.11037165181505103,0.7352287139887909,1,high,new
717,8.7,21.5,0.469,3,-0.15367702003841924,-0.4665072920766612,1,medium,established
718,14.8,19.6,0.858,0,-0.003920230625431881,0.5181066755678105,3,high,established
719,11.8,29.2,0.566,0,-0.03270055768039781,-1.7425920048169818,2,medium,established
720,7.7,27.3,0.313,2,0.11077427106971792,0.581456221633013,8,medium,established
721,8.4,69.2,0.658,3,-0.1594656955829943,-1.4354710757051956,1,medium,long_tenure
722,8.1,75.1,0.56,0,0.17742491855834452,-2.33817172656503,10,medium,long_tenure
723,11.4,2.4,0.746,1,0.10718400558080395,1.1829427442330807,8,medium,new
724,8.3,24.7,0.488,3,0.009968593447560046,0.4207236582970823,4,medium,established
725,15.0,11.6,0.99,0,-0.09658428994514376,1.0752965760204418,1,high,new
726,15.6,14.8,0.905,0,0.1118921206453646,1.3481117651884436,8,high,new
727,18.6,26.4,0.889,0,0.07253732190797252,0.576169258499979,6,high,established
728,16.5,27.7,0.886,0,0.26541508991464347,1.3731306337029925,10,high,established
729,10.7,78.8,0.583,2,-0.018039976820263894,-1.348091622779977,3,medium,long_tenure
730,9.6,67.1,0.769,1,0.11893717964958377,-1.929165906017257,8,medium,long_tenure
731,8.6,60.7,0.65,0,0.07958557272456596,1.4342453779745488,7,medium,long_tenure
732,16.8,13.0,0.66,2,0.13275863840160584,-0.8859061914221921,9,high,new
733,13.0,1.0,0.99,0,-0.07002129734304861,-0.941161369474381,2,high,new
734,7.6,78.1,0.745,0,-0.01860886430655804,-1.1883541990294137,3,medium,long_tenure
735,18.9,12.1,0.966,1,0.1764091294340614,-0.4279774349645218,10,high,new
736,6.6,37.1,0.287,0,0.1260727234833889,0.4878015631102266,8,medium,established
737,14.1,24.1,0.9,1,0.1690213297691369,0.5225357855169818,9,high,established
738,5.6,47.1,0.738,0,0.10692525000998937,0.674634309070791,8,low,established
739,8.4,50.9,0.682,0,-0.0557327576150063,-0.5143417459769718,2,medium,long_tenure
740,11.8,80.6,0.663,0,-0.07002411062729337,0.9693046182566021,2,medium,long_tenure
741,17.5,19.5,0.99,0,0.053968348010012136,0.46596887060797443,5,high,established
742,10.1,9.0,0.915,0,0.1017304841845323,-2.1055052804251426,7,medium,new
743,6.3,20.5,0.562,0,-0.030189118091217052,-1.238488792995457,2,medium,established
744,14.8,29.0,0.918,0,0.11214301590008581,0.8741436072014639,8,high,established
745,9.4,73.2,0.649,0,-0.034425369121937936,-0.5255420529181689,2,medium,long_tenure
746,7.6,44.4,0.738,0,0.12102931385402767,0.7511715928370405,8,medium,established
747,5.7,81.6,0.596,1,0.23837754057081204,0.6158788685725725,10,low,long_tenure
748,7.8,73.6,0.519,1,-0.0045559465150901675,-1.425386971897444,3,medium,long_tenure
749,3.3,20.2,0.43,1,0.07346344129471362,-1.1685011507439431,6,low,established
750,5.3,7.7,0.495,0,0.20302078381786137,2.0325377911227736,10,low,new
751,13.6,28.6,0.99,0,-0.11193117880983143,-0.6010721917713254,1,high,established
752,5.0,67.7,0.742,1,0.052607436486563526,-1.9085018907824713,5,low,long_tenure
753,18.0,1.0,0.892,1,-0.01626292325617684,-1.0367975029720298,3,high,new
754,11.0,59.2,0.621,0,-0.07069477596694856,1.2288046168257862,1,medium,long_tenure
755,10.6,68.5,0.525,2,-0.11144859612284168,1.6527915215451146,1,medium,long_tenure
756,14.2,16.2,0.927,0,0.30552356343869697,-0.45097273092632983,10,high,new
757,6.0,53.1,0.459,0,0.11965932261371527,-0.7976830463283181,8,low,long_tenure
758,2.7,9.9,0.433,0,0.2440563136228064,0.532581214739634,10,low,new
759,18.4,37.3,0.99,2,0.04953469969722999,1.1607980261527369,5,high,established
760,5.8,72.2,0.475,0,-0.0038743635655404574,-0.6403230109087079,3,low,long_tenure
761,11.4,47.9,0.607,3,-0.014137742547009858,-1.4319659178441368,3,medium,established
762,17.7,19.0,0.942,2,0.05196887795822118,-0.5698181840603284,5,high,established
763,19.3,31.0,0.956,1,0.1133635448216266,0.3829531556889924,8,high,established
764,18.9,5.8,0.794,0,0.057142891112677605,-0.3597693361020024,6,high,new
765,6.0,24.0,0.487,1,0.1280289174276707,-1.7509112386080332,8,low,established
766,12.0,19.4,0.841,0,0.07210315743780185,0.9489629199131961,6,medium,established
767,17.6,32.6,0.743,1,0.10139300414242629,-0.5976625255011618,7,high,established
768,16.3,19.8,0.99,0,0.1034014032664635,-0.30112888507434593,8,high,established
769,15.0,8.5,0.973,0,0.2174530855723686,0.6045111875356364,10,high,new
770,12.7,31.8,0.484,0,0.06589212300540047,0.7258724934441442,6,high,established
771,15.6,1.0,0.84,0,0.06638625853430298,-0.36125636781311204,6,high,new
772,7.6,3.1,0.526,5,-0.11743422886155448,0.5160128995863028,1,medium,new
773,12.0,41.0,0.409,5,0.003261227919370049,-0.39601943238176085,3,medium,established
774,3.4,17.5,0.514,1,0.17810964931562012,0.4162326175145165,10,low,new
775,14.4,12.9,0.988,0,0.027281896726321964,-0.5031351143340549,4,high,new
776,1.5,32.0,0.393,1,0.04215774884808546,0.4517567082125409,5,low,established
777,6.8,47.8,0.587,2,-0.0013721969988114721,0.44162557209740594,3,medium,established
778,14.0,22.4,0.913,1,0.136768006697299,-0.5663717649607197,9,high,established
779,6.2,45.1,0.457,0,0.034347497977558594,-1.1585996074344331,5,medium,established
780,1.7,28.0,0.282,0,0.09228941286214175,0.5814017072114253,7,low,established
781,11.0,19.6,0.954,0,0.14296304312665334,0.9580073510337727,9,medium,established
782,5.3,24.9,0.301,1,0.03762000377989383,2.5120002072622785,5,low,established
783,6.3,46.6,0.715,0,0.18765309632110122,-0.7155086917696324,10,medium,established
784,9.0,42.5,0.473,4,0.0003210083185306731,0.5973864304784933,3,medium,established
785,8.0,1.0,0.287,0,0.058350782161736,0.625994029404844,6,medium,new
786,8.2,55.0,0.637,0,0.05410933923144611,0.8921445636973654,5,medium,long_tenure
787,8.6,22.3,0.424,1,-0.044044398357857444,0.4607396434645529,2,medium,established
788,7.8,52.5,0.651,0,0.05189163627860698,0.848124016730059,5,medium,long_tenure
789,7.2,16.6,0.332,0,0.20482377523734024,0.6288291965352497,10,medium,new
790,7.5,53.1,0.612,2,0.17120340735749928,-0.9174976505719559,9,medium,long_tenure
791,16.3,29.2,0.933,0,0.19229046784726772,0.6058348354238025,10,high,established
792,5.5,53.8,0.768,1,-0.024817457022349925,0.7839121404058503,3,low,long_tenure
793,5.8,56.4,0.66,1,0.053171952971804465,1.7946068127983748,5,low,long_tenure
794,15.4,1.0,0.834,2,0.09761780742290327,1.0371271777335112,7,high,new
795,12.4,24.5,0.752,0,0.1720496014588899,-2.160403793275913,9,high,established
796,8.4,59.0,0.472,0,-0.08776301445470952,-0.6152059163195813,1,medium,long_tenure
797,15.2,1.0,0.936,1,0.11842772541394674,0.42000504320937515,8,high,new
798,16.6,17.2,0.987,0,0.16404235991500785,0.5607961594915516,9,high,new
799,1.0,27.3,0.332,3,0.11574372983803753,0.26065757403847134,8,low,established
800,10.9,42.6,0.618,2,-0.030289912690803132,-0.9218315070551263,2,medium,established
801,9.1,21.1,0.411,0,0.010152286925059234,-1.2750751521570236,4,medium,established
802,12.0,57.5,0.719,0,0.02422153315916361,1.0930913265621824,4,medium,long_tenure
803,9.6,45.8,0.525,2,-0.12437719262895036,0.645948632373933,1,medium,established
804,9.1,31.1,0.341,4,-0.013906616006731962,2.0802465938187797,3,medium,established
805,15.0,24.6,0.99,0,0.05643862800897409,-0.4426352377029564,6,high,established
806,17.3,9.5,0.928,0,0.1216691895019657,0.5078708755464403,8,high,new
807,8.4,39.3,0.532,2,-0.005517214638136543,-1.1322749432736074,3,medium,established
808,11.3,1.0,0.845,0,0.04189658929908625,0.8490938076066407,5,medium,new
809,10.2,56.5,0.643,0,-0.016908143391878225,-0.42386294211362385,3,medium,long_tenure
810,3.9,7.5,0.375,0,0.1904981480970499,-1.0416196117412424,10,low,new
811,12.0,8.7,0.797,1,-0.03843761728583357,-0.8253971772124041,2,medium,new
812,14.6,31.0,0.822,1,0.10735079823865787,0.639377814214436,8,high,established
813,3.9,14.7,0.316,0,0.08091326788721269,-1.332606359962408,7,low,new
814,9.0,39.6,0.738,5,0.23369221464824064,-0.5127886724885178,10,medium,established
815,16.1,34.2,0.906,2,0.0742501404501808,0.8435435327644384,6,high,established
816,8.2,21.7,0.678,0,0.13586631553029235,1.2356154178349321,9,medium,established
817,1.0,33.9,0.471,0,-0.022570239576932202,2.767011510553542,3,low,established
818,8.6,37.4,0.655,2,0.05814268886671685,1.631399916899404,6,medium,established
819,6.6,32.4,0.473,2,0.019713568955978405,0.3341396481444179,4,medium,established
820,19.4,25.0,0.876,0,0.12091349213331613,-0.3244235485497799,8,high,established
821,14.5,38.1,0.908,0,0.2662077391026578,0.9694448008650863,10,high,established
822,8.1,23.4,0.52,0,-0.030429865093109427,1.9199643265376947,2,medium,established
823,18.8,4.5,0.849,0,0.08855331718587278,-0.5683271031525715,7,high,new
824,12.6,18.8,0.636,1,-0.0026729935298344686,-0.9740806642096727,3,high,established
825,8.5,33.9,0.478,0,0.05761184366066029,-0.7309068304888471,6,medium,established
826,11.6,29.6,0.753,0,0.013141694765970675,-0.6266168278689226,4,medium,established
827,10.3,24.6,0.621,2,-0.005221573917225522,-1.2480788687254454,3,medium,established
828,16.7,1.0,0.961,0,0.0835184382426119,1.4186669472055324,7,high,new
829,4.4,13.9,0.365,1,0.0749941507050269,-0.9849240062712358,6,low,new
830,16.2,22.6,0.824,1,-0.016231735887576103,-0.4275531363741766,3,high,established
831,12.5,30.2,0.639,1,0.1015725491535679,0.5397834983253311,7,high,established
832,11.8,33.2,0.307,1,-0.07947778065053743,1.6035193886226313,1,medium,established
833,10.4,55.7,0.64,0,0.05329368475602798,-1.651801501791077,5,medium,long_tenure
834,9.6,43.2,0.77,1,0.0403065627465847,0.628381712301965,5,medium,established
835,10.6,26.1,0.144,0,0.0029886836572720265,0.5403244824180373,3,medium,established
836,7.9,38.0,0.681,2,0.21368664464771078,1.6007607873883176,10,medium,established
837,0.1,23.9,0.49,1,0.06760054492418352,-0.9422219443671432,6,low,established
838,3.8,28.3,0.272,1,0.15169597884137506,0.4034881725097435,9,low,established
839,8.2,67.5,0.697,0,0.043903455454329186,-0.41338983490378334,5,medium,long_tenure
840,11.5,50.9,0.75,2,0.1418501048440947,-0.7093862927313027,9,medium,long_tenure
841,14.6,20.5,0.771,0,-0.04442154568818525,-0.8319786402996023,2,high,established
842,5.8,31.5,0.352,2,0.18657336804996563,-1.1684169249793328,10,low,established
843,5.0,44.9,0.593,3,-0.029134486600619843,0.35685240156499376,2,low,established
844,10.9,67.0,0.748,2,-0.12074297416782154,-0.9240954828465051,1,medium,long_tenure
845,16.2,4.4,0.84,2,-0.02140706307496279,1.079953799569941,3,high,new
846,3.7,12.3,0.425,2,0.18629783528414906,-0.8686149110868,10,low,new
847,13.8,56.8,0.567,0,0.039137547345252016,-0.8536246957317516,5,high,long_tenure
848,11.9,33.3,0.593,2,0.050380156470476584,0.6129891034915937,5,medium,established
849,13.2,14.5,0.99,1,-0.07806579029619028,0.49803706468910025,1,high,new
850,4.2,8.5,0.442,1,0.07487516410612519,-0.9959562180543574,6,low,new
851,23.4,2.4,0.861,0,0.11133440860936274,-0.33064633362574675,8,high,new
852,21.3,1.0,0.896,0,0.22488220019344193,-0.3605204968336164,10,high,new
853,7.0,1.0,0.342,2,0.07692843608326173,1.8603897884621747,6,medium,new
854,0.0,20.4,0.321,1,-0.01718060131438405,-0.9173950993589544,3,low,established
855,19.6,43.8,0.99,1,0.006965310726426586,-1.4809810277167035,4,high,established
856,6.3,83.6,0.82,1,0.07434824682344378,1.7726304431259923,6,medium,long_tenure
857,8.1,10.3,0.233,1,0.16564070333947867,-1.138611250777008,9,medium,new
858,2.5,23.8,0.494,1,0.09538473307145878,0.30738534517135657,7,low,established
859,9.3,44.4,0.734,2,0.08247462015875488,0.7183263072504922,7,medium,established
860,6.3,46.3,0.507,0,0.10397715538721511,-0.7569210288369486,8,medium,established
861,3.5,7.6,0.378,2,0.12090904497534519,-0.7227065669221112,8,low,new
862,6.2,19.3,0.367,0,-0.12400582343839543,0.4780961111197168,1,medium,established
863,0.9,19.8,0.639,1,0.05083162267430806,-0.937955016141115,5,low,established
864,15.4,34.0,0.772,2,0.0415546455000214,1.0474878489988977,5,high,established
865,13.2,24.0,0.799,0,0.06042021002188885,-0.5558054835881143,6,high,established
866,1.6,18.0,0.269,0,0.06515939065782993,0.40139858641103004,6,low,new
867,6.2,22.4,0.515,0,0.015166937991132895,0.371263563390281,4,medium,established
868,8.0,8.9,0.49,0,0.017798089085273507,0.5601154008580778,4,medium,new
869,15.1,1.0,0.99,0,-0.11201779149964475,0.6671305456484155,1,high,new
870,13.1,1.0,0.784,0,0.09968369824969738,-1.470088138289512,7,high,new
871,2.0,29.8,0.51,1,0.010985152982270353,-1.035212625924463,4,low,established
872,13.2,11.9,0.82,0,0.01302782288202081,-0.35850106354017625,4,high,new
873,5.3,1.0,0.499,2,0.1604889251983244,0.5437788527250088,9,low,new
874,7.8,61.2,0.636,0,0.031237315126233595,0.7940082606250501,5,medium,long_tenure
875,10.1,16.0,0.799,4,0.013459583887648856,1.1044132335390726,4,medium,new
876,5.5,41.9,0.479,0,-0.14909292644887748,0.4282044869501218,1,low,established
877,10.2,55.1,0.605,1,-0.23723310100180683,-0.6350569352019062,1,medium,long_tenure
878,6.9,70.2,0.655,1,-0.1329910111231352,1.6051167174234504,1,medium,long_tenure
879,7.0,44.1,0.579,2,0.19149629177796895,-1.1429234654373595,10,medium,established
880,9.4,19.5,0.463,1,0.07701279187690532,-0.5632303001808607,6,medium,established
881,7.9,62.9,0.852,0,0.12076554181134071,1.5492134415573924,8,medium,long_tenure
882,9.7,37.6,0.766,3,0.15280878867854453,-1.1044356011101328,9,medium,established
883,2.6,23.4,0.411,2,-0.061830266624150136,0.27242827579881235,2,low,established
884,9.7,66.3,0.717,0,-0.08586636496958594,-0.40205013646462623,1,medium,long_tenure
885,12.8,1.0,0.99,0,0.08836260570228952,0.8219373630430573,7,high,new
886,6.8,68.6,0.776,0,0.05552569301349099,1.699843001281132,6,medium,long_tenure
887,11.0,56.2,0.606,0,0.032079089194115465,0.9699940344279286,5,medium,long_tenure
888,12.9,20.2,0.89,0,0.1591856540509845,0.8886696867064162,9,high,established
889,18.8,27.0,0.711,2,0.05333362050758277,1.1921218782396203,5,high,established
890,5.2,39.0,0.675,1,0.17322590079241326,-1.0106311355616056,10,low,established
891,3.7,66.2,0.777,1,0.0430507265494694,-0.617172480215576,5,low,long_tenure
892,0.5,29.7,0.567,2,-0.05658647824712468,0.34506139768581257,2,low,established
893,16.3,24.3,0.977,1,-0.08190336446141995,0.7043053316247685,1,high,established
894,18.0,33.9,0.939,0,0.12792870726263295,-0.4544200057902566,8,high,established
895,8.0,21.6,0.32,1,0.07034452701567188,-0.7192450342548565,6,medium,established
896,7.8,24.0,0.465,0,0.022827653297381484,0.4308294928716886,4,medium,established
897,18.3,27.2,0.831,0,0.11466978642555176,1.4246649171067602,8,high,established
898,13.8,10.1,0.958,1,0.25887372268319964,-0.5152644812229118,10,high,new
899,13.7,1.0,0.816,0,0.1087139551581346,-1.5211884911848264,8,high,new
900,11.1,36.9,0.647,2,0.13939060151110658,-0.6970410066626327,9,medium,established
901,11.8,59.5,0.786,0,0.02795800521411405,-0.4235404815968048,4,medium,long_tenure
902,13.2,1.5,0.941,0,-0.054095314153626006,0.9857033351249604,2,high,new
903,19.5,22.0,0.936,1,0.05010881849700669,0.8524231902641046,5,high,established
904,2.8,79.2,0.74,0,0.17140755512733366,0.6555867984060534,9,low,long_tenure
905,5.6,2.4,0.625,1,0.20032901533888353,0.48626121928654925,10,low,new
906,8.7,43.3,0.578,2,-0.10952962906552192,0.3787298368470138,1,medium,established
907,7.4,31.6,0.697,0,0.14425925804510575,1.208856916824777,9,medium,established
908,16.1,11.2,0.99,1,-0.10375501432041784,0.7894656584962937,1,high,new
909,13.7,38.1,0.974,1,0.14060156830337264,1.0449352203606657,9,high,established
910,17.2,12.1,0.68,0,0.20792353884606166,-0.8023253266266079,10,high,new
911,4.7,23.1,0.351,3,0.13441165219616746,0.49669885853469187,9,low,established
912,7.0,31.2,0.513,0,-0.07082974522257825,-0.8761425939004792,1,medium,established
913,8.8,1.4,0.386,1,0.1248294564488415,0.44834168888904846,8,medium,new
914,4.8,22.9,0.588,1,0.02333531308936433,-1.0582742724233263,4,low,established
915,2.3,22.8,0.634,1,-0.005818541954765285,-1.1291891791579682,3,low,established
916,1.4,44.3,0.365,1,-0.020208032986462603,-0.7955075077266188,3,low,established
917,20.6,1.2,0.786,0,0.10044638673110404,-0.6822030331506527,7,high,new
918,20.2,11.4,0.86,0,0.053862637387027575,-0.46564088780343665,5,high,new
919,10.4,50.9,0.594,2,0.005536864851274881,1.5082609368736575,3,medium,long_tenure
920,9.2,18.6,0.759,2,0.04887808746582885,0.8300253584921825,5,medium,established
921,18.2,29.5,0.786,0,0.05598286347041171,-0.4776916718918317,6,high,established
922,8.0,22.3,0.512,1,-0.025139576050903122,1.8072967002206068,3,medium,established
923,7.3,24.3,0.743,1,0.07907758406786779,-0.6716462615873808,7,medium,established
924,9.1,24.8,0.68,1,0.051927525982430736,1.4527138089491503,5,medium,established
925,13.0,9.2,0.948,0,-0.0402746818479325,-0.6608689619925343,2,high,new
926,15.7,10.3,0.882,0,0.11781479968388835,-0.4915094591947564,8,high,new
927,20.2,1.0,0.99,0,0.10943667673313846,0.43840522600235815,8,high,new
928,7.4,18.9,0.403,0,-0.06471059610081907,-0.752346583413168,2,medium,established
929,9.4,26.7,0.694,5,0.029618816169136312,0.4401605699317822,4,medium,established
930,0.0,12.9,0.413,0,0.15929035741681807,0.3616424054949945,9,low,new
931,14.2,17.9,0.697,1,0.08161637070833755,-0.4205674840254533,7,high,new
932,8.3,64.9,0.61,0,0.19468817624193108,0.9455356039613212,10,medium,long_tenure
933,7.4,55.3,0.623,1,0.09270067263959501,-1.4225202937379393,7,medium,long_tenure
934,4.6,20.3,0.414,1,-0.0591367116411534,0.34444113998640713,2,low,established
935,5.2,47.9,0.357,0,0.024867447899462956,0.41052808615417835,4,low,established
936,14.6,41.4,0.969,0,0.056146636277923406,0.7316634013692251,6,high,established
937,4.5,9.4,0.511,1,0.04004673346244233,2.0710425341203713,5,low,new
938,15.6,5.0,0.866,0,0.034356363645208124,0.8314568885261846,5,high,new
939,2.6,9.3,0.395,1,0.2313323325715128,0.44524005817799595,10,low,new
940,21.0,28.7,0.784,0,0.14517385990563242,-0.34783678296030246,9,high,established
941,14.7,11.2,0.928,0,0.25815112290440095,-0.3870695455041735,10,high,new
942,0.0,24.9,0.582,1,0.060745426083399036,-1.7366749680004374,6,low,established
943,20.8,40.0,0.99,0,-0.036683525412167434,0.4513497391651552,2,high,established
944,5.7,61.9,0.574,0,0.06305554205252036,1.7485843312515246,6,low,long_tenure
945,10.4,70.5,0.859,0,0.0042260681347377005,-0.2936922592847271,3,medium,long_tenure
946,14.2,22.2,0.86,1,0.0328871267914331,0.7981670527777927,5,high,established
947,10.5,23.9,0.478,3,-0.045847377270504926,-1.3637914530820192,2,medium,established
948,4.4,34.7,0.28,0,0.03389374556825455,0.42583753800938784,5,low,established
949,7.2,11.8,0.312,1,0.0013891279275355369,2.2212978706495723,3,medium,new
950,7.4,78.1,0.677,0,0.03989856877539135,0.8866766720319826,5,medium,long_tenure
951,7.2,24.0,0.562,2,0.03658197591884236,0.3947808892617438,5,medium,established
952,16.7,10.3,0.83,0,0.2040929691448099,-0.3602631368947749,10,high,new
953,15.0,2.9,0.807,2,0.007802844798186838,-1.196089416830714,4,high,new
954,10.8,4.9,0.781,0,-0.05953435650380908,0.8655568764682191,2,medium,new
955,2.9,16.9,0.332,1,0.18247730066347584,-0.8257308502448139,10,low,new
956,12.2,1.0,0.542,0,0.04928269133841638,-1.025923157379507,5,high,new
957,0.0,19.2,0.628,1,0.18199034622644517,0.5848143552137206,10,low,established
958,8.7,55.9,0.845,1,0.08056878309577249,-0.622638562816261,7,medium,long_tenure
959,7.3,71.5,0.716,0,0.04433165801027229,0.8726085513172853,5,medium,long_tenure
960,14.0,36.1,0.536,2,-0.06412671490546742,-0.7132822775923594,2,high,established
961,6.0,22.5,0.517,3,-0.0705356848996146,-0.43753617821953394,1,low,established
962,8.3,56.5,0.723,1,-0.20340253616706463,-0.4767320129305449,1,medium,long_tenure
963,17.9,13.2,0.873,0,0.0031878585860547247,-0.3984175157865074,3,high,new
964,15.5,33.8,0.945,0,0.22439981374187273,-1.8411835108219385,10,high,established
965,2.4,12.1,0.642,1,0.21241893591384006,2.089653966626615,10,low,new
966,7.9,53.4,0.664,0,0.1594631037330345,-0.4769428176240256,9,medium,long_tenure
967,3.7,8.5,0.681,1,0.21800283785992497,0.6586249293973394,10,low,new
968,15.2,1.0,0.776,1,0.1424804655821604,-1.2574950423629714,9,high,new
969,11.5,34.7,0.639,3,0.12064754687533293,-0.436627043245598,8,medium,established
970,17.1,18.4,0.935,0,0.037404251169985116,0.8544850386941267,5,high,established
971,17.5,31.4,0.792,1,0.14292149918402194,1.354807442328544,9,high,established
972,16.9,28.5,0.988,1,0.08260713121143289,0.6509233417026651,7,high,established
973,18.6,44.8,0.99,0,-0.09474466409717054,-0.5900569905725878,1,high,established
974,8.0,21.1,0.672,1,0.21791807747417727,-0.847045989309635,10,medium,established
975,7.2,58.9,0.685,0,-0.05133585485003348,0.8505245047212737,2,medium,long_tenure
976,11.2,15.4,0.381,1,0.0974381294361078,-0.6127580297232731,7,medium,new
977,4.5,70.4,0.692,0,0.0500458183268237,0.7906675443517387,5,low,long_tenure
978,1.9,63.4,0.722,0,0.20470461844999116,0.690663852027571,10,low,long_tenure
979,13.9,38.8,0.564,4,-0.05784193451398436,0.77935626611662,2,high,established
980,15.1,2.3,0.924,0,0.06425566095274937,1.1869570967616108,6,high,new
981,5.2,26.2,0.377,0,-0.0364128366289739,0.35573336777890957,2,low,established
982,1.2,24.5,0.415,2,0.006344861600268906,-0.7133146037141525,4,low,established
983,1.1,23.7,0.542,1,0.08881655256322321,-0.6645652581467514,7,low,established
984,6.1,53.8,0.793,2,-0.011521056460900228,1.616514828181607,3,medium,long_tenure
985,17.7,30.3,0.76,0,0.11272807172914134,-0.5105329816504878,8,high,established
986,3.1,46.6,0.374,0,0.06171844610223281,0.42975776957024164,6,low,established
987,7.1,48.7,0.465,0,-0.008240094982845962,-2.5336008883655916,3,medium,long_tenure
988,14.0,24.6,0.99,0,0.06902958203621788,0.6007251321315751,6,high,established
989,11.1,27.5,0.736,0,0.11734698355974348,-0.5905129368243258,8,medium,established
990,6.8,30.0,0.21,2,0.16238542959987792,-0.7843341575269691,9,medium,established
991,7.7,8.6,0.583,2,0.11490605633843233,-1.011540651455727,8,medium,new
992,6.3,15.7,0.399,0,0.30127389638299834,-0.6781183801976023,10,medium,new
993,3.8,6.2,0.347,0,0.004217859394206192,0.45927189658960155,3,low,new
994,15.1,13.4,0.99,1,-0.002570540780868586,-1.1545727917755209,3,high,new
995,4.4,32.1,0.541,2,0.12295767938390417,-0.9546838069497499,8,low,established
996,9.7,39.7,0.67,2,0.0401405802706704,1.4112628678137158,5,medium,established
997,6.6,26.7,0.519,1,-0.013988444750378625,-0.43042556190980635,3,medium,established
998,17.4,9.8,0.83,0,0.07429603697589615,-0.3549537911816259,6,high,new
999,11.2,41.0,0.435,0,0.08145198757586958,1.8241658199483464,7,medium,established
1000,16.5,21.2,0.85,1,-0.05634521542059705,-0.4330215618713753,2,high,established
1001,16.1,1.9,0.899,2,0.047259347952062825,1.5312135090073058,5,high,new
1002,7.8,56.3,0.701,1,0.08860992655692192,-0.6690285179033263,7,medium,long_tenure
1003,17.3,34.7,0.731,0,0.08664989088155407,-0.7989291681484161,7,high,established
1004,11.7,24.6,0.817,0,0.1335102803469551,1.0116384714642113,9,medium,established
1005,13.6,20.0,0.586,1,-0.10873745147914321,0.7403393708109849,1,high,established
1006,10.6,58.8,0.812,0,0.11371043285999116,-0.6172309563933172,8,medium,long_tenure
1007,2.8,19.2,0.523,1,0.15585820052644495,0.46509645087600715,9,low,established
1008,8.1,55.5,0.64,2,0.03305514877796587,1.4793480699436266,5,medium,long_tenure
1009,3.0,1.5,0.474,1,0.1968577483340229,0.46289656439059806,10,low,new
1010,8.8,53.9,0.629,0,0.11973928393493774,-0.576937301536679,8,medium,long_tenure
1011,9.2,47.7,0.708,1,0.11165225576410225,-0.9967095991837619,8,medium,established
1012,9.6,26.4,0.638,4,-0.010906557478472637,-0.23197782085505964,3,medium,established
1013,5.2,60.8,0.781,0,-0.02125564214533519,0.6949501966906533,3,low,long_tenure
1014,3.2,23.7,0.281,0,-0.04378994576972033,0.3406352412728162,2,low,established
1015,11.1,88.6,0.551,0,-0.03581214972149879,-0.47483699679205066,2,medium,long_tenure
1016,14.6,16.1,0.93,0,0.1824760213314116,-0.37720682427514984,10,high,new
1017,1.9,44.1,0.644,1,0.12919008724697223,-0.8937703311221169,8,low,established
1018,4.1,14.8,0.694,0,0.2384120956863402,0.6546356273288094,10,low,new
1019,22.5,12.9,0.701,1,0.030234410752900433,0.6924503971596192,4,high,new
1020,10.3,62.2,0.636,0,-0.05374788050470328,0.6953357197991508,2,medium,long_tenure
1021,2.9,12.7,0.421,0,0.22266107545451702,-0.8307886235231862,10,low,new
1022,4.4,19.6,0.456,0,0.02559193926793342,0.5261590397939336,4,low,established
1023,6.3,32.7,0.621,0,0.015140506217824014,1.5972821211324133,4,medium,established
1024,4.3,21.4,0.686,1,0.18296711810912614,0.5330862081111243,10,low,established
1025,6.7,31.0,0.414,1,0.040157318077438005,0.2986264401012689,5,medium,established
1026,9.1,70.5,0.809,1,-0.03830476731493746,-0.4648624708516971,2,medium,long_tenure
1027,8.8,12.1,0.596,0,0.14795465421309414,0.5564295603570707,9,medium,new
1028,6.8,75.1,0.669,2,0.045675097632889766,0.7053496180788251,5,medium,long_tenure
1029,8.7,22.9,0.252,1,-0.06016724650254545,-1.0028634963080867,2,medium,established
1030,6.0,60.0,0.623,0,0.12836291327491295,-0.4353942856450338,8,low,long_tenure
1031,0.0,6.9,0.642,3,0.09260662081172139,0.3910005574845925,7,low,new
1032,11.0,26.5,0.7,5,-0.05114720732553396,0.5944000269394712,2,medium,established
1033,9.5,66.5,0.445,1,-0.21463903750595062,2.0234033922825483,1,medium,long_tenure
1034,6.5,42.9,0.345,3,0.11662791652015206,-0.7687609728065974,8,medium,established
1035,9.9,68.8,0.761,1,-0.05586792507480704,-2.3279008819288585,2,medium,long_tenure
1036,9.5,44.5,0.755,5,-0.046935039159186474,-1.4423821723172776,2,medium,established
1037,7.3,47.5,0.687,0,0.16219334444015107,0.8549167796730524,9,medium,established
1038,7.4,60.5,0.766,0,0.12015182843280757,-0.4331639703410775,8,medium,long_tenure
1039,6.8,76.6,0.69,1,0.2191770972236495,-0.6877302733279396,10,medium,long_tenure
1040,14.9,5.3,0.99,0,0.012186777017245992,-1.4513509283274306,4,high,new
1041,11.1,27.6,0.916,0,0.11882736209699106,1.1188092647650887,8,medium,established
1042,5.7,39.8,0.643,1,0.05897478468173822,-1.0136781403255888,6,low,established
1043,8.6,34.3,0.456,2,-0.0030410064844229156,-1.2020623576407468,3,medium,established
1044,2.9,27.1,0.669,3,0.15814708881200157,-1.2741401751921757,9,low,established
1045,10.6,4.2,0.762,0,0.13692381273883542,-1.5913845967191431,9,medium,new
1046,7.1,83.3,0.719,0,0.10293380723416877,-0.6055341091123714,7,medium,long_tenure
1047,15.7,23.6,0.852,0,0.01770261740462766,-1.5100584874472078,4,high,established
1048,3.7,26.1,0.471,2,0.08107020744198454,-0.7354862771932533,7,low,established
1049,0.0,17.0,0.325,1,0.025163960474762912,-0.8866628292794688,4,low,new
1050,20.2,16.5,0.845,1,0.11151551190709014,-0.4429011032527528,8,high,new
1051,5.1,33.0,0.63,4,0.10162444630637431,0.37319210494848476,7,low,established
1052,13.8,20.8,0.983,0,0.01910738589342498,-0.4129824641682901,4,high,established
1053,12.6,24.8,0.99,1,-0.047317860318239445,0.6158571895523579,2,high,established
1054,19.5,6.6,0.773,0,-0.11099283448509185,-0.5307782017012368,1,high,new
1055,17.1,1.0,0.735,0,0.08650996628104339,0.9014479139670395,7,high,new
1056,7.7,32.0,0.483,0,0.07478440519241673,-0.6250293975184029,6,medium,established
1057,3.0,1.0,0.313,0,0.18134419055745443,0.3989076055760225,10,low,new
1058,16.5,12.1,0.99,0,0.17762754280617998,0.7537532376455272,10,high,new
1059,5.6,24.9,0.737,2,0.07160089447830983,-0.8048825129014718,6,low,established
1060,10.0,36.9,0.48,4,0.09612821804913821,0.4172951934187219,7,medium,established
1061,3.0,45.8,0.618,2,0.028920527003389953,0.469228287928718,4,low,established
1062,10.4,7.7,0.731,0,0.13745103970274808,0.9540169469129126,9,medium,new
1063,17.3,43.3,0.721,1,0.06528109691918525,0.9052350623445612,6,high,established
1064,7.4,28.2,0.477,3,-0.08783629420358825,-0.39974930640205564,1,medium,established
1065,2.5,66.2,0.457,0,-0.01754515984958421,0.5718760529789242,3,low,long_tenure
1066,3.8,5.0,0.42,0,0.13728407726260344,0.7309646188519632,9,low,new
1067,4.1,74.0,0.642,3,0.1036166368655703,0.5415239315173872,8,low,long_tenure
1068,9.2,31.5,0.592,0,-0.007105840654992237,0.610971317428742,3,medium,established
1069,15.3,15.3,0.677,0,0.007694996511689061,0.7125570956556622,4,high,new
1070,6.4,38.8,0.483,0,-0.035438681806443,0.6893435363456553,2,medium,established
1071,1.0,22.9,0.459,0,0.13722117278573287,2.2341057006948404,9,low,established
1072,12.2,41.1,0.658,3,-0.02420948849206557,-1.4301651093294887,3,high,established
1073,6.8,59.2,0.418,0,0.01987948972272143,-0.6164789841531904,4,medium,long_tenure
1074,10.9,36.1,0.289,1,0.0002070793969439642,-1.113598245022762,3,medium,established
1075,4.6,35.6,0.542,0,0.05004139215264269,0.5512589033618851,5,low,established
1076,8.9,54.3,0.505,0,0.09506220083023655,-0.6738012625975852,7,medium,long_tenure
1077,9.1,50.1,0.588,1,0.023479786441558948,-0.8307695794390101,4,medium,long_tenure
1078,8.9,62.5,0.495,1,0.004381614743671828,1.559233385948376,3,medium,long_tenure
1079,12.0,31.6,0.681,4,0.08663332824512067,-0.8212036913041978,7,medium,established
1080,11.0,63.2,0.418,0,-0.08345835112310687,0.8837835503178377,1,medium,long_tenure
1081,11.2,16.8,0.867,2,0.24044156907392122,0.860603571887262,10,medium,new
1082,6.8,1.0,0.533,2,0.09384599537870127,0.584695834606664,7,medium,new
1083,5.8,19.8,0.497,0,-0.034259064543146124,0.39612295149687893,2,low,established
1084,4.6,5.6,0.379,0,-0.06856982013970957,0.4184975552682757,2,low,new
1085,9.1,41.5,0.353,1,0.031015433779345986,-0.966436188699066,5,medium,established
1086,9.2,41.0,0.404,3,-0.08202896429525604,0.38146333025654355,1,medium,established
1087,6.9,32.2,0.288,3,0.020116437575155858,0.43965571277768845,4,medium,established
1088,3.0,19.1,0.419,1,-0.0132000563364077,0.37088470817420277,3,low,established
1089,4.8,49.9,0.631,1,0.08381697810975137,-0.7147970041599985,7,low,long_tenure
1090,10.0,54.1,0.594,0,0.0008926267378326858,-0.6283518820609753,3,medium,long_tenure
1091,19.7,39.3,0.99,0,0.030574072662953526,-0.42110496171653733,4,high,established
1092,3.5,22.7,0.472,2,0.0339259655851346,-0.49337055322890855,5,low,established
1093,18.9,1.0,0.713,0,0.21391109642682243,1.3327684478365014,10,high,new
1094,15.3,28.4,0.842,1,0.11309525272011067,1.0104327645923528,8,high,established
1095,4.1,49.0,0.604,3,-0.015716175153160702,0.3713495239043768,3,low,long_tenure
1096,9.3,81.9,0.628,2,-0.10677344234238874,0.8113007839856177,1,medium,long_tenure
1097,18.5,28.5,0.883,1,0.1555667748407272,0.3983533202588936,9,high,established
1098,3.6,36.4,0.306,1,0.08035442586078366,0.31410089967015753,7,low,established
1099,1.6,22.6,0.322,0,0.06363361983285123,-0.8312286874409625,6,low,established
1100,20.6,1.0,0.846,0,0.19082232974502053,-0.6819275556910159,10,high,new
1101,14.2,16.3,0.838,1,0.011856727479267736,0.8247193762441992,4,high,new
1102,11.1,69.5,0.761,0,-0.09123847414674444,-0.4770798343343441,1,medium,long_tenure
1103,0.4,20.4,0.459,0,0.10178216974908662,0.33902223150102884,7,low,established
1104,5.6,19.8,0.371,1,0.14270392401476614,0.4941378703500139,9,low,established
1105,17.0,4.4,0.99,1,0.011185391974823166,-0.5844043853771653,4,high,new
1106,6.9,10.0,0.479,3,0.08928701923408115,0.4167232663861669,7,medium,new
1107,20.0,38.1,0.751,0,0.12273294367284625,-0.5064260154176843,8,high,established
1108,5.8,84.5,0.283,0,0.07377977382629605,-2.5399322356253635,6,low,long_tenure
1109,5.9,22.0,0.284,0,0.031132414328784705,0.4561271772106026,5,low,established
1110,12.3,19.4,0.965,0,-0.033662009225652746,-1.3388357516723914,2,high,established
1111,12.3,4.2,0.99,0,0.06666116934845841,-1.4896256707659585,6,high,new
1112,6.4,69.7,0.457,2,-0.0015661653252003048,-0.7429485480823639,3,medium,long_tenure
1113,10.1,52.1,0.662,3,0.0029429673589393963,1.3371786213324723,3,medium,long_tenure
1114,9.0,3.6,0.498,1,0.07390232866392538,1.188530144663859,6,medium,new
1115,9.5,27.6,0.583,0,0.09018873870211683,-1.078004073005632,7,medium,established
1116,15.0,22.5,0.99,0,0.07970880235417371,-0.466139643433364,7,high,established
1117,16.8,22.3,0.99,0,-0.05717442041822495,0.835219650874452,2,high,established
1118,7.0,41.7,0.484,0,0.09879235031764778,0.6214576348126979,7,medium,established
1119,18.1,40.4,0.95,1,0.043788062942292406,1.3596764619216108,5,high,established
1120,4.0,19.2,0.393,0,0.025692984283475506,-0.9162361581197966,4,low,established
1121,9.2,39.1,0.68,4,0.16871788708032798,-0.47100047297367476,9,medium,established
1122,15.7,17.0,0.753,0,-0.03325118042265191,-0.6680871991187828,2,high,new
1123,3.9,14.4,0.415,0,0.3382148550075642,-1.4681771191238888,10,low,new
1124,15.1,19.2,0.959,0,-0.05539153844268903,-1.831188099691646,2,high,established
1125,7.7,70.1,0.795,0,-0.06002531150687728,0.9866622073560645,2,medium,long_tenure
1126,7.9,33.6,0.537,5,0.07778254265317074,0.444986466584018,6,medium,established
1127,4.9,51.4,0.746,0,0.20736184605467983,0.9799852676017247,10,low,long_tenure
1128,11.3,25.4,0.568,2,0.054814254462177095,0.6646083245450792,6,medium,established
1129,10.4,25.5,0.699,3,0.12413153068132095,0.41817842075393896,8,medium,established
1130,9.6,11.9,0.342,0,0.003988303679754342,0.6159574131760746,3,medium,new
1131,5.5,25.8,0.51,1,-0.03175405609598525,-1.0965045501374848,2,low,established
1132,6.9,67.0,0.63,0,-0.01034812699467002,1.5470331078884276,3,medium,long_tenure
1133,14.3,27.8,0.77,1,0.076312130789431,0.9569699160093715,6,high,established
1134,4.6,11.7,0.413,1,0.117057941074941,0.37415488443322525,8,low,new
1135,6.0,15.1,0.575,1,0.08821815265800775,0.6081495586185741,7,low,new
1136,7.3,80.7,0.528,0,0.06367228126888418,0.712793547367002,6,medium,long_tenure
1137,4.0,60.0,0.477,0,0.04169489353681092,-0.522494572944119,5,low,long_tenure
1138,6.0,62.4,0.684,1,-0.07358138955057472,0.689781418480381,1,low,long_tenure
1139,16.0,13.9,0.715,1,0.14672306048796183,-1.077598721827464,9,high,new
1140,11.0,44.6,0.762,4,0.13712365530134654,-0.7634186224546657,9,medium,established
1141,4.0,76.1,0.809,2,0.08417323781711285,-1.705726032463582,7,low,long_tenure
1142,5.2,35.4,0.544,1,-0.12622722145821136,0.36676401765150535,1,low,established
1143,5.1,22.3,0.429,2,0.021493920332594025,0.44376980976617464,4,low,established
1144,3.3,11.5,0.613,0,0.11649749666396228,0.49475207658927267,8,low,new
1145,6.4,85.1,0.788,1,0.10126424673093871,0.8652091464845034,7,medium,long_tenure
1146,6.0,72.3,0.581,0,-0.07853742388386736,0.651557317914701,1,low,long_tenure
1147,4.9,16.5,0.588,1,0.024611515193974642,1.9680626799594922,4,low,new
1148,7.5,39.1,0.33,0,0.1346252392590315,-0.8209553563212297,9,medium,established
1149,11.2,55.6,0.618,1,0.09491997015671658,0.8497114114469709,7,medium,long_tenure
1150,1.5,38.9,0.233,1,0.146244662250818,-0.9921993265534486,9,low,established
1151,15.5,33.7,0.916,1,0.11372766621485399,-0.4806633268271677,8,high,established
1152,0.0,10.9,0.398,0,0.05309041406131376,2.7506649666112626,5,low,new
1153,16.3,23.0,0.85,0,-0.02444225495213872,-0.3691070124774773,3,high,established
1154,17.6,25.4,0.882,1,0.08999218592336079,-0.5013053728607615,7,high,established
1155,13.2,62.4,0.526,3,-0.10414275336802789,-1.1689643864257242,1,high,long_tenure
1156,11.2,7.1,0.905,1,0.06665720525589144,-1.6164016482154744,6,medium,new
1157,13.1,33.2,0.99,0,0.1625794080543787,1.2180697850509619,9,high,established
1158,16.4,16.2,0.783,0,0.017585597306158315,-0.6689402141253751,4,high,new
1159,3.6,47.1,0.735,2,0.21189919218565656,0.8264775287166664,10,low,established
1160,5.0,20.6,0.454,0,-0.07146646719188027,0.3658291107947125,1,low,established
1161,17.7,16.0,0.941,0,0.05116385571247198,-0.37168024683072787,5,high,new
1162,5.5,18.3,0.587,2,0.20469335993654228,-0.7842300915584571,10,low,established
1163,4.9,25.7,0.351,1,0.0786746652461481,-0.6825744641381878,7,low,established
1164,12.7,27.5,0.949,0,0.16320404386659126,0.6154026768742709,9,high,established
1165,19.7,18.9,0.957,0,0.03270175175583509,0.38338632292745545,5,high,established
1166,5.1,15.5,0.342,0,0.12132794133025972,-0.8538588729156046,8,low,new
1167,2.8,20.2,0.283,1,0.07247347893955783,2.787094213565299,6,low,established
1168,5.7,30.9,0.599,2,0.03949533039829,0.5702952632973814,5,low,established
1169,5.6,24.6,0.513,0,-0.025249870270285243,0.42052683667384233,3,low,established
1170,19.7,29.3,0.99,0,-0.03023337002709819,0.5860717561837906,2,high,established
1171,5.9,65.3,0.772,0,-0.048811466388206014,-0.46530962959949035,2,low,long_tenure
1172,3.3,5.2,0.471,0,0.12133184923926232,0.4759408873521204,8,low,new
1173,14.0,9.3,0.871,2,0.20767676481480746,0.9894737470229467,10,high,new
1174,8.7,24.0,0.43,1,-0.05510689833391895,-0.9667742301069435,2,medium,established
1175,2.8,75.5,0.503,2,-0.0807290443233143,2.5239244522841204,1,low,long_tenure
1176,8.0,37.6,0.355,1,-0.044691752037275365,0.5138033658824135,2,medium,established
1177,7.0,83.3,0.634,0,-0.12482851039775585,-0.46968950006227383,1,medium,long_tenure
1178,7.8,63.6,0.611,0,-0.01367738610233137,0.7160005042019537,3,medium,long_tenure
1179,15.1,25.2,0.91,1,-0.005669428247295203,1.4174647513839196,3,high,established
1180,16.6,1.0,0.749,0,0.09485126969397221,-1.608695557546059,7,high,new
1181,2.5,27.2,0.303,0,0.039964646988339785,0.2979190137484997,5,low,established
1182,18.9,3.1,0.985,0,0.11936093710358908,-0.4650981396925179,8,high,new
1183,19.0,15.2,0.808,0,0.05038644080253342,0.5358998396653807,5,high,new
1184,13.3,52.4,0.826,0,0.03507704092490341,-0.5277940983269958,5,high,long_tenure
1185,17.8,19.6,0.91,3,-0.031090299464074135,1.6667424516021563,2,high,established
1186,3.5,11.6,0.328,0,0.08402298258423395,0.35900227527054807,7,low,new
1187,8.1,66.9,0.762,0,0.10100738572020922,-0.4669275005931228,7,medium,long_tenure
1188,8.6,15.8,0.292,1,0.23744118570796202,0.44387048232630044,10,medium,new
1189,14.2,4.5,0.9,0,0.03801336301977457,-0.35142067436782815,5,high,new
1190,11.5,56.2,0.508,3,-0.18791327411651887,0.6218554708685735,1,medium,long_tenure
1191,9.2,74.8,0.657,0,-0.16958165626307242,-0.5813449181995954,1,medium,long_tenure
1192,7.5,66.1,0.585,0,-0.16091706285790258,-2.9886604702512356,1,medium,long_tenure
1193,5.5,17.3,0.427,2,0.20786354283474331,2.1042344344551775,10,low,new
1194,5.2,18.3,0.564,0,0.005201061169338101,0.5437773477602206,3,low,established
1195,1.4,40.5,0.354,0,-0.012207171206009317,2.729745917021619,3,low,established
1196,14.4,19.7,0.823,2,-0.04019169732227054,0.6279695330953371,2,high,established
1197,13.2,1.0,0.865,1,0.24700806922220006,-1.0947698792796894,10,high,new
1198,8.3,60.1,0.752,5,-0.0016274487595482302,-0.6805518882481774,3,medium,long_tenure
1199,19.6,18.2,0.89,0,0.010535116264165095,-0.3611848487965873,4,high,established
1200,6.1,26.1,0.566,0,0.007926161577826482,-1.1585719774069532,4,medium,established
1201,5.1,44.0,0.571,1,-0.003969799019315669,-0.9108647886018295,3,low,established
1202,8.3,36.6,0.721,1,0.049963805161927756,0.5399793036186782,5,medium,established
1203,5.1,31.0,0.475,1,0.04931422638051451,-1.0087623179850385,5,low,established
1204,11.0,25.9,0.651,1,0.09681079125212853,-0.7080028618434091,7,medium,established
1205,14.2,1.2,0.742,1,0.09130705138707725,0.8099768426247301,7,high,new
1206,12.7,19.4,0.726,0,0.021158828622135566,1.2288519237413444,4,high,established
1207,8.8,48.2,0.708,1,0.10408988395973551,0.8295776674813692,8,medium,long_tenure
1208,9.5,54.2,0.756,1,-0.005887697125890499,-0.5070172782786316,3,medium,long_tenure
1209,16.6,7.3,0.99,0,0.07109150356965317,-1.5080627836003289,6,high,new
1210,5.6,76.7,0.477,0,0.2569916659978453,-0.6119390502957898,10,low,long_tenure
1211,9.2,16.5,0.483,0,0.07115862442115777,-1.183236725218017,6,medium,new
1212,4.2,17.1,0.317,1,0.12265106354228839,-0.9854529665032965,8,low,new
1213,9.5,26.5,0.509,2,-0.049277367024460596,-0.7637537220775845,2,medium,established
1214,6.2,61.2,0.585,0,-0.1595052220028723,0.6249566659871447,1,medium,long_tenure
1215,19.0,1.0,0.942,1,0.059134793228308995,1.6237549250486443,6,high,new
1216,10.5,24.5,0.517,6,-0.07326027972543314,-0.3288444979612344,1,medium,established
1217,8.8,64.8,0.644,0,-0.16674392692389495,-0.46516206864767606,1,medium,long_tenure
1218,5.9,33.7,0.682,0,0.10480139663267325,-0.8813325834597756,8,low,established
1219,12.0,44.9,0.714,5,0.09687521556662144,0.6572400692241949,7,medium,established
1220,18.0,38.1,0.976,1,0.03052202740948268,-0.6223101166564132,4,high,established
1221,18.7,34.1,0.95,1,0.01562503280482904,0.7186716425508201,4,high,established
1222,16.1,27.0,0.884,1,0.20114128628112193,1.4376465684759734,10,high,established
1223,4.3,20.2,0.367,0,0.14036457643214517,-1.172984514973055,9,low,established
1224,8.5,23.5,0.649,2,0.00927185094808647,-0.84344025911989,4,medium,established
1225,22.2,16.2,0.784,0,0.0753731223466445,-0.3303210883815732,6,high,new
1226,3.0,29.0,0.443,2,0.12321438933943649,0.44822992503383396,8,low,established
1227,4.8,71.9,0.522,1,0.14283870057818912,0.550752061365456,9,low,long_tenure
1228,7.0,69.5,0.635,0,-0.1310372123351546,1.8736167004707558,1,medium,long_tenure
1229,3.1,20.5,0.314,0,0.06108728900737448,-0.9889936927533068,6,low,established
1230,19.4,25.4,0.856,0,-0.03688553833530387,-1.4517227218488773,2,high,established
1231,12.3,31.1,0.826,0,0.06663701628629787,1.0522198211447478,6,high,established
1232,7.5,41.6,0.502,0,0.09648116108278382,1.288041506677661,7,medium,established
1233,16.5,15.6,0.89,1,0.09358950174849993,0.7236656471962717,7,high,new
1234,12.4,21.0,0.323,7,0.03016711391065001,-0.22395838120106779,4,high,established
1235,17.9,5.7,0.702,1,0.04526606732923817,-0.5703565687365532,5,high,new
1236,20.4,7.8,0.988,0,-0.04420946937876479,1.6025853339040452,2,high,new
1237,16.9,19.1,0.916,0,0.018708762002896225,-0.4393330991743785,4,high,established
1238,7.5,68.2,0.56,0,-0.23583206910881824,0.6375639272500938,1,medium,long_tenure
1239,18.3,1.0,0.99,2,0.15174593370179196,-0.6862616229041559,9,high,new
1240,12.3,10.0,0.83,0,0.11493456805805578,0.7954448256656277,8,high,new
1241,0.0,24.9,0.366,1,-0.16916080740695427,0.259167184044527,1,low,established
1242,10.6,51.2,0.554,1,0.036205814104588584,-1.2466946441245756,5,medium,long_tenure
1243,8.6,67.2,0.85,0,0.01041157484586656,-2.0416736306166507,4,medium,long_tenure
1244,18.6,12.3,0.926,0,0.26747985385629214,1.4270697642536112,10,high,new
1245,5.7,53.3,0.662,0,0.1517906777124288,-1.958117685152207,9,low,long_tenure
1246,19.5,16.6,0.951,0,0.10454947876816731,-0.4387712181408938,8,high,new
1247,10.8,35.7,0.386,4,0.07143221257711699,-0.5026411404813571,6,medium,established
1248,15.9,5.8,0.835,0,0.1383442421895128,0.8948307934385985,9,high,new
1249,5.1,19.1,0.48,0,0.16987813018083264,0.5752597825944845,9,low,established
1250,5.4,27.6,0.43,1,0.019506840529945852,-0.4899862388789049,4,low,established
1251,13.7,6.9,0.99,1,-0.08318693825365586,0.8038551555852872,1,high,new
1252,15.0,1.0,0.841,0,-0.02572649816738904,-0.6820422264672061,3,high,new
1253,16.9,1.0,0.99,0,0.13127064745820102,0.4888132657770047,8,high,new
1254,7.9,26.0,0.679,4,0.07401161534322544,0.4700489679897942,6,medium,established
1255,12.0,1.0,0.916,1,0.1924100488470992,-0.5026608191076867,10,medium,new
1256,5.3,17.8,0.466,1,0.14208038506394668,0.42105325990009973,9,low,new
1257,6.8,42.0,0.398,2,-0.11969014309632643,-1.4065941439305534,1,medium,established
1258,7.4,5.5,0.213,1,0.030927803828789298,-1.174754318635683,5,medium,new
1259,10.4,27.6,0.628,3,0.09475390389466588,-0.6917018890480124,7,medium,established
1260,6.7,47.6,0.477,2,-0.05933294477821248,-0.9930497991398113,2,medium,established
1261,18.7,20.9,0.964,1,0.1006794261455361,-1.6265241859455277,7,high,established
1262,8.2,57.6,0.647,0,0.04013642693152826,-2.447623208383412,5,medium,long_tenure
1263,2.3,60.1,0.747,2,0.12346080025085146,-0.9476961278372025,8,low,long_tenure
1264,7.6,27.2,0.335,1,-0.07546401302910115,-1.0279082701458648,1,medium,established
1265,6.6,51.3,0.752,2,0.16584110777842354,0.6311219573065504,9,medium,long_tenure
1266,1.4,15.6,0.321,0,0.04975047929931476,-0.8460731382512292,5,low,new
1267,13.0,6.9,0.888,1,0.11065263071683504,1.1957404340671736,8,high,new
1268,11.2,5.5,0.505,0,0.04660251032738889,-1.0485778599096975,5,medium,new
1269,9.2,63.2,0.583,0,0.0402748728357112,1.076750435310974,5,medium,long_tenure
1270,5.2,45.1,0.722,0,0.14551041631768755,0.7736306149805998,9,low,established
1271,2.7,16.4,0.392,0,0.14217956909367657,0.38808573978965205,9,low,new
1272,8.0,51.1,0.653,0,0.01745031135595869,-0.539022063460415,4,medium,long_tenure
1273,9.5,74.9,0.62,2,0.01199452532047569,-0.8570410736119467,4,medium,long_tenure
1274,9.8,24.9,0.527,3,-0.10735906557486714,0.5050801453254687,1,medium,established
1275,13.5,20.8,0.99,0,-0.03527098794628854,0.6265287116036851,2,high,established
1276,8.9,42.8,0.548,0,0.21359351694464726,-0.47344016857221444,10,medium,established
1277,14.3,17.6,0.649,1,-0.023999181353602003,-1.2163732677680192,3,high,new
1278,18.8,1.6,0.812,0,0.10702233166793335,0.40043647018755435,8,high,new
1279,4.7,16.9,0.444,2,0.210830108900456,0.4443195376607463,10,low,new
1280,6.9,57.5,0.549,4,-0.046714976341866325,-0.6106823044234988,2,medium,long_tenure
1281,9.9,73.2,0.752,0,0.028024977013251965,-0.5534829852446868,4,medium,long_tenure
1282,9.0,60.5,0.748,2,-0.07970157243618353,-0.7357868817625227,1,medium,long_tenure
1283,6.7,100.4,0.605,0,0.10855142413224712,1.9851134751267097,8,medium,long_tenure
1284,11.0,20.0,0.405,2,0.10107015569954239,-1.1839658189345916,7,medium,established
1285,6.2,36.0,0.289,2,0.07943124011904994,2.2537884244136794,7,medium,established
1286,7.7,3.6,0.426,0,0.1426014925170582,-0.8341927469948083,9,medium,new
1287,9.9,59.1,0.468,2,0.08068987461812838,-0.8241751787025898,7,medium,long_tenure
1288,7.4,45.8,0.6,0,0.11202913176911203,2.0325349386731326,8,medium,established
1289,3.4,65.1,0.796,0,-0.014290140603409952,-3.0451349968578727,3,low,long_tenure
1290,9.5,31.7,0.628,2,-0.06526667133004899,-1.1980601139576663,2,medium,established
1291,8.9,58.3,0.645,0,0.21275348944399503,0.9226874925777959,10,medium,long_tenure
1292,9.1,44.1,0.476,4,-0.0956518349679809,-0.32696222333098923,1,medium,established
1293,0.9,24.2,0.61,2,-0.055108832002102946,0.3257185246550336,2,low,established
1294,9.8,65.9,0.612,2,-0.016498654443745275,0.7128580755030427,3,medium,long_tenure
1295,5.5,71.8,0.666,0,0.07489973676306318,-0.567876221495407,6,low,long_tenure
1296,9.9,44.2,0.72,0,0.16675382179150208,1.036410901692682,9,medium,established
1297,20.6,7.0,0.99,0,0.015270076367176921,-0.6314666140289671,4,high,new
1298,15.3,16.6,0.914,0,0.052930242350298244,0.42952644716512756,5,high,new
1299,5.7,29.6,0.486,2,-0.0039700229281869615,-0.47690272834074043,3,low,established
1300,8.1,79.1,0.584,1,-0.10799119328290449,-0.5708926115786453,1,medium,long_tenure
1301,17.4,13.4,0.99,0,0.1128464562917416,-0.37020489925696715,8,high,new
1302,9.3,27.2,0.492,2,-0.12773449954328342,0.42837768478139693,1,medium,established
1303,3.1,11.5,0.407,0,0.29517014384865703,0.7214924485940113,10,low,new
1304,13.6,20.0,0.99,1,-0.15765257119662848,-0.7790311667826706,1,high,established
1305,8.8,18.4,0.377,2,0.022297417757939968,-1.2361072349270386,4,medium,established
1306,5.7,18.7,0.283,0,0.0921686302562811,0.5788914168429,7,low,established
1307,11.2,29.9,0.545,3,0.04645477433764434,0.43875521613302176,5,medium,established
1308,10.1,37.6,0.743,2,0.08817750500236107,0.6632331296501548,7,medium,established
1309,18.6,9.2,0.65,0,0.077616401983109,-0.5528846342576456,6,high,new
1310,2.1,12.7,0.441,0,-0.04575021042814876,2.5431743739258734,2,low,new
1311,8.2,67.2,0.57,0,-0.07810889629965145,-0.4346714199257046,1,medium,long_tenure
1312,5.9,1.0,0.412,1,0.05443248647259615,0.43932972950481347,6,low,new
1313,12.5,23.8,0.552,0,-0.17017911676118933,0.6088078090154725,1,high,established
1314,23.2,2.2,0.99,1,0.06884892311674734,-0.4826377049285603,6,high,new
1315,17.1,30.4,0.906,0,0.0567588690568137,-0.3509272231458226,6,high,established
1316,7.2,25.7,0.701,0,0.12429899221506086,0.6460668546667596,8,medium,established
1317,5.8,24.3,0.731,4,0.021914092020613632,-0.5648180346157011,4,low,established
1318,13.6,15.4,0.903,2,0.0941976497772309,-1.4934808481243316,7,high,new
1319,2.4,14.9,0.39,1,0.23689259815367383,2.534186669982763,10,low,new
1320,0.0,17.2,0.471,1,0.13476519903868478,0.4894859470857519,9,low,new
1321,6.2,63.2,0.703,0,0.1503820356534156,-1.6753517492662224,9,medium,long_tenure
1322,9.9,56.9,0.513,0,0.12465848687571264,0.8863988370603869,8,medium,long_tenure
1323,16.2,10.8,0.926,0,0.3187966190911772,-1.5972999226832174,10,high,new
1324,3.8,9.9,0.402,0,0.3258833272837555,1.6832216393216457,10,low,new
1325,3.6,48.2,0.594,1,0.10104589981628369,-0.6938463626185742,7,low,long_tenure
1326,7.3,22.7,0.354,1,0.06898153425279205,-1.0883551763867396,6,medium,established
1327,9.4,65.7,0.571,0,-0.05216320472762201,-0.47005983182308186,2,medium,long_tenure
1328,9.0,13.9,0.728,1,0.12131306719506199,0.5605931026815323,8,medium,new
1329,10.1,25.1,0.86,0,0.031743077759235835,-0.8948288756170611,5,medium,established
1330,14.7,25.2,0.99,0,-0.038022901206698274,1.3050556917165208,2,high,established
1331,5.7,33.7,0.444,0,0.02592593432726538,-1.630973176773157,4,low,established
1332,7.9,65.6,0.515,0,-0.09447409003298644,0.8126067420303497,1,medium,long_tenure
1333,9.5,38.6,0.611,4,0.01689289751814388,-0.35774205424606315,4,medium,established
1334,6.4,48.2,0.299,1,0.13231034067267078,-1.2114817220277312,9,medium,long_tenure
1335,4.9,18.4,0.497,1,-0.08262285206874427,2.215589046943839,1,low,established
1336,6.3,9.5,0.407,0,0.0712198860078552,0.5163261487318578,6,medium,new
1337,13.7,1.0,0.99,0,-0.04143269791289612,1.064040461635853,2,high,new
1338,5.7,52.1,0.748,3,-0.0010410948656408958,1.3220594563994141,3,low,long_tenure
1339,5.8,43.2,0.239,2,0.11613078727843318,0.5639561139186502,8,low,established
1340,9.8,50.9,0.589,0,-0.062106794848437834,-1.8320282739429157,2,medium,long_tenure
1341,17.4,7.3,0.767,0,0.021396147141289696,-0.6908554148241288,4,high,new
1342,4.9,18.1,0.667,1,0.1713184908801333,1.796661736484411,9,low,established
1343,7.1,76.7,0.592,1,0.012010661794005874,-0.6818356304952483,4,medium,long_tenure
1344,9.6,15.6,0.445,0,0.27203998772696497,1.5148829678943019,10,medium,new
1345,5.5,1.0,0.676,0,0.20103570153268793,-0.9690425981265886,10,low,new
1346,10.2,57.0,0.51,2,-0.10078386780692807,0.612908945240917,1,medium,long_tenure
1347,15.0,65.7,0.462,0,-0.08275956255133615,-0.5151165185938014,1,high,long_tenure
1348,5.5,67.5,0.513,1,0.08541930849424152,-0.584567604462804,7,low,long_tenure
1349,16.7,59.5,0.656,0,0.019140683441017176,-0.5951174976597676,4,high,long_tenure
1350,12.6,21.6,0.905,0,0.13377832693922345,-0.667348699807743,9,high,established
1351,5.5,3.8,0.338,2,0.08901698469264961,-0.3955135452785924,7,low,new
1352,1.3,11.9,0.377,1,0.11187111373884638,-1.1777750201881183,8,low,new
1353,16.8,17.3,0.906,0,0.07279236975094495,-0.5856754881440791,6,high,new
1354,10.7,34.7,0.786,0,0.09172330284100758,-0.6227875135876974,7,medium,established
1355,4.6,18.4,0.467,1,0.018472910122089792,0.4608628260644424,4,low,established
1356,18.6,11.6,0.838,0,0.18794242406098305,-0.6959180837434079,10,high,new
1357,7.9,27.4,0.565,1,0.07029971928225774,-0.9333851833548743,6,medium,established
1358,2.5,55.4,0.725,1,0.09711093829187087,1.4872122990053331,7,low,long_tenure
1359,10.7,19.0,0.775,4,0.005549774104159731,0.9390999542108207,3,medium,established
1360,16.1,1.0,0.778,3,0.13128123296553804,0.522818651291213,8,high,new
1361,7.7,32.7,0.713,0,0.22532340278633656,1.607842528913854,10,medium,established
1362,6.9,58.4,0.606,1,0.09082622870482816,-0.6525604762753745,7,medium,long_tenure
1363,10.1,14.5,0.411,1,-0.0007843017469095875,0.6691375228546905,3,medium,new
1364,13.8,16.8,0.7,1,0.06445652507930603,1.125985937662227,6,high,new
1365,9.0,58.5,0.787,1,0.13075291491066185,-0.7219446623131578,8,medium,long_tenure
1366,12.2,25.5,0.75,1,-0.005183963739632053,-0.9248599960204895,3,high,established
1367,21.6,1.0,0.837,0,0.06565659563552667,0.3993969913093482,6,high,new
1368,19.8,24.2,0.877,1,-0.025333579705417792,0.8513474051153133,3,high,established
1369,16.4,1.2,0.704,0,0.019527754390577735,0.7777593497728025,4,high,new
1370,8.7,62.8,0.724,0,0.18617109885374375,-0.5043273348749827,10,medium,long_tenure
1371,14.9,6.3,0.897,1,0.12286170739123643,0.5882047691854552,8,high,new
1372,3.2,17.3,0.259,3,0.2402817766010963,0.35771089515482757,10,low,new
1373,10.4,75.8,0.663,0,-0.21872078309128407,1.5085765023779678,1,medium,long_tenure
1374,3.7,28.4,0.277,0,0.12640758433551438,0.5560190717981451,8,low,established
1375,5.5,35.6,0.491,0,0.0023022725963911593,-0.9514515294204595,3,low,established
1376,13.4,20.0,0.781,0,-0.026432766866545516,-0.632336213585272,3,high,established
1377,12.7,35.8,0.627,0,0.06357779030512493,1.4529659216880455,6,high,established
1378,3.6,1.0,0.358,2,0.2552642547563087,-0.926827727249592,10,low,new
1379,11.9,27.2,0.33,1,0.06997251216193262,-0.8897184758798825,6,medium,established
1380,6.1,59.3,0.75,0,-0.08204793550952648,-2.123627450735605,1,medium,long_tenure
1381,6.0,76.7,0.756,0,0.0267791077312114,-0.5471206254287286,4,low,long_tenure
1382,19.6,9.9,0.843,1,0.029318921013669882,0.5926779713650628,4,high,new
1383,7.3,34.2,0.62,2,0.03932482109937892,0.5023864806836884,5,medium,established
1384,0.3,24.7,0.478,0,0.07088901463583953,-0.6241145305362554,6,low,established
1385,1.7,35.9,0.482,0,0.05070630093704085,-0.8154249845574322,5,low,established
1386,18.3,14.4,0.99,0,0.1313514795705164,-1.5481549259919214,8,high,new
1387,11.1,40.9,0.636,3,0.03790086874588406,-0.6258077279473335,5,medium,established
1388,5.9,41.5,0.601,0,0.13081531202031035,0.643074727539938,8,low,established
1389,2.8,2.6,0.477,0,0.20803534120485695,0.5787241224862527,10,low,new
1390,17.8,1.0,0.853,0,0.13706853659081636,0.6088946777270793,9,high,new
1391,8.1,31.4,0.313,1,0.030874586950873535,-0.7249942212715699,5,medium,established
1392,4.3,30.1,0.564,0,0.038637777817431634,0.6937176026040557,5,low,established
1393,17.5,26.8,0.959,0,0.17136188809499361,1.3900889902137572,9,high,established
1394,18.4,7.9,0.695,0,0.12590765616186983,-0.43776351502519206,8,high,new
1395,10.3,15.2,0.355,2,0.17364831313146117,-0.8308840730168,10,medium,new
1396,12.9,14.5,0.983,1,-0.022998743564433797,-1.3637205654982294,3,high,new
1397,7.2,48.3,0.418,4,0.03212907906938235,-1.3126533163448468,5,medium,long_tenure
1398,3.1,42.3,0.347,0,0.055504926720382514,0.6419206114934799,6,low,established
1399,11.2,40.5,0.883,4,-0.032029814233809864,0.8825216580887733,2,medium,established
1400,7.3,66.0,0.604,0,-0.016383470501900713,-0.6159622425891849,3,medium,long_tenure
1401,8.8,78.0,0.759,1,0.02404008751816733,-0.7857788426530773,4,medium,long_tenure
1402,16.3,12.9,0.99,0,0.04218045623510118,-0.4800200575899536,5,high,new
1403,4.5,17.3,0.33,0,-0.010853482371046988,0.5604296393466179,3,low,new
1404,8.3,60.5,0.669,3,-0.09193878539302397,0.8443417831371722,1,medium,long_tenure
1405,18.8,4.3,0.99,0,-0.01926441414492098,0.4099448882455911,3,high,new
1406,13.4,13.9,0.951,1,0.036298418766208145,-1.1838803656248582,5,high,new
1407,4.1,8.6,0.69,0,0.09031512621810223,0.6555674443633621,7,low,new
1408,12.7,28.3,0.83,0,0.11077629952807119,0.8504908277666521,8,high,established
1409,5.1,28.5,0.628,1,0.06260508470057062,-1.1434114890007072,6,low,established
1410,8.5,48.2,0.592,1,-0.05869074743758167,0.5050150757912687,2,medium,long_tenure
1411,7.4,2.4,0.394,3,0.08718503862053623,-0.5160965994935308,7,medium,new
1412,4.5,44.8,0.5,0,0.08963368621620317,-0.9308953580749239,7,low,established
1413,3.3,3.1,0.418,0,0.12713830942939602,0.46393597450256985,8,low,new
1414,3.8,7.6,0.421,2,0.1456826020963736,-0.7015313724420558,9,low,new
1415,20.7,8.6,0.953,0,0.12301634493378032,0.6389494177945126,8,high,new
1416,0.3,37.7,0.231,2,-0.07329322979645103,0.3534955086901225,1,low,established
1417,7.3,33.7,0.502,1,-0.13043472004562232,-0.9636413458374211,1,medium,established
1418,9.1,28.1,0.669,4,0.05267096850924226,-1.2753276389406147,5,medium,established
1419,2.8,12.5,0.539,0,0.31652134473006777,0.7197372481103737,10,low,new
1420,5.8,5.5,0.469,0,0.10988792924532151,-0.8802474736848229,8,low,new
1421,8.8,44.6,0.62,1,0.04507802953438911,0.548095952284222,5,medium,established
1422,8.7,71.6,0.684,0,-0.020706933703232972,0.7561091302343071,3,medium,long_tenure
1423,8.3,78.2,0.745,1,0.07179915652902978,-0.44182350635775874,6,medium,long_tenure
1424,7.7,66.8,0.483,0,-0.04509048029924714,-1.6885519955219257,2,medium,long_tenure
1425,4.5,30.3,0.584,0,0.04093191755139749,-0.8127756801451106,5,low,established
1426,8.5,47.1,0.632,0,0.09454816464081663,-0.5198314101892564,7,medium,established
1427,11.2,21.6,0.922,1,0.09751981605115091,1.029095595370623,7,medium,established
1428,14.2,11.6,0.668,0,0.008280599464498602,-0.6824675678685725,4,high,new
1429,5.8,15.3,0.292,1,0.28335701007298086,0.6424685138514514,10,low,new
1430,11.2,48.8,0.638,0,0.021092402481399146,-0.47679675015012346,4,medium,long_tenure
1431,10.8,33.4,0.541,0,0.02171479632512925,0.5211658680477254,4,medium,established
1432,7.8,36.5,0.544,1,-0.0647042241719696,-0.9861517751771676,2,medium,established
1433,13.7,22.0,0.827,1,0.028756950014086565,1.2097456577469643,4,high,established
1434,17.4,8.4,0.958,0,0.0014199199006973806,-0.4089634710901378,3,high,new
1435,21.0,18.1,0.864,0,0.09958254975233652,-0.4553742940772212,7,high,established
1436,8.6,5.9,0.527,3,0.08453804871217908,-1.176972879738424,7,medium,new
1437,13.2,14.4,0.876,0,0.06440996972244187,-0.3608022362560626,6,high,new
1438,7.6,31.7,0.517,1,0.09438896120878808,0.8459635119607664,7,medium,established
1439,6.8,3.2,0.586,1,0.010604480309050203,-1.080315594523997,4,medium,new
1440,7.0,18.1,0.566,1,-0.07042094201600581,-1.0202148888382894,1,medium,established
1441,17.6,44.5,0.795,0,0.026419227997417145,0.7950451682135603,4,high,established
1442,14.8,1.0,0.944,0,0.030994550033821705,1.0461805455489848,5,high,new
1443,17.6,1.1,0.864,0,0.06515319552338955,-0.37837236869402024,6,high,new
1444,18.5,18.6,0.968,2,0.05459097963784321,0.5597391171888921,6,high,established
1445,13.5,37.2,0.804,0,0.0849548969190076,1.0345268851686267,7,high,established
1446,12.6,33.4,0.686,4,0.02226915469969644,1.2514616336902762,4,high,established
1447,7.2,30.4,0.561,2,-0.03325556799366191,0.4495262003807121,2,medium,established
1448,7.0,26.9,0.486,2,-0.16220604331217692,0.37349796157014764,1,medium,established
1449,11.5,24.9,0.597,2,-0.1479503828479573,0.5262812683156879,1,medium,established
1450,18.2,17.0,0.99,0,-0.020404660591693116,0.6412352347229299,3,high,new
1451,6.8,14.1,0.32,1,0.131810391744185,0.615463438085504,8,medium,new
1452,13.3,39.7,0.516,0,0.03517902825528791,0.824532698708941,5,high,established
1453,4.5,2.7,0.503,1,0.11033158531803515,0.3772903746696735,8,low,new
1454,5.4,32.7,0.412,1,0.15327531582109524,1.6646171517256871,9,low,established
1455,0.9,62.5,0.467,0,0.003926469643705496,-0.596357821412333,3,low,long_tenure
1456,19.0,13.4,0.865,1,0.2418590024351132,0.5745093869752046,10,high,new
1457,18.8,1.0,0.99,0,0.03184510092614,0.4244379073562529,5,high,new
1458,11.7,50.2,0.867,0,0.09396906129905899,-0.38130962078973374,7,medium,long_tenure
1459,2.0,36.4,0.36,1,0.12536964335267287,0.47335042597465854,8,low,established
1460,10.6,59.5,0.54,0,-0.026458486510962876,0.890986158421719,3,medium,long_tenure
1461,7.3,25.3,0.38,0,0.017360302699084833,0.40330594291603705,4,medium,established
1462,7.2,20.4,0.788,2,0.06340342875429195,0.6369175151882998,6,medium,established
1463,18.9,15.7,0.99,0,-0.09343160874527309,-0.5097763150309874,1,high,new
1464,9.3,45.5,0.801,3,0.0763541254676733,-1.331889314398494,6,medium,established
1465,4.4,32.2,0.7,1,0.15247086556966663,-0.88542932448456,9,low,established
1466,10.6,35.4,0.445,4,0.025589157117282577,0.4017747440209754,4,medium,established
1467,5.9,65.8,0.536,0,0.04459204238304975,2.3889817992072886,5,low,long_tenure
1468,11.5,5.2,0.823,0,0.1086303501521732,-0.9540540861062714,8,medium,new
1469,5.5,17.9,0.373,1,0.1383679428532997,-1.0761323321081027,9,low,new
1470,15.8,22.4,0.825,0,-0.011321767731132163,0.7046803272592866,3,high,established
1471,8.3,19.5,0.368,0,0.027973482958239093,0.33013247680299884,4,medium,established
1472,16.5,12.6,0.97,3,-0.001197971535659416,-0.7241237343058385,3,high,new
1473,18.1,38.8,0.915,0,0.1235496279957615,-0.4094743242990544,8,high,established
1474,9.4,50.6,0.774,0,-0.010148170762935187,-0.4130091752171989,3,medium,long_tenure
1475,10.8,75.0,0.668,0,0.04119177280380701,-0.5298103359232985,5,medium,long_tenure
1476,5.6,48.1,0.566,0,0.34039424348712066,1.7205070275033456,10,low,long_tenure
1477,8.5,69.9,0.661,1,-0.10009878252583702,-0.5476899223110603,1,medium,long_tenure
1478,4.1,30.5,0.264,2,0.03841051787125469,0.27663972813140286,5,low,established
1479,9.8,55.9,0.386,2,0.06048542607697796,0.6858176076055282,6,medium,long_tenure
1480,8.7,47.4,0.711,0,0.012429020422498847,-0.5413098153350855,4,medium,established
1481,6.3,38.4,0.752,0,0.14456220739740577,-0.4936744438611989,9,medium,established
1482,15.1,8.6,0.908,0,0.12826917526502132,0.766331209460784,8,high,new
1483,13.5,37.3,0.547,3,-0.04650502909029217,-1.6097065279530498,2,high,established
1484,11.4,3.1,0.752,1,0.06282964429812678,-0.8232129511255927,6,medium,new
1485,10.9,32.2,0.718,2,0.11588801870061606,-0.6451065169332939,8,medium,established
1486,19.4,1.0,0.954,1,0.16389643944770685,-0.4008762188641428,9,high,new
1487,6.1,19.2,0.462,0,0.0827351919649112,0.6429474230910123,7,medium,established
1488,13.3,48.2,0.639,3,0.09777649883202845,0.8876541899556925,7,high,long_tenure
1489,7.0,21.1,0.378,0,-0.07937959733311954,0.4605677913108651,1,medium,established
1490,9.0,56.0,0.518,0,0.08499664893719783,-0.3924619377130697,7,medium,long_tenure
1491,14.7,1.7,0.928,1,0.05035366909996781,-1.0283086127264522,5,high,new
1492,5.6,14.1,0.371,0,-0.08840266268872957,0.4635791023851697,1,low,new
1493,10.8,19.8,0.543,5,0.0056087522433048735,1.3182147405518245,4,medium,established
1494,4.5,6.2,0.619,2,0.11030245415294085,-0.7102925713149273,8,low,new
1495,6.0,75.0,0.635,0,-0.01614451125389215,0.84352092104911,3,low,long_tenure
1496,5.7,26.7,0.32,1,-0.020049552206048257,0.3584714693423582,3,low,established
1497,5.0,1.0,0.371,0,0.08214226907065014,-0.9870360797176927,7,low,new
1498,5.0,23.5,0.48,0,-0.0006671081857361069,-1.1109369524412203,3,low,established
1499,6.7,73.0,0.625,1,0.10772118018627654,-0.5256678920540264,8,medium,long_tenure
1500,2.4,21.9,0.433,4,-0.06718859892019208,2.414789584511021,2,low,established
1501,11.2,49.0,0.638,6,0.09210231257143638,1.2746722832686528,7,medium,long_tenure
1502,7.6,11.7,0.397,2,0.09986108935324996,0.5398659016774467,7,medium,new
1503,8.2,68.0,0.588,0,-0.09756376298442558,-0.6366254951081314,1,medium,long_tenure
1504,12.9,74.4,0.656,0,-0.03978040321069634,-0.46304100555682837,2,high,long_tenure
1505,8.1,27.4,0.422,0,-0.00844317966046988,0.5719182920448014,3,medium,established
1506,9.3,45.5,0.625,0,0.18935810952929608,-0.49462202304619785,10,medium,established
1507,4.2,10.7,0.405,2,-0.02914940559631173,0.45726290795583097,2,low,new
1508,7.1,76.0,0.638,2,0.1498403184159388,0.7130263558318246,9,medium,long_tenure
1509,17.5,6.3,0.938,0,0.09471410597321307,-0.48819705981209727,7,high,new
1510,4.1,33.7,0.454,2,0.020725379227084725,-0.5758651482423858,4,low,established
1511,17.5,10.8,0.99,0,0.09851090570712334,-1.6698911121043611,7,high,new
1512,17.7,17.7,0.84,0,-0.060150032277509924,1.2041655405412455,2,high,new
1513,8.4,14.4,0.616,2,0.12562047547590868,-0.65022237312786,8,medium,new
1514,7.5,14.7,0.699,0,0.22804406976183803,1.5322298643160575,10,medium,new
1515,3.9,11.5,0.425,1,-0.006477612477582912,0.3698358155350181,3,low,new
1516,16.1,18.7,0.9,1,0.056241295282025545,-0.5543033390067514,6,high,established
1517,13.4,17.1,0.761,1,0.030891287231810085,1.1586732549338343,5,high,new
1518,3.8,27.6,0.352,1,-0.12253726894563978,0.2990508836656807,1,low,established
1519,21.8,10.1,0.888,0,-0.0594781385245112,1.694906330905666,2,high,new
1520,13.6,4.8,0.959,1,0.02713947743649238,-1.3526590756498835,4,high,new
1521,17.2,18.2,0.971,1,-0.010173025445436589,-0.5084677800962342,3,high,established
1522,7.8,18.6,0.626,3,0.07076434965476247,-0.4724639576973195,6,medium,established
1523,0.0,34.9,0.518,1,-0.09015923916556277,0.4031591164636946,1,low,established
1524,6.0,20.6,0.32,1,0.012233183640683194,0.3690303663313026,4,low,established
1525,7.5,27.1,0.644,2,0.1799533996125222,0.5078083563511099,10,medium,established
1526,16.9,21.5,0.901,1,0.08578250019637305,-1.3837783667118544,7,high,established
1527,10.7,61.1,0.654,0,-0.02133038380192081,1.385910878582017,3,medium,long_tenure
1528,8.6,42.1,0.6,0,0.11677246674568745,0.8243933530832658,8,medium,established
1529,16.9,3.3,0.795,0,0.06971457406457908,-1.6061026527602151,6,high,new
1530,13.7,28.7,0.766,0,0.042670063394401235,1.2172373559498841,5,high,established
1531,9.9,63.0,0.675,1,0.1534821612469056,-0.614533842243708,9,medium,long_tenure
1532,15.5,1.0,0.955,0,0.01375943949308561,-0.38234299935992233,4,high,new
1533,3.6,35.2,0.576,3,0.06440208856647052,-0.6009118306361577,6,low,established
1534,11.2,24.3,0.588,1,0.03601872196435363,0.6824831416529138,5,medium,established
1535,19.1,5.5,0.821,0,-0.03832983769280252,1.5697954296369794,2,high,new
1536,12.0,48.3,0.695,0,-0.029869438040780228,0.934951973575742,2,medium,long_tenure
1537,10.4,34.0,0.437,2,0.1319598437881303,-0.9920153903845599,9,medium,established
1538,6.6,1.0,0.39,0,0.1104694331340852,0.4318292798401278,8,medium,new
1539,5.9,11.9,0.525,3,0.03849886493895537,-0.3934448448601803,5,low,new
1540,10.9,63.4,0.711,0,0.17901426064364248,-0.600497017695611,10,medium,long_tenure
1541,2.1,40.9,0.261,1,-0.045771723804737055,-1.122259847861539,2,low,established
1542,11.5,22.6,0.905,1,0.18204948339930616,-0.6147378602640692,10,medium,established
1543,6.7,51.8,0.535,0,0.04095207936951074,1.7213029088349003,5,medium,long_tenure
1544,19.4,34.4,0.915,0,0.11044721823915249,-0.28672700720544514,8,high,established
1545,6.2,45.7,0.293,0,0.04320545183957275,0.5527237721173162,5,medium,established
1546,9.3,65.2,0.662,0,-0.005650774339570114,-0.6685938294391558,3,medium,long_tenure
1547,17.5,21.9,0.978,1,0.005781042754628458,-1.416478885624071,4,high,established
1548,5.2,11.4,0.418,1,0.1155308661791141,-1.1150211338785567,8,low,new
1549,4.6,70.4,0.512,0,-0.05711289501023651,0.6364911564339617,2,low,long_tenure
1550,16.9,9.8,0.99,0,-0.09963603132481717,-1.3237290912410327,1,high,new
1551,14.9,24.3,0.99,0,0.02088811401288146,0.6344885755918458,4,high,established
1552,12.6,39.9,0.582,0,0.01824036661193647,1.3728846837389115,4,high,established
1553,11.1,66.0,0.611,0,-0.04136427159127087,1.2983493531648294,2,medium,long_tenure
1554,7.0,57.1,0.422,1,0.0690618346928326,2.242768223874824,6,medium,long_tenure
1555,20.8,29.8,0.952,1,0.0865197617003988,-1.3868533275146973,7,high,established
1556,5.4,21.5,0.279,1,0.10827353132747065,-0.9209753657522532,8,low,established
1557,0.0,37.0,0.503,0,-0.09347892335132299,2.7827567230762438,1,low,established
1558,7.8,68.1,0.753,1,0.052088769497717353,-0.6177009860827234,5,medium,long_tenure
1559,13.4,29.5,0.582,2,-0.04755882667303941,0.6830251220615102,2,high,established
1560,2.3,31.5,0.313,0,0.12683646730661252,0.27902331430138383,8,low,established
1561,4.3,31.5,0.567,1,0.04730690776035532,0.363891275801402,5,low,established
1562,5.3,36.7,0.59,4,0.06875581921012819,-0.5117342200718136,6,low,established
1563,1.3,1.0,0.44,1,0.022859119562534794,0.38979363955072194,4,low,new
1564,2.2,10.2,0.328,2,0.19103616922553257,-0.7054054429909153,10,low,new
1565,1.2,38.6,0.451,1,-0.024547372452218955,2.707447765682091,3,low,established
1566,6.3,46.9,0.618,0,-0.15781488719289838,0.7654877430813396,1,medium,established
1567,20.7,26.6,0.754,0,0.045830227695903954,0.4687395764622599,5,high,established
1568,15.9,24.5,0.99,0,0.009455022510764069,0.6338259155303833,4,high,established
1569,10.1,53.3,0.834,2,-0.07120646165805114,0.9008071206072861,1,medium,long_tenure
1570,10.9,38.1,0.752,1,0.09242307525461853,1.0998921359695744,7,medium,established
1571,5.0,55.2,0.736,3,0.23065658743103212,-0.9162366194074211,10,low,long_tenure
1572,6.8,55.9,0.784,1,0.17788421192456952,-1.6225212283147363,10,medium,long_tenure
1573,11.1,20.6,0.475,1,-0.059752963701678326,0.41040589256076776,2,medium,established
1574,2.8,12.5,0.313,1,0.19837525363819797,0.40380036763262245,10,low,new
1575,17.9,4.0,0.854,1,-0.010569302285190079,-0.7121605805048906,3,high,new
1576,20.5,30.6,0.933,0,0.058462415161574105,0.6583233104565313,6,high,established
1577,0.6,19.1,0.398,1,-0.019905550139823203,-0.7215076721787717,3,low,established
1578,3.5,14.5,0.318,0,-0.04619316154021591,0.468443127198936,2,low,new
1579,4.0,39.0,0.431,0,-0.06520999355932379,2.2671944764220173,2,low,established
1580,3.1,29.0,0.42,0,0.025177334070483316,-1.1077781014553811,4,low,established
1581,2.9,11.0,0.523,0,0.15342993200253086,0.371522201292668,9,low,new
1582,6.7,47.3,0.645,0,0.07935737628891291,0.7310141791895551,7,medium,established
1583,8.0,75.9,0.43,0,0.10471234992042025,1.69886476564607,8,medium,long_tenure
1584,16.4,16.2,0.942,0,0.14290032803768368,-0.8551062891573935,9,high,new
1585,11.6,12.4,0.764,2,0.04414449543047973,-0.9004011743703056,5,medium,new
1586,4.4,1.0,0.433,0,0.09764275737579693,-0.9165609946453277,7,low,new
1587,11.0,48.6,0.749,0,-0.03445133063058405,0.7841160707181916,2,medium,long_tenure
1588,7.4,16.1,0.534,0,0.07324743325613195,-0.7007097114572209,6,medium,new
1589,12.8,1.0,0.962,0,0.12190513182145747,1.1932004825514397,8,high,new
1590,15.2,2.8,0.818,0,-0.06651897309649361,-0.40647966800756863,2,high,new
1591,17.2,5.0,0.873,1,0.10855847114708678,0.9517917161753664,8,high,new
1592,18.3,10.4,0.874,2,0.1958306028174319,0.5790673941038045,10,high,new
1593,8.4,42.3,0.482,0,0.021305855719247247,1.389801000133891,4,medium,established
1594,8.8,58.8,0.549,0,-0.29888637658081413,-0.4618862870513089,1,medium,long_tenure
1595,6.5,20.0,0.269,1,0.22535305738448236,0.6488672863812571,10,medium,established
1596,12.7,37.1,0.642,5,0.06726990161241693,-0.35953330350872414,6,high,established
1597,13.9,13.2,0.948,0,0.05830999458857963,-0.2822368891600795,6,high,new
1598,15.4,20.8,0.912,0,-0.09511981492179006,-1.596064644073388,1,high,established
1599,12.0,25.4,0.533,0,0.16249753517490587,0.6709291119619845,9,medium,established
1600,18.3,17.5,0.878,2,0.13102336921757543,-0.44145906470359364,8,high,new
1601,5.9,55.2,0.461,0,0.03490817755839253,0.5007963873269077,5,low,long_tenure
1602,18.4,26.9,0.862,1,0.25702510764731384,-0.40210134336321635,10,high,established
1603,5.4,18.0,0.562,2,0.061353057098287804,1.9214656831181431,6,low,new
1604,2.8,26.4,0.467,0,-0.00501716828334164,0.3156240303660989,3,low,established
1605,13.3,6.5,0.99,0,-0.03286459000345868,-0.6599543953773096,2,high,new
1606,17.1,21.4,0.982,0,-0.0029050586249691696,1.3214938763628163,3,high,established
1607,3.5,5.5,0.49,0,0.020115390747531423,2.2663644304034,4,low,new
1608,16.3,2.7,0.985,0,-0.20885195750494145,-0.8700181951325773,1,high,new
1609,7.2,66.1,0.382,1,-0.028642020759571268,0.8161360645718241,2,medium,long_tenure
1610,3.6,74.0,0.675,1,0.08157502433812586,-2.236482659900486,7,low,long_tenure
1611,18.4,22.0,0.99,1,-0.07650420746593961,-1.1295640645369698,1,high,established
1612,0.0,32.2,0.439,1,0.09013032066982667,0.42062619012675834,7,low,established
1613,2.5,26.5,0.425,0,0.06793338064150814,0.40490782175661233,6,low,established
1614,4.4,64.1,0.537,1,0.1442430166733696,0.7069441221860726,9,low,long_tenure
1615,2.1,16.0,0.382,2,0.0679975458954388,0.41278881071283097,6,low,new
1616,16.5,25.8,0.808,0,0.08387760702251773,-0.4607926305907256,7,high,established
1617,19.3,28.3,0.99,2,0.04610399201488722,0.5432026765459739,5,high,established
1618,4.8,30.2,0.755,4,0.12304055227570186,-0.6400991040594451,8,low,established
1619,3.0,20.6,0.643,2,0.19706297593561103,0.4913583471557531,10,low,established
1620,11.3,35.1,0.807,0,0.04395786116524803,-0.5554465115242495,5,medium,established
1621,14.4,15.8,0.826,0,0.19421101871266763,-1.6058098992987044,10,high,new
1622,8.2,62.9,0.558,0,0.09015685033958773,1.9213042125708362,7,medium,long_tenure
1623,6.6,27.8,0.318,0,0.10245869064953678,0.711606968654978,7,medium,established
1624,10.3,14.8,0.79,0,0.01122828247015556,0.9378786502437457,4,medium,new
1625,9.5,52.2,0.583,0,-0.04578001860438611,0.7661707557706152,2,medium,long_tenure
1626,1.9,26.5,0.526,1,0.1530202640553652,0.6593343355464321,9,low,established
1627,4.7,61.5,0.561,2,0.04421982431331602,-1.020664481797021,5,low,long_tenure
1628,16.2,38.1,0.99,0,0.0014625830633547131,-1.5598273343234657,3,high,established
1629,17.7,25.5,0.99,1,-0.03175884067553798,-0.5152052016747559,2,high,established
1630,7.7,54.9,0.671,0,-0.24195870309435202,1.381574962316265,1,medium,long_tenure
1631,5.0,70.7,0.775,0,-0.04240101531585184,1.93968575923167,2,low,long_tenure
1632,4.2,25.7,0.28,1,0.016527932023174062,0.309553565041428,4,low,established
1633,7.0,46.7,0.529,7,-0.05793776413334443,0.42468446947744687,2,medium,established
1634,10.6,24.7,0.611,1,0.05527240336411579,-1.0888061602322872,6,medium,established
1635,7.4,24.3,0.455,0,-0.018181876068506273,-1.098647275284379,3,medium,established
1636,10.7,60.8,0.797,1,-0.007866852206977058,-0.5058116726189137,3,medium,long_tenure
1637,7.9,62.7,0.53,0,-0.04821782553157059,0.761180577698959,2,medium,long_tenure
1638,7.5,11.4,0.371,2,0.0870743257201105,-0.6579750396029165,7,medium,new
1639,13.2,22.9,0.891,0,0.17586304653815288,-1.6548151767440227,10,high,established
1640,9.3,27.0,0.373,3,0.05555126074312406,0.3120699964451098,6,medium,established
1641,1.7,37.4,0.315,0,0.004631396648763821,0.4406421558137471,3,low,established
1642,10.5,15.9,0.848,1,0.1457005270543507,-1.2884440929736245,9,medium,new
1643,11.7,57.1,0.613,1,0.002036775362536772,0.9008512675564948,3,medium,long_tenure
1644,14.1,25.5,0.99,0,0.16204860702869092,-1.8120539856721138,9,high,established
1645,16.3,6.5,0.788,1,-0.08126936038875678,1.1814238509255188,1,high,new
1646,5.2,75.0,0.73,1,0.04561096554175288,0.8487552687840821,5,low,long_tenure
1647,22.4,29.0,0.99,1,0.17960622146852276,-0.7661052393124419,10,high,established
1648,9.4,37.1,0.374,1,-0.015107355439034563,-0.8677356971137775,3,medium,established
1649,8.7,26.5,0.459,3,0.05522688638455263,0.38217669337628885,6,medium,established
1650,4.7,16.2,0.493,0,0.10093895414379507,-0.6179349748203802,7,low,new
1651,18.6,17.3,0.945,1,0.2711334757610259,-0.4503211472678629,10,high,new
1652,15.9,20.6,0.909,0,0.011649368185768094,-1.704680455116798,4,high,established
1653,19.0,9.3,0.825,0,0.1288002914285631,-0.28452050272601587,8,high,new
1654,14.9,32.0,0.973,1,0.083759076308261,-1.453182935120739,7,high,established
1655,8.8,29.0,0.389,0,0.02071419022387855,-2.028220084016141,4,medium,established
1656,6.8,51.3,0.643,0,-0.22256428449354676,0.7596056296964542,1,medium,long_tenure
1657,15.1,38.6,0.919,0,0.07830437658781834,0.7187627558600418,7,high,established
1658,3.2,23.2,0.524,0,0.09791717681285463,0.670100698224793,7,low,established
1659,8.5,48.9,0.852,3,0.03473151484138462,0.9314520093159637,5,medium,long_tenure
1660,15.0,6.0,0.819,1,0.046075544389844666,-0.5396034086330863,5,high,new
1661,17.3,33.9,0.906,1,0.04996770098153076,0.7250507073365315,5,high,established
1662,7.7,52.9,0.427,2,-0.06259341684856526,0.38853787860727684,2,medium,long_tenure
1663,6.6,34.1,0.593,1,0.14739367982414214,-1.262040817139793,9,medium,established
1664,20.1,31.8,0.905,1,0.009033065097639384,0.7719599053612543,4,high,established
1665,4.7,36.6,0.397,0,-0.01014191944764559,2.641961643805814,3,low,established
1666,10.5,28.7,0.436,3,-0.022126692068110035,0.43158850567691043,3,medium,established
1667,7.5,25.9,0.441,2,0.018477644640369016,2.007361974716761,4,medium,established
1668,21.8,22.5,0.819,0,-0.026756572904554462,-1.5025639005381772,3,high,established
1669,15.8,24.8,0.99,0,-0.09168651428237584,-0.5226030490301262,1,high,established
1670,0.0,13.1,0.501,0,-0.04790026343002953,0.4827584292398742,2,low,new
1671,6.1,70.8,0.726,1,0.04669314278134734,1.2324170385058992,5,medium,long_tenure
1672,7.4,48.5,0.515,2,0.0370632198172426,-0.6537960488241659,5,medium,long_tenure
1673,1.9,19.5,0.349,0,0.04783955232388143,0.5035418615696918,5,low,established
1674,10.1,12.2,0.888,1,0.03461329712981291,1.28014874555078,5,medium,new
1675,7.3,27.7,0.518,1,0.1122050736214594,1.4438704193704355,8,medium,established
1676,0.0,14.2,0.485,0,0.05217465461231754,2.740721006601756,5,low,new
1677,7.0,6.2,0.344,1,0.08180540096819089,1.798815414004439,7,medium,new
1678,13.9,75.8,0.713,0,0.11199407647597007,1.6973091440591077,8,high,long_tenure
1679,2.4,16.6,0.323,1,0.20729578381994598,0.37322685530639466,10,low,new
1680,10.0,31.2,0.517,3,-0.03354547150709672,-0.43657485095657744,2,medium,established
1681,3.4,14.7,0.447,1,0.14889588782117097,0.43480062861496716,9,low,new
1682,6.7,37.3,0.301,2,0.11676823852182491,2.0834691219107744,8,medium,established
1683,1.3,32.2,0.324,0,-0.01395569292079245,-0.9732324942719612,3,low,established
1684,15.6,13.1,0.99,0,0.11223982323283219,1.0003962599059273,8,high,new
1685,19.0,1.8,0.99,1,-0.06207737515808387,-0.9950436050496595,2,high,new
1686,15.9,11.8,0.99,0,0.11838699026862466,-0.79123115820074,8,high,new
1687,3.6,68.8,0.69,2,0.05309718380638578,-1.7287346404717403,5,low,long_tenure
1688,11.4,64.3,0.711,0,0.03382564105426809,-0.512468661677531,5,medium,long_tenure
1689,5.5,32.3,0.573,3,0.08701816069429089,0.6872804002006476,7,low,established
1690,8.2,64.5,0.601,2,0.1296097723328308,0.7790727075450036,8,medium,long_tenure
1691,6.1,31.1,0.526,3,-0.07447878690144331,-0.4219580814733773,1,medium,established
1692,4.8,21.5,0.58,1,-0.06932418344694004,-1.1688074278926133,2,low,established
1693,22.9,21.4,0.987,0,-0.04970471641343705,0.49102470717343566,2,high,established
1694,6.5,10.2,0.338,0,0.1679489406324683,0.46374998077306423,9,medium,new
1695,8.5,61.6,0.633,3,-0.12628070409184963,-1.1851026293028761,1,medium,long_tenure
1696,10.6,27.6,0.505,3,-0.012940203562869255,-0.43668235140631756,3,medium,established
1697,16.6,18.4,0.864,0,0.0553742371718561,0.37069001376943644,6,high,established
1698,4.6,28.8,0.61,2,0.11205613556751551,1.8549742190462406,8,low,established
1699,5.2,17.1,0.298,1,0.01471760896000536,0.505568652184796,4,low,new
1700,3.3,22.1,0.669,1,0.11212049229752917,0.5111138307194902,8,low,established
1701,5.1,21.9,0.49,1,-0.055301314333152544,0.4841586570761515,2,low,established
1702,3.1,11.0,0.379,0,0.006601691895130291,-1.0372025668688056,4,low,new
1703,2.9,67.3,0.648,1,0.09860957736458129,0.6258668194827173,7,low,long_tenure
1704,12.1,11.2,0.515,3,-0.009738835564703304,0.36274317350088076,3,high,new
1705,6.5,83.0,0.58,0,0.17136132671741652,-2.06688724680673,9,medium,long_tenure
1706,4.9,31.5,0.438,1,0.12215294568652474,0.31914513543990974,8,low,established
1707,13.9,23.7,0.864,0,-0.06087607158619254,0.9237564725759049,2,high,established
1708,6.0,41.2,0.537,0,0.1377121633317403,0.6657251256423989,9,low,established
1709,1.7,12.5,0.406,0,-0.03242350798026541,0.46257883293046703,2,low,new
1710,18.6,32.7,0.755,0,0.1594051182318044,-0.49000505833642205,9,high,established
1711,7.7,71.8,0.29,2,0.020762011298755347,-0.9388157690032949,4,medium,long_tenure
1712,8.1,76.3,0.499,0,0.008841019499291818,1.4257803341183817,4,medium,long_tenure
1713,3.1,34.4,0.614,2,0.16718485014343568,0.47425500075370985,9,low,established
1714,0.0,28.3,0.475,1,0.10024643407336307,-0.8287613511005438,7,low,established
1715,10.1,51.8,0.706,0,0.20776759335872852,0.7207644495079186,10,medium,long_tenure
1716,2.7,33.9,0.431,1,0.007443398641046421,-1.0071654041202283,4,low,established
1717,5.0,48.8,0.696,0,0.14290712403453332,-0.6171684198213792,9,low,long_tenure
1718,9.1,16.5,0.719,2,0.14235524284779713,0.6449881049605988,9,medium,new
1719,8.1,15.7,0.635,3,0.12987125713901682,-0.44685526534561926,8,medium,new
1720,0.4,33.7,0.61,1,0.18601317785452254,-0.8250840679921269,10,low,established
1721,12.3,15.3,0.896,1,0.009317487112604784,0.9600791037050871,4,high,new
1722,16.9,17.2,0.966,0,0.012592825354793861,-0.408439942611217,4,high,new
1723,7.2,30.8,0.667,1,0.10757246054856674,0.559235865358098,8,medium,established
1724,10.4,17.5,0.487,1,0.05784228842810323,0.5362624781251513,6,medium,new
1725,8.4,54.0,0.645,0,-0.1427955361413737,1.5606464390150636,1,medium,long_tenure
1726,18.8,8.6,0.697,1,0.09492753368304199,1.3221998710834408,7,high,new
1727,5.8,45.1,0.626,1,-0.047319426144256965,0.7011977956445303,2,low,established
1728,5.1,15.9,0.399,3,0.17723175710197894,0.36204003659581496,10,low,new
1729,17.7,3.0,0.863,0,0.1848370810532322,0.5331916838190989,10,high,new
1730,6.3,68.9,0.595,1,0.05341644076887337,-0.6432573792961035,5,medium,long_tenure
1731,7.5,29.9,0.486,0,0.13793272677007515,-1.3992995355258955,9,medium,established
1732,11.5,1.0,0.803,0,-0.020454471640325527,0.8132917214914626,3,medium,new
1733,2.3,18.4,0.635,0,0.21610688666411804,1.762791901428749,10,low,established
1734,11.4,38.3,0.962,1,0.1080182217993965,1.2345137262049797,8,medium,established
1735,2.5,10.2,0.342,0,0.1423114634234943,-1.0603684429488813,9,low,new
1736,4.1,27.1,0.501,2,-0.05007359997532606,0.2847766902962952,2,low,established
1737,6.7,23.3,0.539,3,0.01620789604009776,0.3343747215784262,4,medium,established
1738,15.6,29.1,0.941,0,0.05284786948298264,0.6087142003072099,5,high,established
1739,7.4,34.5,0.479,2,-0.005241930305595774,-0.6634317383259265,3,medium,established
1740,0.3,16.8,0.676,2,0.2205528929711855,-1.1570626972462987,10,low,new
1741,12.7,16.8,0.97,2,0.19606375716811075,-0.8258222531107574,10,high,new
1742,16.8,17.0,0.763,0,0.19403811784658256,-0.5665627354479565,10,high,new
1743,18.4,14.9,0.923,1,-0.006382036308592983,-1.0694998258460764,3,high,new
1744,3.4,6.2,0.406,0,0.2607022456516334,0.5619951500084074,10,low,new
1745,12.3,45.9,0.591,2,0.099574259800002,-0.4977946117598069,7,high,established
1746,6.4,43.8,0.459,3,-0.036490962554251,0.33856133082233997,2,medium,established
1747,3.4,9.5,0.436,1,0.1802411802644659,0.3593248817059706,10,low,new
1748,8.2,27.4,0.499,1,-0.14696434165003394,0.5607206318667501,1,medium,established
1749,12.1,59.3,0.602,0,0.039359418274711476,0.9744119826616203,5,high,long_tenure
1750,8.4,48.1,0.683,0,0.08267941397192423,-0.6563150222916133,7,medium,long_tenure
1751,4.1,8.6,0.538,1,0.12582927967607935,-1.1156717412558184,8,low,new
1752,18.6,8.0,0.868,0,0.09013842670042028,-0.4512654886073799,7,high,new
1753,9.5,17.7,0.52,2,-0.0180549151087703,-1.095811347892734,3,medium,new
1754,3.8,4.7,0.332,3,0.11567206352492704,-0.4865601609772866,8,low,new
1755,5.6,64.1,0.569,0,0.05874391257113663,0.5358750979999005,6,low,long_tenure
1756,11.3,45.0,0.452,0,-0.06823034656624402,0.7358623816047338,2,medium,established
1757,21.3,26.1,0.809,2,0.11193647726512332,0.5978828483524259,8,high,established
1758,6.8,20.5,0.444,0,0.05783198470741186,0.502283861799983,6,medium,established
1759,0.1,1.0,0.5,0,0.16930768046088945,-1.2147283948680534,9,low,new
1760,6.5,30.6,0.341,2,0.08712753254213945,-1.1235483032596856,7,medium,established
1761,9.1,63.8,0.707,0,-0.1899603605260918,-0.542157185250853,1,medium,long_tenure
1762,13.4,21.1,0.912,1,0.04171263704010588,-1.228183838426021,5,high,established
1763,19.5,39.2,0.748,0,0.054869763500076635,-0.4333608447742158,6,high,established
1764,17.2,6.1,0.919,0,0.03980021243129551,1.2850225343520045,5,high,new
1765,19.6,1.0,0.99,0,0.1571399212015589,-0.399797844244578,9,high,new
1766,13.1,3.4,0.692,0,-0.04806065426504621,1.0429063103043257,2,high,new
1767,5.6,27.8,0.651,0,0.11678332880923496,-0.9790188494144074,8,low,established
1768,13.6,16.3,0.833,1,0.07596015189021488,-0.6804781996219829,6,high,new
1769,16.7,1.4,0.719,1,0.06911045890586733,-1.320601989485315,6,high,new
1770,8.5,5.0,0.445,3,0.19638919725301238,0.7147316727832856,10,medium,new
1771,5.1,26.7,0.681,4,0.044816325297806714,-0.3919326172566806,5,low,established
1772,0.8,7.0,0.399,0,0.19040570675735372,-1.5904970714681868,10,low,new
1773,11.6,37.2,0.624,0,0.06615426670288205,1.5054634709213779,6,medium,established
1774,4.5,17.1,0.663,0,0.17463571999378938,-1.287860425115258,10,low,new
1775,12.2,23.5,0.613,3,0.061208405727963704,-1.685391603552822,6,high,established
1776,6.8,21.9,0.918,1,0.10608970785947393,-1.0281941284312714,8,medium,established
1777,9.1,34.2,0.729,3,0.08712231569228271,0.5236855967590681,7,medium,established
1778,9.9,62.5,0.646,0,0.07965861553038309,-0.46070922189850616,7,medium,long_tenure
1779,8.6,64.4,0.672,0,0.05268350925551143,-0.5759145797829497,5,medium,long_tenure
1780,3.2,64.2,0.605,0,0.17164860969033804,-0.6686569702708727,9,low,long_tenure
1781,23.6,15.1,0.927,0,0.26065766710991695,0.455301643825582,10,high,new
1782,5.1,9.6,0.492,1,0.012707063334140505,-0.6103855581006906,4,low,new
1783,12.4,7.2,0.856,0,0.08449834405805437,0.7571900813123688,7,high,new
1784,16.8,11.3,0.748,1,0.12636385449663698,0.8196135340525936,8,high,new
1785,17.2,40.8,0.99,0,0.00014257101981095024,0.5603331066973755,3,high,established
1786,7.2,5.8,0.537,0,0.13186809585400858,-0.9841301914291893,8,medium,new
1787,10.5,57.0,0.484,0,-0.07748445180576419,-2.118131929515109,1,medium,long_tenure
1788,8.4,32.2,0.609,1,0.056789765446521576,-1.0276997447679144,6,medium,established
1789,0.0,18.4,0.543,0,-0.027274944009818197,-1.2543951206060322,3,low,established
1790,17.2,28.9,0.99,2,0.035926960285832504,1.5436095677606416,5,high,established
1791,0.1,18.3,0.354,0,-0.03342944972430373,2.7633951256669924,2,low,established
1792,11.3,59.2,0.748,1,-0.11308877598622355,1.039647700824172,1,medium,long_tenure
1793,14.0,25.8,0.902,1,0.08657267396775457,1.275470437707265,7,high,established
1794,10.7,52.7,0.633,2,-0.0018446709567823479,-1.3251219699792827,3,medium,long_tenure
1795,2.7,38.9,0.329,0,0.12235654079976084,-1.0905499245733024,8,low,established
1796,14.7,14.4,0.432,0,0.0946603629647541,-0.5883032968021734,7,high,new
1797,6.8,30.4,0.504,7,0.0908788683784094,-0.22375400887648236,7,medium,established
1798,17.9,16.6,0.959,0,0.05569706619490009,0.9349304050736199,6,high,new
1799,7.3,32.8,0.567,3,-0.04095569460348165,-0.24049139136025213,2,medium,established
1800,11.1,20.8,0.662,5,0.06064338672463415,-0.3373115270087199,6,medium,established
1801,7.4,42.2,0.712,3,0.12016025071689446,1.452113835801737,8,medium,established
1802,8.4,33.5,0.554,2,-0.18469800734607933,0.6658963676827891,1,medium,established
1803,16.1,15.5,0.853,1,-0.0512432762223553,1.3968881449468107,2,high,new
1804,9.4,15.7,0.349,2,-0.02695126432882247,0.3868718179860346,3,medium,new
1805,6.5,31.7,0.42,0,0.11241234122871892,-1.080377706238464,8,medium,established
1806,10.9,8.3,0.443,1,0.032501014513223174,-0.5558476294382491,5,medium,new
1807,15.3,9.0,0.961,0,0.045053169449357895,-0.9132707106720213,5,high,new
1808,9.5,55.2,0.605,2,0.09896338775006278,0.5754905503242651,7,medium,long_tenure
1809,8.0,65.4,0.581,0,0.1346392020891144,-0.6005813112489627,9,medium,long_tenure
1810,17.6,38.6,0.829,0,0.06568926609749416,-0.3579642932398152,6,high,established
1811,14.9,22.9,0.814,2,0.1481315818758229,1.080277618186837,9,high,established
1812,5.9,79.4,0.742,0,0.1869337438372,-2.3185661049634443,10,low,long_tenure
1813,5.7,29.7,0.44,2,0.02261232330415953,0.3200504655944222,4,low,established
1814,14.7,29.5,0.99,0,0.032568265185212254,1.0939493679755736,5,high,established
1815,8.4,44.3,0.189,0,0.1502538035532738,1.8475802578190565,9,medium,established
1816,9.2,22.2,0.649,2,0.08718596037997838,-0.8203334571108332,7,medium,established
1817,0.8,12.4,0.377,2,-0.03519086890736146,-0.8675963848230552,2,low,new
1818,6.4,70.0,0.609,1,0.01452187669919866,-0.5473157486324696,4,medium,long_tenure
1819,5.3,62.0,0.789,0,0.11725192393223843,-0.6257915519564212,8,low,long_tenure
1820,11.9,33.6,0.547,5,0.020488933789999407,0.40583056318559085,4,medium,established
1821,6.6,19.0,0.484,3,-0.10154616062549189,0.3702168871760275,1,medium,established
1822,7.8,54.8,0.528,0,-0.08536113095941172,-0.7403221106345458,1,medium,long_tenure
1823,9.8,50.4,0.594,1,0.03291889739123363,0.5634305692762123,5,medium,long_tenure
1824,8.8,17.8,0.415,3,0.0609341993186633,0.3547678895499652,6,medium,new
1825,6.8,30.2,0.424,1,-0.0848144934552486,0.41859001526173734,1,medium,established
1826,17.4,22.3,0.942,1,-0.009472806814668848,0.45736765365968896,3,high,established
1827,9.9,43.1,0.762,0,0.10600114132960976,-0.6540855814748829,8,medium,established
1828,7.5,52.0,0.55,1,-0.12610677614586954,0.6007291957767222,1,medium,long_tenure
1829,2.8,14.0,0.372,0,0.3080748880980843,0.3537109896856935,10,low,new
1830,9.8,68.8,0.569,1,0.020829078330624206,-2.31416932007209,4,medium,long_tenure
1831,12.2,57.6,0.612,0,0.17558903988773966,1.2856669997493237,10,high,long_tenure
1832,7.5,21.0,0.324,0,-0.023129715864726817,0.5391674399224597,3,medium,established
1833,12.3,44.5,0.403,0,0.07265484741233971,0.9045588357188106,6,high,established
1834,16.4,43.9,0.785,0,-0.006564974879428669,0.719453783386934,3,high,established
1835,13.4,16.9,0.895,0,0.1474798397351468,0.69048996584729,9,high,new
1836,13.6,22.0,0.884,0,0.07773786399537884,-0.3245303538235485,6,high,established
1837,19.7,9.5,0.961,0,0.10467077602184892,0.5656403210065777,8,high,new
1838,3.0,54.2,0.733,2,0.2779987495198926,-0.6045172500322771,10,low,long_tenure
1839,8.6,45.0,0.381,0,0.04502146250901293,0.5346075436354936,5,medium,established
1840,2.4,1.0,0.256,0,0.17164112742456353,0.5414879856929401,9,low,new
1841,21.2,19.3,0.944,0,0.15589084174638007,0.41429970996767895,9,high,established
1842,8.8,16.5,0.589,4,0.1573780338409084,-1.4346268189001865,9,medium,new
1843,18.0,11.1,0.872,0,0.055393408861782886,0.755390441692217,6,high,new
1844,10.9,14.3,0.564,0,0.06757222692848303,-0.8683272678871463,6,medium,new
1845,15.1,4.2,0.95,0,-0.05046391463975534,1.2897782887261253,2,high,new
1846,8.1,31.4,0.604,1,0.009475095820876973,-1.0150955750054866,4,medium,established
1847,6.1,31.2,0.658,0,0.0814230462382532,-2.0528147551523026,7,medium,established
1848,6.3,27.2,0.683,3,0.03929847020863966,0.5355849817546284,5,medium,established
1849,7.1,60.9,0.564,0,-0.042395639250397604,0.6943533629858696,2,medium,long_tenure
1850,3.0,5.7,0.333,3,0.15389103361161416,-0.6452078944796579,9,low,new
1851,12.6,34.2,0.874,1,0.09785479988713135,1.3325820640133648,7,high,established
1852,3.9,14.9,0.3,0,0.2080042715101927,0.4451709950988652,10,low,new
1853,9.2,59.2,0.635,0,-0.0701036483867294,-0.4495473165778458,2,medium,long_tenure
1854,2.1,14.9,0.441,2,0.2669979068356911,-1.0655708728582427,10,low,new
1855,4.1,21.0,0.422,1,0.07824094611865894,2.36200998463408,7,low,established
1856,8.3,37.7,0.39,1,-0.011957093687878192,0.45966882147295796,3,medium,established
1857,12.2,45.7,0.99,0,0.05265032793896841,0.8141823365527616,5,high,established
1858,21.2,24.9,0.99,0,-0.06676664585863502,-0.6654199961497403,2,high,established
1859,14.2,29.1,0.889,0,0.159976399013912,0.8012794645884871,9,high,established
1860,16.5,36.6,0.91,2,0.11229488191821342,-0.6968312550669588,8,high,established
1861,12.5,34.0,0.741,1,0.10251309431888414,-0.9035634468167804,7,high,established
1862,8.8,40.8,0.366,0,0.19912606469811744,0.5490288456210215,10,medium,established
1863,5.8,31.5,0.324,1,-0.04662155786024438,-0.8012704716164538,2,low,established
1864,7.1,32.7,0.615,2,0.09746315028457195,0.6592808042406566,7,medium,established
1865,6.9,35.2,0.636,2,0.0719436417974458,0.5584538321797947,6,medium,established
1866,2.9,1.0,0.484,1,0.33531373800333053,-1.0440539728329539,10,low,new
1867,9.6,25.5,0.521,0,0.13015106489701778,1.7310048554962105,8,medium,established
1868,15.0,1.0,0.819,0,0.026081546666615607,0.7337675553553619,4,high,new
1869,9.9,11.5,0.435,6,0.08570370759831013,-0.45996452699421014,7,medium,new
1870,1.7,24.3,0.366,0,0.003843537603914072,-1.648630430886351,3,low,established
1871,4.9,48.6,0.704,2,0.06488363307793729,0.7629300153013054,6,low,long_tenure
1872,8.1,61.9,0.539,1,-0.21855117184010123,1.2920539502305657,1,medium,long_tenure
1873,3.6,23.7,0.217,0,-0.0030906392069914193,-1.2507714884951013,3,low,established
1874,3.8,24.2,0.446,2,0.06059952859806219,-1.2497074723321482,6,low,established
1875,0.5,11.2,0.368,1,0.008647107303987288,0.3767834978947645,4,low,new
1876,4.3,32.8,0.24,1,0.10065888392363839,0.5022737585376345,7,low,established
1877,20.2,14.9,0.908,0,0.06640104129119051,0.520633257838211,6,high,new
1878,5.7,67.3,0.598,0,-0.005061932143472597,-0.693966532703223,3,low,long_tenure
1879,11.4,16.6,0.774,0,0.08145924631763983,-0.8556157332990257,7,medium,new
1880,0.0,28.9,0.6,0,0.02564506053229198,0.5100109356052709,4,low,established
1881,5.8,75.2,0.704,0,0.1817238637293894,0.6995390382791367,10,low,long_tenure
1882,3.8,42.6,0.588,3,0.14143662995259934,-1.5499775085887946,9,low,established
1883,11.3,52.4,0.574,0,-0.05231903294940775,1.459793213756595,2,medium,long_tenure
1884,6.9,15.5,0.376,2,0.09097764502828679,-1.0808877252443296,7,medium,new
1885,5.2,50.1,0.759,0,0.16046361461010314,1.7525118289915442,9,low,long_tenure
1886,8.8,54.1,0.722,0,0.011869091793418173,-0.4301731848737098,4,medium,long_tenure
1887,19.2,1.0,0.736,0,0.15745802151765848,-0.41748571779664345,9,high,new
1888,19.7,14.3,0.763,1,0.10798023662688647,0.7007605875647797,8,high,new
1889,3.4,29.6,0.299,4,0.09250982761439698,0.2597668943731207,7,low,established
1890,2.0,52.6,0.757,0,0.36365525366132123,0.8002171196144285,10,low,long_tenure
1891,13.6,14.9,0.71,0,0.17706528463087695,-1.3621885456388219,10,high,new
1892,6.6,19.4,0.517,1,0.025058580679439436,-1.058274532670774,4,medium,established
1893,14.7,43.7,0.634,6,-0.03038298637601954,-0.29388598836858437,2,high,established
1894,15.9,8.7,0.916,0,0.21344050130311923,-1.731986334146832,10,high,new
1895,6.4,55.1,0.588,0,-0.31177110907592726,2.00132739619998,1,medium,long_tenure
1896,22.5,5.8,0.99,0,0.12498464301772048,-0.5773936801036242,8,high,new
1897,10.1,17.3,0.602,0,0.04693298870267194,1.47766885986189,5,medium,new
1898,12.7,22.4,0.741,0,0.057537480423341614,-0.5993517178635741,6,high,established
1899,15.7,14.4,0.767,0,0.048338358137195024,0.4729110502551693,5,high,new
1900,18.7,16.7,0.719,0,0.1054522611765865,1.3476986918751102,8,high,new
1901,8.8,46.3,0.722,1,0.0342520290233191,0.6867524676017651,5,medium,established
1902,18.1,32.0,0.99,1,0.027794434982389114,1.38198530302697,4,high,established
1903,0.2,2.2,0.549,0,0.09613439762480375,-0.7557889282927941,7,low,new
1904,12.1,23.8,0.884,0,-0.055807901467418916,1.051021147282193,2,high,established
1905,7.0,33.7,0.433,3,0.02880814760450382,-1.4170495377303933,4,medium,established
1906,7.2,56.5,0.524,0,0.12926739330590475,0.6460273668179284,8,medium,long_tenure
1907,8.9,65.9,0.531,0,0.06952568589115969,0.8384155294445452,6,medium,long_tenure
1908,17.7,1.0,0.895,0,0.045234981640636225,0.3080876885477689,5,high,new
1909,11.2,39.6,0.583,2,0.09943560056396614,0.5210062840322432,7,medium,established
1910,2.5,28.2,0.582,2,0.186590759817181,-0.9603318365981943,10,low,established
1911,15.2,5.6,0.846,1,0.013704627169739381,0.9885039369217115,4,high,new
1912,14.1,9.0,0.654,0,0.04751696433045353,-0.8827583957563234,5,high,new
1913,7.4,1.6,0.302,2,0.06925564583771589,-1.0753056518810782,6,medium,new
1914,12.1,27.2,0.721,0,0.07978800402517482,-0.7361242973786274,7,high,established
1915,14.8,10.2,0.925,0,0.1773769511480071,-0.566510478986843,10,high,new
1916,21.6,1.0,0.861,1,0.10666176100506643,0.3673034741480185,8,high,new
1917,7.1,40.3,0.543,4,0.15495457331227452,-0.39333902809016724,9,medium,established
1918,7.3,37.3,0.347,1,0.02860349602597674,0.4316403539156715,4,medium,established
1919,12.9,30.7,0.458,4,-0.0960728723192892,0.7538698423799421,1,high,established
1920,0.8,18.3,0.658,0,0.1246145964764575,-0.8715077651526548,8,low,established
1921,9.6,67.2,0.829,0,0.1849816619452828,-0.6252902993227538,10,medium,long_tenure
1922,0.6,61.8,0.55,0,-0.028562885911898164,-0.6640328104026358,2,low,long_tenure
1923,10.2,49.0,0.447,2,0.024294188184935884,0.6131687678195246,4,medium,long_tenure
1924,5.0,54.2,0.659,1,0.08549939246435861,0.8033226206052214,7,low,long_tenure
1925,17.5,12.4,0.884,1,0.15053328086952006,-0.7601316039431755,9,high,new
1926,18.0,19.0,0.969,0,-0.05584614734119966,0.483474848331086,2,high,established
1927,11.0,62.1,0.734,1,0.01131003776620295,0.8322358451231396,4,medium,long_tenure
1928,11.4,33.5,0.461,2,-0.01743367743930764,0.5824674193410663,3,medium,established
1929,16.2,1.0,0.99,0,0.01588065067951907,-0.4002923858340117,4,high,new
1930,7.0,70.0,0.601,0,-0.011073358704446486,-2.221617005786607,3,medium,long_tenure
1931,8.8,31.0,0.657,2,-0.026992404677958083,0.5853136800085443,3,medium,established
1932,6.0,61.6,0.561,2,-0.026763703112504807,0.5427432516535791,3,low,long_tenure
1933,3.9,17.3,0.531,1,0.083171646139068,-0.7402049031487982,7,low,new
1934,3.7,25.9,0.17,2,0.022052387335370013,0.2935746412316271,4,low,established
1935,6.9,65.0,0.671,3,0.06130471380609177,1.654524733750351,6,medium,long_tenure
1936,11.3,18.3,0.808,0,0.024467996581042123,1.000279749856277,4,medium,established
1937,4.6,61.2,0.648,1,0.17875009283476878,1.5411396454648973,10,low,long_tenure
1938,0.5,19.2,0.727,2,0.13387115735355665,0.43231437039118104,9,low,established
1939,15.2,34.3,0.812,0,0.1462863686318233,0.7794921893330583,9,high,established
1940,17.0,2.1,0.794,0,-0.010049088647456824,0.4008701245755077,3,high,new
1941,8.8,21.1,0.859,0,0.003533131011231156,1.0560630372444475,3,medium,established
1942,8.6,56.3,0.592,0,0.06280432119781307,-2.709830297634339,6,medium,long_tenure
1943,7.7,59.7,0.524,0,0.2242131056298413,-1.775626585290732,10,medium,long_tenure
1944,12.8,1.0,0.912,2,0.07087835575102112,-0.9024406328878545,6,high,new
1945,3.3,38.1,0.447,1,-0.0010561727721332555,2.570947525383687,3,low,established
1946,7.3,18.7,0.481,2,0.012414166146836502,-0.8300857689507577,4,medium,established
1947,13.4,1.4,0.81,0,-0.021166004902933813,-1.6333238927306408,3,high,new
1948,4.7,37.0,0.326,0,0.02046377279205161,0.36337972039742855,4,low,established
1949,16.9,10.0,0.887,0,0.014954258204713723,1.2908680228277811,4,high,new
1950,2.3,26.0,0.403,0,0.08869809402212873,0.3268894317522993,7,low,established
1951,7.2,32.1,0.405,0,0.17382184785710644,0.6044506228778957,10,medium,established
1952,17.1,21.7,0.822,0,0.0976902851873278,1.271997989571529,7,high,established
1953,3.8,1.0,0.466,1,0.23335871631657756,2.1000255515862873,10,low,new
1954,10.9,30.3,0.326,0,0.12622540635340435,0.4979875824342116,8,medium,established
1955,7.2,20.8,0.417,0,0.08277447327839077,0.5581654476888057,7,medium,established
1956,0.0,18.1,0.396,2,0.12756642208399732,0.34523465578864176,8,low,established
1957,7.9,29.7,0.586,5,0.06540534277615989,-0.3216136576251634,6,medium,established
1958,22.7,1.0,0.99,2,0.17588122369874246,-0.6634646906233148,10,high,new
1959,1.8,24.3,0.285,1,-0.03182371435727829,0.4060773191820532,2,low,established
1960,9.2,14.6,0.327,2,0.038932990054804995,-0.9022969720171695,5,medium,new
1961,12.3,27.6,0.525,2,-0.014601582990089875,1.2555163570025913,3,high,established
1962,9.8,63.9,0.513,0,-0.14902948133521718,-0.6607863644504796,1,medium,long_tenure
1963,11.2,43.9,0.259,2,0.08806929142246803,0.5618825809139879,7,medium,established
1964,18.0,6.2,0.99,0,0.04841005345328897,0.7416137979115797,5,high,new
1965,4.6,39.4,0.492,0,0.16481927437131969,-0.7324129359101945,9,low,established
1966,13.9,27.4,0.973,0,0.08779872835170224,-0.4902014569527918,7,high,established
1967,5.7,16.8,0.399,2,0.26823666044012906,-0.9536039081836443,10,low,new
1968,3.4,8.7,0.476,1,0.1873978713396865,2.2238277970320444,10,low,new
1969,6.7,44.7,0.594,0,0.007808438760036143,0.6917303645292362,4,medium,established
1970,12.0,65.3,0.73,0,-0.02549586586850873,-0.46520892942884473,3,medium,long_tenure
1971,7.0,53.2,0.661,1,0.20349341927869985,-0.7092440560699056,10,medium,long_tenure
1972,9.1,36.4,0.426,2,-0.06660528553152138,0.7559119929508504,2,medium,established
1973,5.2,13.8,0.434,2,-0.008730121842749107,0.4529263295260018,3,low,new
1974,7.6,51.2,0.801,0,0.21033849221936918,-0.3977363564197975,10,medium,long_tenure
1975,11.1,18.8,0.918,0,0.06340753897470933,-0.2861820406874128,6,medium,established
1976,21.7,7.8,0.787,0,0.048298504685634985,0.40059435130833887,5,high,new
1977,8.0,62.1,0.677,0,0.05134398735847263,0.8358920365367539,5,medium,long_tenure
1978,0.0,33.8,0.484,0,0.08702168041766517,-1.30131206254771,7,low,established
1979,7.2,23.4,0.414,0,0.04696966932509434,-1.0434544405303743,5,medium,established
1980,15.9,17.5,0.894,0,0.11452462630176699,-0.42789034366520584,8,high,new
1981,2.0,24.5,0.313,0,-0.015169436466779223,0.3543644825988718,3,low,established
1982,10.5,41.7,0.651,1,0.19551442644767114,-0.7964255481731193,10,medium,established
1983,0.0,26.7,0.296,2,0.09562412201565258,0.3953641059482069,7,low,established
1984,14.1,17.9,0.872,0,0.10252974657362048,-0.735529418522459,7,high,new
1985,8.2,41.7,0.516,1,-0.07857223159930582,1.7159239854078503,1,medium,established
1986,6.8,29.3,0.538,0,0.191786036410583,0.6895319730586439,10,medium,established
1987,22.0,13.6,0.99,1,-0.07184740748568157,0.4130924725397396,1,high,new
1988,8.3,43.4,0.464,4,-0.005390591981094335,0.4601753697915463,3,medium,established
1989,5.7,18.5,0.429,0,0.02259890442272119,-1.204336241907677,4,low,established
1990,23.4,19.0,0.866,3,0.08359861671419354,0.3052530378087508,7,high,established
1991,16.0,12.3,0.951,0,0.028232091309170714,1.2135149194435981,4,high,new
1992,10.3,36.5,0.601,3,0.055564919633167446,-1.7761791661485957,6,medium,established
1993,4.7,57.5,0.597,0,0.2039165223081301,2.195372023137571,10,low,long_tenure
1994,21.3,35.8,0.91,0,0.08878349678649118,0.5419441661484674,7,high,established
1995,6.1,86.2,0.616,1,0.017999041463124133,-0.5712653890139837,4,medium,long_tenure
1996,5.2,32.5,0.605,2,0.05260795442030242,-1.032604377669831,5,low,established
1997,16.6,34.5,0.813,0,0.09413539532537916,-0.28957719513140034,7,high,established
1998,8.2,43.5,0.668,0,0.027894385755336544,-0.603652626841664,4,medium,established
1999,3.3,4.9,0.486,0,0.08918235361482282,0.5649727015403063,7,low,new
2000,9.7,27.1,0.638,3,0.12296905617773136,-0.6144535373474505,8,medium,established
2001,9.2,22.5,0.397,0,0.01822028767939007,0.4047999576145883,4,medium,established
2002,14.2,59.6,0.791,1,0.06588961342301518,-1.945355954251554,6,high,long_tenure
2003,4.0,2.3,0.2,1,0.030585102760582076,-1.0468507791464432,4,low,new
2004,7.8,44.8,0.47,5,-0.08539125301226341,-0.6800257316633361,1,medium,established
2005,13.8,41.9,0.973,0,0.11688185415923882,-0.7323234254568624,8,high,established
2006,11.8,37.4,0.333,1,0.002649891423828172,0.693793543476362,3,medium,established
2007,8.3,75.0,0.537,1,-0.035308828047664796,0.7843708433271824,2,medium,long_tenure
2008,19.0,18.7,0.849,1,-0.06369467701422164,-0.3588679771893303,2,high,established
2009,17.9,5.9,0.814,0,-0.033792721105944654,-1.7138352064915967,2,high,new
2010,15.0,31.9,0.66,5,0.008363737593792369,1.053519057000534,4,high,established
2011,15.3,41.3,0.99,0,0.06540976602194679,-0.47013364599506435,6,high,established
2012,13.0,11.8,0.91,0,0.10621549586667353,-0.6921687651757341,8,high,new
2013,21.0,10.5,0.99,1,0.031449746916253546,0.48222079999807543,5,high,new
2014,10.4,75.3,0.487,3,-0.018178580993651147,0.3889818974363858,3,medium,long_tenure
2015,9.2,76.1,0.648,1,-0.03294865673303366,-0.5020416199674174,2,medium,long_tenure
2016,13.1,20.8,0.738,0,0.0995363304174504,-1.248209155408182,7,high,established
2017,17.4,12.9,0.99,1,-0.0004899203845728853,-1.1001406295179272,3,high,new
2018,20.2,10.0,0.99,0,-0.07433124357073452,-0.37397576409652733,1,high,new
2019,9.7,31.8,0.525,3,0.05703966363750346,0.26527436234811214,6,medium,established
2020,10.4,75.2,0.741,1,-0.07309467903644189,1.034483513520667,1,medium,long_tenure
2021,10.4,21.4,0.543,2,-0.05774147782186004,0.5692918871002544,2,medium,established
2022,15.1,29.1,0.965,1,0.08165648458505234,0.8849718835235844,7,high,established
2023,15.4,17.2,0.99,1,-0.022445493640416838,0.9565266488064408,3,high,new
2024,14.9,43.9,0.813,1,0.09993983797387974,-0.4641843853054277,7,high,established
2025,8.7,65.8,0.436,0,-0.13342595432933305,-0.49619812402465924,1,medium,long_tenure
2026,6.8,60.8,0.843,0,0.11972359077836468,-0.40925619971967453,8,medium,long_tenure
2027,5.7,28.9,0.484,0,0.00948085266488719,-0.75466656518577,4,low,established
2028,9.1,58.0,0.628,0,-0.23473140305804344,0.8212752015759266,1,medium,long_tenure
2029,9.6,9.5,0.572,1,0.16472565638912173,-1.3547125815948426,9,medium,new
2030,9.6,28.1,0.359,2,0.08011527662363511,0.5818955179116194,7,medium,established
2031,14.5,12.9,0.923,1,-0.09690068276358042,-0.4769576011546838,1,high,new
2032,7.2,42.9,0.582,0,0.12479799078872734,-0.7338732945394,8,medium,established
2033,3.5,61.1,0.646,0,0.001671369186784795,-0.5640661817207389,3,low,long_tenure
2034,7.7,37.2,0.643,0,0.08147333917842976,0.6776048391462692,7,medium,established
2035,13.3,11.8,0.528,1,0.08440573949732749,1.0269203593193121,7,high,new
2036,4.8,24.9,0.484,0,-0.03612717358136584,-0.7481927731497291,2,low,established
2037,2.6,23.2,0.451,1,0.12242506653449936,0.44342102176923814,8,low,established
2038,10.5,11.1,0.936,0,0.11409186952824,0.92520163536485,8,medium,new
2039,15.1,30.0,0.57,1,0.016421884752993523,-0.8031036261728546,4,high,established
2040,3.9,12.6,0.435,1,0.053206889976499264,0.4102932695452449,5,low,new
2041,19.9,16.1,0.919,1,0.09807232474534484,-0.294848550194396,7,high,new
2042,3.1,22.7,0.46,1,0.15132472883957418,0.36989995030873546,9,low,established
2043,13.6,20.2,0.642,6,-0.05580556908910991,-0.4596797623703618,2,high,established
2044,1.4,25.2,0.461,0,0.031603196152913134,0.31761114874846297,5,low,established
2045,5.0,25.1,0.633,2,0.13081921645022562,0.715788650580792,8,low,established
2046,13.1,14.0,0.82,2,0.07301912660754105,1.0623755180028445,6,high,new
2047,15.0,91.1,0.599,0,-0.09140469073138416,-0.4368786558045306,1,high,long_tenure
2048,8.3,29.3,0.776,3,-0.0068164739087009756,0.8164378525072333,3,medium,established
2049,18.2,12.6,0.883,0,0.05783138232618973,-0.23913333611445847,6,high,new
2050,9.2,56.9,0.742,1,0.0009913943499207534,-1.327201646744454,3,medium,long_tenure
2051,4.4,10.3,0.445,1,0.16927157833714399,0.5083103698716379,9,low,new
2052,17.4,24.2,0.875,0,0.02196415600762966,0.5359232322581284,4,high,established
2053,11.7,53.8,0.748,1,0.022234877538050465,-0.6348619740595143,4,medium,long_tenure
2054,6.3,15.2,0.487,1,0.0855495500731507,1.9260965404782369,7,medium,new
2055,8.4,55.5,0.471,1,0.027230651363670925,-2.5570423598684973,4,medium,long_tenure
2056,9.4,50.2,0.659,2,0.06848228834248032,-0.7503195523441923,6,medium,long_tenure
2057,9.7,1.0,0.321,0,0.05325811607438674,-1.0061488941792665,5,medium,new
2058,6.9,56.4,0.78,2,-0.11679304010646303,0.8027194195988352,1,medium,long_tenure
2059,11.0,26.5,0.99,3,0.10358571138035998,-0.6435615513255135,8,medium,established
2060,13.0,18.4,0.99,0,0.012878500549551513,1.2400518413703236,4,high,established
2061,1.7,40.7,0.469,2,0.04924371009860522,-0.9414842794546733,5,low,established
2062,13.6,25.0,0.849,0,0.19462452381837123,-1.4907718091369544,10,high,established
2063,5.7,68.3,0.675,1,0.004019994030690634,1.7371024876513839,3,low,long_tenure
2064,15.9,38.6,0.797,0,0.07803750945481269,0.547485739338791,6,high,established
2065,8.7,60.8,0.898,0,-0.08612808148650622,0.8155185643779511,1,medium,long_tenure
2066,5.1,22.8,0.561,0,0.052271434330248466,-0.9504642225101056,5,low,established
2067,6.0,61.9,0.673,0,0.10580322776585857,-1.7736238760687155,8,low,long_tenure
2068,7.2,40.5,0.54,0,-0.020114030301867022,-0.8682284779149365,3,medium,established
2069,17.4,16.0,0.846,0,0.04413901006500177,-0.4680305336408327,5,high,new
2070,12.3,54.2,0.518,1,-0.1320387774828971,-0.5669076499517135,1,high,long_tenure
2071,6.8,29.1,0.187,0,0.06297042007618704,2.6362116602118277,6,medium,established
2072,7.1,52.2,0.649,1,0.15797877517089073,0.8488161280461161,9,medium,long_tenure
2073,19.5,22.4,0.877,1,0.04207993140645887,0.48279189467319744,5,high,established
2074,5.2,27.0,0.487,4,0.03340534261820834,-0.6641730541803648,5,low,established
2075,10.2,59.7,0.641,1,0.11105684555114306,0.9004286876799331,8,medium,long_tenure
2076,10.9,37.8,0.642,5,0.07705041096554648,-0.4537836150718648,6,medium,established
2077,4.2,4.1,0.519,2,-0.07087144443230185,-0.6616396983302718,1,low,new
2078,16.3,18.0,0.739,0,-0.12614044106476333,-0.6282897154205729,1,high,new
2079,7.6,56.4,0.736,0,0.08622402016565274,-0.3649743540659007,7,medium,long_tenure
2080,13.7,50.3,0.855,0,0.13187554365181092,0.6547097688838184,8,high,long_tenure
2081,2.2,63.9,0.697,0,-0.1377915371960909,0.6622616765283929,1,low,long_tenure
2082,14.1,8.8,0.99,0,0.054578566121060657,-1.3525154360078349,6,high,new
2083,9.5,14.5,0.703,4,0.15531569831435021,-0.47025438557108057,9,medium,new
2084,18.9,31.7,0.914,0,0.1532108166395455,-0.5965100435768262,9,high,established
2085,11.1,26.8,0.61,4,-0.0906739450923577,-0.4199534682162043,1,medium,established
2086,15.2,6.5,0.99,2,-0.12526493744024927,-0.7856654944173165,1,high,new
2087,6.2,66.0,0.475,1,0.14190567938899448,-1.481585316248104,9,medium,long_tenure
2088,7.5,69.8,0.535,1,-0.11754085669868752,2.096738257780988,1,medium,long_tenure
2089,6.4,38.6,0.559,5,-0.11355483647663121,-0.3587352625032184,1,medium,established
2090,2.3,62.2,0.493,0,0.28436821474534,0.6385299627026781,10,low,long_tenure
2091,3.8,63.9,0.61,1,0.06522450089280532,1.8732840577995802,6,low,long_tenure
2092,8.2,24.8,0.394,0,0.1871700110618679,1.8169108713837203,10,medium,established
2093,14.0,35.0,0.6,5,0.1001111008082958,0.5747959896006748,7,high,established
2094,18.0,21.1,0.894,0,-0.03919839986847239,0.4735977708607547,2,high,established
2095,4.3,35.1,0.548,1,0.01511332624764752,0.473888814704689,4,low,established
2096,4.2,62.7,0.703,0,0.15541996798833535,0.6861830736791932,9,low,long_tenure
2097,15.6,6.2,0.892,0,0.03668290288573049,0.6339253046277586,5,high,new
2098,9.7,60.3,0.603,0,0.15888244321337797,1.3565502881504772,9,medium,long_tenure
2099,18.2,25.0,0.895,0,-0.046263002399456986,-0.38697540191628504,2,high,established
2100,17.9,1.0,0.897,1,0.14761420719129856,0.3887412747775698,9,high,new
2101,7.8,1.0,0.707,1,0.17835277856655732,0.6367291976858138,10,medium,new
2102,21.2,27.0,0.74,1,0.074781530140355,1.3625186673784162,6,high,established
2103,3.4,40.2,0.328,1,-0.010440068285349423,0.4202625577696453,3,low,established
2104,12.1,6.8,0.312,1,0.1010353658384365,-0.7145787831266277,7,high,new
2105,3.5,32.2,0.62,1,0.14112758218298554,-1.5184140067118106,9,low,established
2106,6.9,26.2,0.615,3,0.04353681394561796,0.327049146983993,5,medium,established
2107,9.5,27.9,0.527,6,-0.00034945050771221646,-0.4546724630635074,3,medium,established
2108,6.0,25.7,0.529,2,-0.04674594228316235,-0.7197258806590575,2,low,established
2109,7.5,46.5,0.681,0,0.01884869550205022,-0.5375655414664747,4,medium,established
2110,14.7,2.7,0.99,1,0.1175158242917771,0.5799684496857547,8,high,new
2111,13.9,58.4,0.772,0,0.02621302410248039,-0.4557784035818475,4,high,long_tenure
2112,7.5,29.3,0.356,3,0.12792778063030208,0.17691071640372688,8,medium,established
2113,13.2,2.5,0.975,0,0.08270114973235909,-0.7252743697072523,7,high,new
2114,13.6,40.5,0.448,1,0.06032097484091832,0.5320334744137449,6,high,established
2115,18.3,11.0,0.927,1,0.18277379648815195,-0.47354885032510374,10,high,new
2116,7.5,16.9,0.422,3,0.07328906081163718,-0.5623304032931732,6,medium,new
2117,16.5,19.4,0.897,0,0.11863280695320322,1.205185895849724,8,high,established
2118,12.3,14.5,0.767,0,0.07520611249823259,0.9408528354266851,6,high,new
2119,16.2,26.0,0.99,2,-0.04212169018766176,-0.6785637435658871,2,high,established
2120,11.9,4.8,0.758,0,0.015505542833287048,0.9976319503399715,4,medium,new
2121,16.7,1.0,0.983,0,0.0895952673731878,-1.392585792445027,7,high,new
2122,17.8,12.3,0.742,0,0.0777941240911618,-0.39866801715230527,6,high,new
2123,18.9,16.7,0.898,1,0.14418040034271548,0.34936960731571237,9,high,new
2124,15.8,1.1,0.99,0,0.20526069849990047,0.5926175490240007,10,high,new
2125,10.0,45.3,0.9,1,0.007511969991910591,0.9514532829362843,4,medium,established
2126,5.6,64.2,0.462,0,0.033282104794811536,0.7065400629572044,5,low,long_tenure
2127,10.6,52.9,0.563,1,0.034108122261727936,1.2880834715816474,5,medium,long_tenure
2128,9.8,44.6,0.583,0,0.13500154405343176,-0.6462983869716574,9,medium,established
2129,13.8,27.6,0.99,0,0.08237604615415889,0.507903491030038,7,high,established
2130,17.4,8.4,0.892,0,0.07812517876659074,-0.3390547204642497,6,high,new
2131,18.9,29.8,0.99,0,0.08509684636344263,-0.34587526251751716,7,high,established
2132,4.7,22.3,0.463,1,0.04861718746370952,-0.9139765977981418,5,low,established
2133,2.3,25.5,0.298,1,0.02977780044549353,0.28420857225743373,4,low,established
2134,5.0,19.5,0.225,2,-0.002007470107052227,0.3891407468193766,3,low,established
2135,9.5,30.1,0.573,0,-0.05008396971292027,1.6272976502679113,2,medium,established
2136,6.8,17.4,0.845,3,0.21686073700892697,-1.2346534706420367,10,medium,new
2137,5.3,60.5,0.668,1,0.1696769561597803,1.479862537336638,9,low,long_tenure
2138,5.9,26.4,0.546,0,-0.11665671867979836,-0.8641516734332835,1,low,established
2139,6.7,1.0,0.274,1,0.2313135292042117,-1.2128359313064108,10,medium,new
2140,10.3,21.4,0.394,1,0.03609257793305067,-0.7564153114551948,5,medium,established
2141,6.3,8.5,0.516,1,0.18300015435841008,1.9712500925779715,10,medium,new
2142,4.7,64.8,0.52,0,-0.05686877655935039,0.5791534532520657,2,low,long_tenure
2143,10.0,21.8,0.423,3,-0.13975889561330304,0.43712462935183094,1,medium,established
2144,7.3,30.9,0.333,1,0.13751142618964052,0.5382854388379188,9,medium,established
2145,2.6,74.8,0.731,0,0.07274448471349093,2.1008910080921233,6,low,long_tenure
2146,1.7,27.5,0.474,1,0.09178771954708757,0.2901649909361145,7,low,established
2147,14.7,26.3,0.975,0,0.014822122393464705,-0.5140413772546824,4,high,established
2148,6.8,17.8,0.526,1,0.050176346494321164,0.33188489195678583,5,medium,new
2149,0.0,55.9,0.405,0,-0.010004592022033286,0.4036294571138659,3,low,long_tenure
2150,15.7,1.4,0.99,3,0.027939868074741005,0.5060431730821573,4,high,new
2151,11.1,24.7,0.525,3,-0.03763152336311715,-0.6648554697874771,2,medium,established
2152,8.3,26.8,0.969,0,0.14227597516985563,1.2122804393622353,9,medium,established
2153,6.5,31.0,0.213,0,0.08711691635778607,-1.1777026846214582,7,medium,established
2154,6.8,27.8,0.348,0,0.049320880674723504,1.934797988297859,5,medium,established
2155,6.7,39.1,0.845,2,0.1770587498316822,0.8488323547687012,10,medium,established
2156,1.4,1.0,0.497,1,0.08909737470729327,-1.0609279400881302,7,low,new
2157,13.7,35.1,0.967,0,-0.06552212603654226,1.3634132971274644,2,high,established
2158,8.8,13.6,0.809,1,0.10608251041239934,0.7376219751070869,8,medium,new
2159,7.1,77.0,0.52,1,-0.04437212941679145,-0.787697473245986,2,medium,long_tenure
2160,16.6,1.0,0.871,0,0.03955675396143425,0.61724490713762,5,high,new
2161,4.7,65.1,0.633,1,-0.08746831888207582,-0.6825197740501503,1,low,long_tenure
2162,18.6,9.2,0.99,0,-0.02234004671718761,-0.3413602662393887,3,high,new
2163,8.3,68.9,0.752,1,-0.19616447053644825,-0.7938715059430317,1,medium,long_tenure
2164,8.7,65.8,0.652,2,-0.07209725878855706,0.7886274669507577,1,medium,long_tenure
2165,3.4,26.4,0.437,0,-0.03538201020876115,-0.7671879208245619,2,low,established
2166,18.0,3.3,0.983,1,0.10857785476426504,-1.3741559220320214,8,high,new
2167,8.0,21.3,0.285,1,0.14061364356199,0.51432253434071,9,medium,established
2168,6.9,59.8,0.429,2,-0.007235809829365896,-0.9169696254805648,3,medium,long_tenure
2169,10.1,67.9,0.722,0,-0.17197501889895261,-0.4520979632594084,1,medium,long_tenure
2170,10.1,73.9,0.648,1,-0.013797647322545714,-0.5830765060718146,3,medium,long_tenure
2171,9.1,63.8,0.496,0,0.043940204900368804,0.7437088665069436,5,medium,long_tenure
2172,20.5,1.0,0.67,0,0.15206540616411426,0.502642310823141,9,high,new
2173,6.0,63.3,0.738,0,0.11937586923641379,-0.6271245917159916,8,low,long_tenure
2174,14.9,47.3,0.843,0,-0.012404601135790004,-0.5124472302074792,3,high,established
2175,5.9,81.8,0.684,0,0.1488302455600186,2.436842392478832,9,low,long_tenure
2176,11.0,1.0,0.561,0,0.01935196818918366,0.592164486040202,4,medium,new
2177,7.3,62.8,0.636,1,-0.0442809612615589,1.409651495013512,2,medium,long_tenure
2178,2.6,33.2,0.365,2,0.12117632522824266,-0.9560250290126057,8,low,established
2179,20.5,13.8,0.892,1,0.2411267002920003,-0.5330734455579955,10,high,new
2180,9.4,16.5,0.493,0,0.07826209346827535,0.6114257635626171,7,medium,new
2181,3.6,18.8,0.4,1,0.03701344244200342,0.5535901104308096,5,low,established
2182,0.8,28.6,0.393,0,0.017354994184170948,0.44434471136832276,4,low,established
2183,9.5,8.2,0.497,2,0.09403853149569856,-1.0838023682078313,7,medium,new
2184,17.3,30.3,0.974,0,0.02619171433931018,0.5705181546389139,4,high,established
2185,10.1,30.3,0.465,1,0.10060581686134032,0.3030829485576929,7,medium,established
2186,16.3,4.8,0.897,0,0.10156311228706226,0.44461463290888126,7,high,new
2187,2.3,35.5,0.372,1,0.15580953155921015,0.35878303312823356,9,low,established
2188,7.9,12.5,0.592,2,0.09109568258056737,1.7595143524476349,7,medium,new
2189,17.8,9.3,0.99,0,0.007818558822663782,0.32006150213407486,4,high,new
2190,3.3,15.1,0.469,3,0.1688374236892101,-0.46286559565878604,9,low,new
2191,17.2,41.7,0.99,1,0.08590232162450973,1.41814968865318,7,high,established
2192,9.0,22.8,0.614,2,0.11645729606099581,0.35771299107189536,8,medium,established
2193,1.6,1.0,0.412,0,-0.05747409611932985,-0.8929621746704497,2,low,new
2194,20.4,9.0,0.898,1,0.0877965005516269,-0.3032579870632323,7,high,new
2195,10.6,36.5,0.606,2,0.09166956094245193,0.6270774821292628,7,medium,established
2196,5.4,31.4,0.466,4,-0.07895982645492938,1.9596441498620831,1,low,established
2197,17.5,43.3,0.791,0,0.12556415515105868,-0.5228297684517709,8,high,established
2198,3.2,78.9,0.614,1,-0.06250975906116644,0.6044963963065837,2,low,long_tenure
2199,14.7,18.3,0.82,1,-0.023255266887774993,-0.7518692454279932,3,high,established
2200,4.9,20.3,0.703,2,0.19189904505629615,0.6610498328098331,10,low,established
2201,16.3,35.5,0.688,1,0.03165820423265134,-0.9943338278132023,5,high,established
2202,5.4,17.6,0.447,1,-0.016808744230208075,2.074463083716231,3,low,new
2203,4.9,14.1,0.263,0,0.22005638896190377,0.4520079442944873,10,low,new
2204,19.2,11.0,0.948,0,0.14916454250989242,1.6178154960797568,9,high,new
2205,4.0,47.0,0.596,0,-0.005503685601900301,0.7194081689568409,3,low,established
2206,6.8,25.4,0.39,2,-0.047636207103043254,-0.6665492149583967,2,medium,established
2207,10.1,28.2,0.694,8,0.0829082544792773,-0.22578982300681175,7,medium,established
2208,8.7,70.8,0.363,1,0.02106143953355235,-2.240160022874059,4,medium,long_tenure
2209,12.4,11.3,0.897,1,0.22546316447259623,-1.1635584794559328,10,high,new
2210,19.2,1.0,0.976,1,-0.058729920481476655,0.5196003006080232,2,high,new
2211,8.7,2.8,0.581,0,0.03189300732950393,1.6511481846329281,5,medium,new
2212,9.1,64.5,0.463,0,0.019638875268525854,-0.6054549300078468,4,medium,long_tenure
2213,0.4,22.9,0.373,0,-0.015110084594605366,-0.9463614908798897,3,low,established
2214,8.4,55.3,0.759,0,-0.08489918893076845,1.3676810581576184,1,medium,long_tenure
2215,5.4,16.4,0.557,0,-0.01630947514468883,0.5206058994406513,3,low,new
2216,15.3,20.7,0.99,2,0.05187324751232292,-1.164610856887619,5,high,established
2217,19.6,32.7,0.99,0,-0.06226781539835545,-0.47487782419960306,2,high,established
2218,4.2,12.6,0.374,0,0.06506703682115014,0.47225427708501405,6,low,new
2219,10.2,23.1,0.471,1,0.013911409030666733,-0.764886573600011,4,medium,established
2220,10.1,73.5,0.602,0,-0.04494473937300653,-0.548203317318762,2,medium,long_tenure
2221,8.7,52.7,0.423,0,0.046641167928273684,1.2915009472966892,5,medium,long_tenure
2222,10.5,61.8,0.63,0,0.009140362305440509,0.9539472435251359,4,medium,long_tenure
2223,12.1,61.5,0.421,1,-0.03961286525418772,1.2226537960118975,2,high,long_tenure
2224,18.4,1.0,0.843,0,-0.07345539297240872,1.361097469252563,1,high,new
2225,4.3,24.0,0.269,1,-0.09619563491047116,0.26649611732214845,1,low,established
2226,14.2,16.4,0.948,2,0.18854798307942175,-0.8705282299576419,10,high,new
2227,6.0,37.7,0.504,2,0.10955822071998608,-0.906285211395981,8,low,established
2228,9.4,1.8,0.704,1,0.08955585411389248,0.7313756107792564,7,medium,new
2229,16.5,16.1,0.99,0,0.031937647304865056,-0.6250723497126016,5,high,new
2230,8.0,47.6,0.524,3,0.03502613479465898,-0.7959834161404378,5,medium,established
2231,7.1,86.9,0.592,0,0.06451603227474244,0.7739437025676211,6,medium,long_tenure
2232,11.8,46.4,0.482,0,0.00398461120854463,0.7424944928247176,3,medium,established
2233,15.7,1.9,0.99,0,0.03175120242930181,-0.8849579330164945,5,high,new
2234,9.6,27.4,0.46,0,-0.0759200383740542,-1.1849588020325288,1,medium,established
2235,3.0,16.2,0.363,2,0.08141870226032731,2.2051717358550205,7,low,new
2236,1.9,25.4,0.219,2,-0.10379474815133898,-0.7880297453600725,1,low,established
2237,12.6,6.7,0.99,1,0.1404184101692068,-0.6732798640728629,9,high,new
2238,10.0,41.4,0.858,0,0.1807525437988244,-0.45279338909698763,10,medium,established
2239,11.1,57.9,0.799,0,-0.012435926166010495,-0.555454181220763,3,medium,long_tenure
2240,7.4,39.7,0.513,4,0.06741117840409261,0.42823491019156945,6,medium,established
2241,13.1,19.5,0.845,0,0.09082809587980131,0.9265182801886223,7,high,established
2242,20.1,20.8,0.944,0,0.09856879278060167,-0.5489243099789817,7,high,established
2243,4.1,64.6,0.542,1,0.19153804017254192,1.5226445698401574,10,low,long_tenure
2244,18.7,20.9,0.791,0,0.019951069255835653,0.972422676502201,4,high,established
2245,6.5,68.4,0.8,0,-0.049944499601429,1.5150145887429263,2,medium,long_tenure
2246,17.1,12.7,0.894,1,-0.014475364643365607,-0.6267166140160133,3,high,new
2247,18.9,17.0,0.777,0,0.05226166157839206,0.4741652531117605,5,high,new
2248,10.3,51.9,0.695,2,0.14759298800497334,0.6995785926609253,9,medium,long_tenure
2249,7.2,63.7,0.577,3,-0.0827110696758838,-0.9019091762574173,1,medium,long_tenure
2250,11.8,62.5,0.422,0,-0.01115771848284466,-2.7240223256185048,3,medium,long_tenure
2251,9.8,32.2,0.465,1,0.05575572586022247,0.28449739546951003,6,medium,established
2252,14.4,19.4,0.373,0,-0.056885032765508874,-1.3001244559483065,2,high,established
2253,3.4,56.8,0.664,0,0.20295368821873835,-0.44769364587036753,10,low,long_tenure
2254,4.4,33.5,0.609,4,0.018949631633114396,0.4111065582457766,4,low,established
2255,7.2,15.9,0.565,0,0.13930395008576746,-1.1319067993287368,9,medium,new
2256,8.9,29.3,0.564,3,0.020047985869050208,-0.47228391818007087,4,medium,established
2257,6.6,12.5,0.379,2,0.1320354848066553,-0.7459937288702934,9,medium,new
2258,1.5,23.3,0.567,0,-0.14302368510231925,0.39413529711033457,1,low,established
2259,16.1,23.0,0.99,0,0.10349487145306398,0.4236734242485333,8,high,established
2260,9.2,59.5,0.617,0,0.17477640532868496,-0.5010219208219108,10,medium,long_tenure
2261,7.5,6.9,0.622,2,0.08921191479794388,1.7404654272487647,7,medium,new
2262,5.1,29.1,0.378,0,0.037245686121192174,-1.0032317144940066,5,low,established
2263,4.3,63.4,0.512,0,0.23618018025301288,0.7000383835188856,10,low,long_tenure
2264,17.1,4.1,0.99,0,-0.132388337548537,-0.8468339028786952,1,high,new
2265,12.9,40.3,0.53,3,-0.027981870271244512,-0.6515431386421252,2,high,established
2266,12.7,1.0,0.932,0,0.23797742808375583,0.5852807231651742,10,high,new
2267,1.0,34.5,0.263,1,0.05672235294950776,0.47519391759932667,6,low,established
2268,11.2,61.3,0.721,1,-0.056168857762615994,-0.6172538644102525,2,medium,long_tenure
2269,0.9,1.0,0.297,0,0.13796946529128148,0.43621939083365957,9,low,new
2270,6.8,24.1,0.615,0,0.05972215149223861,0.5863772622566017,6,medium,established
2271,9.1,26.1,0.788,3,-0.013357257441911918,0.9381535657504657,3,medium,established
2272,7.9,24.3,0.652,2,-0.02952058357468934,-1.0949157452797051,2,medium,established
2273,8.5,13.1,0.443,1,0.30654639946612106,0.6097062970412112,10,medium,new
2274,7.0,20.5,0.409,1,0.02689788205137892,0.29739284502890995,4,medium,established
2275,5.3,16.2,0.425,1,0.11025858306437304,0.5620564164178343,8,low,new
2276,10.2,1.0,0.945,0,0.23057460694015355,-0.4822395975081216,10,medium,new
2277,10.9,46.3,0.6,3,-0.14478220995593577,0.44529314785588753,1,medium,established
2278,13.1,13.1,0.99,0,0.06856899934547489,-0.707588203146499,6,high,new
2279,3.9,13.2,0.329,1,0.17302892614164633,0.4954520379442866,10,low,new
2280,9.0,17.5,0.758,1,0.059282042364535076,0.8762006920951958,6,medium,new
2281,13.1,71.2,0.594,0,-0.04597373570897474,-0.40710475992007955,2,high,long_tenure
2282,15.3,1.0,0.818,1,0.1577242185518421,0.5121838911695503,9,high,new
2283,4.2,63.6,0.68,0,0.17115306085969134,0.6496491781454999,9,low,long_tenure
2284,13.0,24.0,0.637,3,-0.0720529933951325,0.5613946628712218,1,high,established
2285,18.0,9.7,0.709,0,0.07153373710047561,0.6565670782796289,6,high,new
2286,18.1,2.8,0.847,0,0.1332443138665099,-0.3393376339718831,9,high,new
2287,8.5,14.6,0.191,1,0.04245094891152626,0.40033268170479624,5,medium,new
2288,9.2,22.1,0.356,1,-0.08524787446798333,0.46635768207147416,1,medium,established
2289,13.6,18.8,0.83,0,0.08789830194049242,-0.5753920740695544,7,high,established
2290,12.2,6.6,0.933,1,0.09597153008232798,0.7498115458702899,7,high,new
2291,6.8,20.9,0.343,1,-0.05163388286646121,0.6151885293422066,2,medium,established
2292,8.3,41.7,0.529,1,-0.10248321898346895,2.128492692789364,1,medium,established
2293,8.5,11.0,0.733,2,0.13700135640472055,0.6250104612240523,9,medium,new
2294,5.0,61.9,0.867,0,0.006686401103240114,0.7433885216262031,4,low,long_tenure
2295,17.6,4.6,0.799,0,0.04238173256812035,0.4926170840144648,5,high,new
2296,17.1,3.4,0.99,2,-0.06673420135991324,0.7467464481874636,2,high,new
2297,4.1,25.1,0.473,0,-0.05588134301329852,0.49425492372816526,2,low,established
2298,12.3,9.5,0.709,0,0.04873368021791164,-0.4917858717623146,5,high,new
2299,19.3,1.4,0.813,0,-0.011176403956410277,-0.30983067303460027,3,high,new
2300,5.2,37.9,0.097,1,0.12540742983719405,0.31099972973726564,8,low,established
2301,7.5,33.0,0.466,3,0.017582123944170153,0.3081156991815462,4,medium,established
2302,0.0,1.0,0.312,0,0.1276127776810203,-1.1303536090883168,8,low,new
2303,8.2,44.3,0.655,2,0.11369390927327812,-0.7949701713915953,8,medium,established
2304,6.1,69.1,0.923,0,0.08485107418774325,-1.8684869986781576,7,medium,long_tenure
2305,8.1,58.6,0.815,0,-0.044066419983907694,-0.41649893571614427,2,medium,long_tenure
2306,10.5,80.0,0.556,0,0.04565132248262224,0.9899037774972562,5,medium,long_tenure
2307,10.0,38.4,0.479,1,0.15415497902324435,2.0315171990650414,9,medium,established
2308,8.0,65.6,0.782,1,-0.09376630128992992,1.0338310736232916,1,medium,long_tenure
2309,9.0,18.7,0.479,4,-0.11709125891851589,-0.401865772281245,1,medium,established
2310,0.3,27.9,0.539,0,-0.00437283927495789,0.425360570846515,3,low,established
2311,2.1,6.7,0.731,1,0.2012161786485356,0.703379501203076,10,low,new
2312,19.0,31.7,0.974,1,-0.007917581525735021,-0.5411360997964231,3,high,established
2313,6.6,67.1,0.77,0,0.0696833509046471,1.1376886283165564,6,medium,long_tenure
2314,19.1,6.1,0.99,0,-0.092057612575119,1.5302790423865318,1,high,new
2315,10.2,71.7,0.579,0,-0.022257169560800663,0.8997675363063518,3,medium,long_tenure
2316,18.4,42.9,0.932,1,0.1058530559101204,0.6190772771375751,8,high,established
2317,16.9,13.4,0.795,0,0.0371513457598622,-0.30332117331442354,5,high,new
2318,3.3,28.6,0.572,2,-0.06713217428185343,0.37579249357511135,2,low,established
2319,7.6,56.8,0.521,0,-0.027643813813661846,0.809875855760635,2,medium,long_tenure
2320,6.2,23.0,0.507,0,0.04127557662684937,-0.706209032718013,5,medium,established
2321,10.3,1.0,0.99,0,0.020567326579840752,-0.5213718930540897,4,medium,new
2322,19.4,16.0,0.846,2,0.10247381608786431,0.5780384638470736,7,high,new
2323,6.6,62.5,0.561,0,0.05291190841786687,2.2897178163584004,5,medium,long_tenure
2324,15.8,37.6,0.881,0,0.17824082105809377,1.2135702038597118,10,high,established
2325,15.8,1.0,0.802,0,0.0655553717364707,1.3314283232535562,6,high,new
2326,4.4,18.6,0.447,1,0.07071242387166925,-1.0821733495637045,6,low,established
2327,12.5,31.5,0.799,1,0.1185495549369701,-0.4201503921721905,8,high,established
2328,16.4,13.1,0.807,0,0.12651904150904955,-0.7267983658317895,8,high,new
2329,10.6,28.9,0.65,2,0.10050990904241462,-1.4421223104368948,7,medium,established
2330,2.5,52.0,0.708,0,0.20593414187628192,0.7454288398295396,10,low,long_tenure
2331,5.5,19.8,0.558,3,0.03739187752376571,-0.5463863801178696,5,low,established
2332,10.4,40.1,0.459,0,-0.041562542492339094,1.3867445301780217,2,medium,established
2333,6.4,14.4,0.559,1,-0.03954600937647776,-0.7742026209958197,2,medium,new
2334,16.8,4.1,0.851,1,-0.013746939714844142,-1.2317932005445282,3,high,new
2335,6.2,63.4,0.867,1,0.06918675675899134,-0.34983144624471635,6,medium,long_tenure
2336,10.9,21.5,0.575,0,-0.009212384518740572,-0.9499365868142348,3,medium,established
2337,1.3,16.2,0.445,1,0.10282564916638236,0.3275670711265266,7,low,new
2338,7.6,56.6,0.593,2,0.032908859739947616,1.6779853044887538,5,medium,long_tenure
2339,5.5,30.4,0.617,3,0.193520185862437,-0.49498090839893927,10,low,established
2340,15.6,9.7,0.99,2,-0.0800187006533965,0.6444690224718572,1,high,new
2341,13.2,3.3,0.862,0,0.14447405878179514,0.9728427102629442,9,high,new
2342,18.0,17.0,0.99,0,-0.12223984781209578,-1.0146515979663704,1,high,new
2343,5.7,34.8,0.44,0,0.09948553816414867,-1.613075886577408,7,low,established
2344,14.5,17.5,0.99,0,-0.000749520533760339,-1.536953068433828,3,high,new
2345,7.4,14.7,0.217,0,0.04594750233969116,0.42781008400896714,5,medium,new
2346,13.4,14.5,0.99,0,-0.007151102019012323,0.5308723733232352,3,high,new
2347,4.4,1.0,0.468,1,0.025232281662260204,-0.9567587707102714,4,low,new
2348,2.8,20.3,0.401,2,0.018539093626890716,0.40495953516379696,4,low,established
2349,18.0,11.2,0.99,0,-0.040920265175018546,0.8907931276708647,2,high,new
2350,17.7,4.8,0.916,1,0.046908372238794176,0.2894118260541333,5,high,new
2351,19.5,7.0,0.774,0,0.16368808155213743,-0.5265280725172238,9,high,new
2352,4.7,17.1,0.163,0,0.14096350342961464,0.43869895429509753,9,low,new
2353,8.0,27.9,0.99,1,0.005346183543992434,-0.8797993504636652,3,medium,established
2354,7.8,44.1,0.565,4,-0.02727196711050393,-0.5652148997447094,3,medium,established
2355,12.2,50.9,0.573,0,-0.21459258581055954,0.9126396375745103,1,high,long_tenure
2356,3.6,15.8,0.371,0,0.18774565755597164,0.5892590552682244,10,low,new
2357,2.8,56.1,0.801,0,0.20388442543576307,0.6326387128302862,10,low,long_tenure
2358,9.2,71.7,0.586,0,-0.045248492580489824,0.827896783832254,2,medium,long_tenure
2359,5.9,23.7,0.501,1,0.04790266727562226,-0.9231870823331659,5,low,established
2360,14.0,17.1,0.863,0,0.1949733128760824,1.241314249119486,10,high,new
2361,3.8,28.4,0.292,0,0.06333697057024837,0.4582707355136578,6,low,established
2362,13.7,8.8,0.99,0,-0.0833301418277374,-0.879104672735573,1,high,new
2363,9.4,78.4,0.761,0,0.034785790365487824,1.5201369667964835,5,medium,long_tenure
2364,4.7,22.0,0.355,1,0.021743924249895897,2.201633751295798,4,low,established
2365,5.9,20.7,0.586,2,0.06579859742232251,0.31381852599135096,6,low,established
2366,9.0,28.2,0.601,1,-0.0689155644381999,-1.1261264776064688,2,medium,established
2367,14.0,30.8,0.949,0,0.13850215694746681,-1.6037370483054456,9,high,established
2368,11.9,56.9,0.857,1,0.1354688747962204,-1.2150668424865512,9,medium,long_tenure
2369,10.4,73.4,0.604,2,-0.03838848452924608,0.8478812557686746,2,medium,long_tenure
2370,8.7,23.5,0.554,3,-0.18522056151420008,0.502558543646983,1,medium,established
2371,8.2,52.8,0.621,0,-0.1136560371350581,0.8639121533625109,1,medium,long_tenure
2372,10.7,69.9,0.536,0,-0.0442851591894971,1.4881736885943377,2,medium,long_tenure
2373,7.5,51.5,0.451,1,0.020293549645736236,0.5457242577320822,4,medium,long_tenure
2374,18.0,25.9,0.915,0,0.11455175109449892,-0.5858344557230567,8,high,established
2375,12.0,66.2,0.698,1,0.009770138785025998,1.0216846766145042,4,medium,long_tenure
2376,14.7,5.5,0.9,1,-0.09598425087627595,1.0348898783418479,1,high,new
2377,8.9,21.1,0.423,1,0.19522988722123363,1.4985107950655205,10,medium,established
2378,12.7,24.4,0.491,8,-0.12334399561671311,0.7181080126300945,1,high,established
2379,16.7,20.2,0.928,1,-0.0445932041381176,0.8361081640032364,2,high,established
2380,7.8,53.7,0.609,0,-0.06059740562970263,0.6580230654944419,2,medium,long_tenure
2381,5.1,17.6,0.482,0,0.21161495903207878,-1.5000271216889567,10,low,new
2382,15.3,22.4,0.936,0,0.10073982529706765,-1.6451402500033618,7,high,established
2383,13.9,16.3,0.943,1,0.1099583943557469,0.6627873636806301,8,high,new
2384,17.4,16.3,0.99,1,-0.06641960201660552,1.4821291670026573,2,high,new
2385,13.2,14.0,0.963,0,0.1518297193574606,0.718935870950972,9,high,new
2386,3.6,11.7,0.483,0,0.1355638389205047,0.3807644801492942,9,low,new
2387,3.6,26.0,0.238,3,0.13215602791565068,0.2931779908268064,9,low,established
2388,12.3,12.5,0.99,1,0.20504866021590967,-1.6493513777468172,10,high,new
2389,6.3,11.1,0.397,2,0.06564710472959158,-0.6445982588037543,6,medium,new
2390,15.4,28.2,0.909,1,0.03541687840046931,-0.8555956291919312,5,high,established
2391,12.5,32.2,0.45,5,0.03902865349673016,-0.3921579715295601,5,high,established
2392,3.8,19.3,0.66,2,0.11192256237497024,0.5497007821149913,8,low,established
2393,6.9,78.1,0.368,0,0.0018258750777167966,2.0410366235227717,3,medium,long_tenure
2394,13.6,1.0,0.99,1,-0.040436360369590654,0.9046941279868854,2,high,new
2395,9.1,46.3,0.637,0,0.04324292468614749,-1.5143403807822537,5,medium,established
2396,4.6,11.4,0.22,3,0.21726875578471785,-0.6910955690933344,10,low,new
2397,18.0,18.5,0.99,0,-0.0012675130721358041,-0.45877119450001463,3,high,established
2398,16.2,8.9,0.957,0,-0.05237106380790294,1.0310376032006199,2,high,new
2399,21.7,4.9,0.641,1,0.04112138760369966,-0.9648158569589247,5,high,new
2400,10.2,46.8,0.544,1,-0.011865382822555582,0.4645901025506582,3,medium,established
2401,6.3,53.3,0.649,3,0.09047282671624521,-0.5761167331072489,7,medium,long_tenure
2402,1.6,19.3,0.618,0,0.0648091782495173,-0.848584880327121,6,low,established
2403,5.9,26.0,0.385,0,0.06307671714299198,-0.8473211671288139,6,low,established
2404,1.8,22.7,0.139,1,0.020907744876324755,0.25740262332235087,4,low,established
2405,6.1,42.8,0.59,1,-0.16099138020106318,0.5369349184183807,1,medium,established
2406,18.4,1.0,0.955,1,0.15123068000542517,-0.4056793324806828,9,high,new
2407,11.5,35.5,0.344,0,0.16692546238210076,-1.1390497513946785,9,medium,established
2408,13.7,7.3,0.938,0,-0.05873744704924101,0.9618762507110772,2,high,new
2409,10.5,33.7,0.689,0,0.17313492858900648,1.0500307321717024,10,medium,established
2410,5.4,17.7,0.394,0,0.12886413918327969,1.7532694658429298,8,low,new
2411,7.4,53.2,0.499,2,-0.0004881134636856984,-0.5617158853868339,3,medium,long_tenure
2412,4.1,14.1,0.363,1,0.03666309938735151,-0.8216723042032451,5,low,new
2413,9.3,71.5,0.604,1,0.04252031116877531,-2.2396108662057026,5,medium,long_tenure
2414,7.2,45.4,0.629,2,0.036817771695574104,0.5882262413985038,5,medium,established
2415,8.8,61.8,0.727,0,0.01371685472413079,0.7931083941697381,4,medium,long_tenure
2416,19.9,17.4,0.664,1,0.15338526445500772,0.5741742166603447,9,high,new
2417,18.6,1.0,0.928,1,0.13484858043385983,0.42640325752856906,9,high,new
2418,9.2,22.4,0.644,0,0.0142161107719422,-0.912343889924687,4,medium,established
2419,16.6,26.9,0.919,1,0.09615410102507209,-0.4671136338220645,7,high,established
2420,3.0,22.7,0.385,0,0.11910317387683328,-0.9286444165623365,8,low,established
2421,14.6,20.4,0.99,0,-0.07430458029037561,1.011447318228654,1,high,established
2422,11.8,17.6,0.99,1,-0.04038574898891028,-0.6363996155950932,2,medium,new
2423,5.2,48.3,0.39,0,0.09755326740279578,0.5892089349572109,7,low,long_tenure
2424,17.8,10.8,0.891,1,0.04166274853547781,0.34283451510488633,5,high,new
2425,4.3,41.3,0.515,1,-0.06287705217667705,-0.8811925951570716,2,low,established
2426,2.1,23.6,0.571,0,0.10113442821571166,0.5109242342413182,7,low,established
2427,16.2,36.3,0.81,0,0.03535600185133581,1.265275184464284,5,high,established
2428,12.6,16.3,0.475,5,-0.008141413883828538,-0.45874261254908,3,high,new
2429,11.4,33.2,0.62,3,0.01310674049612289,-0.3800958262785614,4,medium,established
2430,4.4,17.3,0.306,1,0.06761227894086289,-0.8124551131492704,6,low,new
2431,10.0,23.7,0.216,0,0.09689464495418437,0.615463444880095,7,medium,established
2432,16.3,45.7,0.5,2,0.03906428071079995,0.5402851634287614,5,high,established
2433,7.7,35.5,0.636,1,0.02676734980764753,-1.1630223696367605,4,medium,established
2434,7.3,76.6,0.811,2,0.13882915787983172,0.961020298202575,9,medium,long_tenure
2435,10.9,23.0,0.512,2,-0.02048549377090478,-0.684786307347237,3,medium,established
2436,2.0,12.1,0.416,1,0.17303360038179194,0.3099989257202981,10,low,new
2437,11.3,31.2,0.607,1,0.02916202491095253,0.6181860385729491,4,medium,established
2438,9.3,30.5,0.519,2,0.023587762070517982,-0.5857414018681655,4,medium,established
2439,9.0,59.8,0.56,0,0.020409168930534637,-0.5142830485324503,4,medium,long_tenure
2440,2.9,10.5,0.467,2,0.14822293458010022,2.2735500666734803,9,low,new
2441,2.4,36.4,0.298,0,0.21574989168730302,-2.3135923569744947,10,low,established
2442,10.6,11.6,0.816,0,0.1135307854268278,0.7375974439211546,8,medium,new
2443,20.0,33.1,0.878,0,0.056615220210823776,0.5118998317013408,6,high,established
2444,11.5,31.2,0.625,3,-0.11729710788440287,1.5732153072220925,1,medium,established
2445,9.8,69.8,0.473,2,-0.06879855156618624,0.7577861935368352,2,medium,long_tenure
2446,9.9,37.7,0.576,3,0.11379012199922689,-0.5390877196586591,8,medium,established
2447,9.8,6.1,0.758,0,-0.0006539174337691073,0.7606712860304974,3,medium,new
2448,6.0,66.4,0.565,0,-0.021466317670506635,0.8066723226391241,3,low,long_tenure
2449,8.3,54.1,0.677,1,-0.09927373363229523,0.7199413644825396,1,medium,long_tenure
2450,6.1,34.0,0.582,2,-0.05137418666718219,0.4915817766407645,2,medium,established
2451,4.4,41.8,0.774,2,0.10098829539168087,0.6782547585532284,7,low,established
2452,1.9,30.3,0.422,1,0.027011614304805562,0.24635063488371378,4,low,established
2453,9.1,34.7,0.696,1,0.028280837999230896,0.5646230827770555,4,medium,established
2454,4.6,24.2,0.517,0,0.05942954326631234,0.4114292120416358,6,low,established
2455,11.5,37.6,0.589,1,0.02619479315552107,0.5644516964830534,4,medium,established
2456,14.6,40.2,0.445,4,0.1248563074027767,1.4553499374122862,8,high,established
2457,10.9,14.8,0.578,1,0.1196588400677098,0.5718349752159704,8,medium,new
2458,15.5,19.0,0.841,0,-0.04537581139723736,-0.40504096867832323,2,high,established
2459,20.9,13.8,0.837,0,0.02922800167751609,0.39709622564816427,4,high,new
2460,4.7,26.3,0.607,4,0.12845634326605987,0.3296589638374794,8,low,established
2461,0.0,37.6,0.271,0,0.1596035396484446,-1.1858105611240903,9,low,established
2462,6.6,22.2,0.494,3,-0.04640165226869458,0.39977904616231474,2,medium,established
2463,18.2,1.0,0.789,0,0.12014777572824994,-1.2979044471244698,8,high,new
2464,9.5,40.5,0.562,3,0.025140524480128153,0.6024322015169488,4,medium,established
2465,13.0,1.0,0.816,0,0.18844004240722279,-0.49748276907268607,10,high,new
2466,2.5,1.0,0.353,1,0.05557027262609043,0.3670473916179475,6,low,new
2467,1.1,32.9,0.445,0,-0.0626217618630267,0.40130651731775235,2,low,established
2468,5.6,32.9,0.541,5,0.07513502936690951,0.6481510357253577,6,low,established
2469,13.2,36.7,0.591,2,0.09571211040556542,-0.46966260803946636,7,high,established
2470,7.6,56.7,0.517,0,0.10530696451485402,-1.9513160378869758,8,medium,long_tenure
2471,12.8,45.4,0.549,0,0.01664009839197959,0.7697720867245732,4,high,established
2472,2.1,7.8,0.654,3,0.12005359682654645,0.3669757569652052,8,low,new
2473,5.8,18.7,0.353,0,0.09352893725725099,0.36427240770390457,7,low,established
2474,8.6,46.7,0.408,1,0.00019549412226110285,0.45668374457645255,3,medium,established
2475,10.4,65.7,0.678,0,-0.041929402596017795,0.9439618169327499,2,medium,long_tenure
2476,16.7,10.5,0.822,0,0.08023576871931537,-0.3914685464331203,7,high,new
2477,18.7,18.2,0.927,1,-0.11435908857322281,-0.8001469869425963,1,high,established
2478,17.5,17.9,0.89,1,-0.004628275978938643,-1.212435407288869,3,high,new
2479,5.1,66.6,0.7,0,-0.08352230020046052,-0.5622243208554752,1,low,long_tenure
2480,6.5,28.0,0.419,1,-0.1568964433201207,0.3296277204494661,1,medium,established
2481,7.7,57.9,0.615,0,-0.07975264617773226,0.8049407506883899,1,medium,long_tenure
2482,13.9,18.2,0.99,0,0.09228020363513141,-0.3516027385764591,7,high,established
2483,17.9,18.8,0.656,0,-0.009651869099179726,0.7353731369449245,3,high,established
2484,10.5,32.9,0.494,0,-0.0741483237432106,-2.3142474674852016,1,medium,established
2485,3.2,29.8,0.339,0,0.16427886317620202,0.5285463711224425,9,low,established
2486,7.1,63.8,0.454,0,0.004294268296440012,0.7165337752328474,3,medium,long_tenure
2487,0.8,28.8,0.377,0,-0.022044449381941663,-1.3624699995739138,3,low,established
2488,0.0,6.6,0.366,2,0.02501401188777067,0.3110829066141242,4,low,new
2489,15.3,12.2,0.99,0,0.02744704213382017,1.1780179300343914,4,high,new
2490,11.1,17.9,0.58,3,0.050938828385735095,-0.4693219885953711,5,medium,new
2491,3.0,30.9,0.407,0,0.19932838053915505,-0.8842318236435798,10,low,established
2492,11.9,45.1,0.598,0,0.17989556188290906,-0.5253787011078042,10,medium,established
2493,15.4,4.9,0.784,0,0.004929972443931629,-0.4763616004255018,3,high,new
2494,4.0,28.4,0.528,1,0.014876253314550805,2.3069845484664713,4,low,established
2495,3.7,14.4,0.563,1,0.027559911534958594,0.5882992248096557,4,low,new
2496,11.7,19.9,0.457,0,-0.09205699795456543,0.46105449361835904,1,medium,established
2497,6.4,41.9,0.768,0,-0.030227690383811682,0.6040597394001883,2,medium,established
2498,15.7,27.4,0.826,0,0.0018273131306082654,1.1733263771027773,3,high,established
2499,3.0,30.7,0.347,2,0.10706637789289211,0.38489133419496857,8,low,established
2500,6.5,72.2,0.692,0,0.04299181923804883,-0.5122071981032815,5,medium,long_tenure
2501,16.1,13.2,0.962,0,0.03148254658437164,-1.8800516116858559,5,high,new
2502,8.7,28.5,0.582,3,0.01944434112572965,-0.7330365892142183,4,medium,established
2503,7.3,14.2,0.392,0,0.13647533855187513,2.095947199978319,9,medium,new
2504,4.5,24.0,0.559,2,0.016975375745881694,-1.2411387132436587,4,low,established
2505,17.5,9.7,0.831,0,0.10806442296739159,-0.3388876653260532,8,high,new
2506,16.5,10.8,0.892,0,-0.07982996335771299,1.5000133914143243,1,high,new
2507,8.3,29.2,0.616,0,-0.0411172435699442,0.5520661409623298,2,medium,established
2508,3.7,36.2,0.283,2,0.21504621162055945,-0.9807939145808602,10,low,established
2509,8.2,35.8,0.54,0,0.009855920000010553,0.6378884767585609,4,medium,established
2510,11.0,52.5,0.703,4,-0.053444351337173096,-1.655933754339678,2,medium,long_tenure
2511,7.1,53.5,0.698,1,0.09197417019761372,-0.6438387789858486,7,medium,long_tenure
2512,9.3,39.9,0.738,0,0.05966349236463961,1.1703447033948429,6,medium,established
2513,22.3,24.6,0.754,0,0.04796311933310951,1.4893532026668885,5,high,established
2514,13.4,6.7,0.935,1,0.16448455016723232,1.0092466412573136,9,high,new
2515,20.1,12.7,0.869,0,0.046018319736860595,1.4118878435454285,5,high,new
2516,3.2,1.0,0.68,0,0.3396999058597814,0.7203512852698317,10,low,new
2517,19.6,5.2,0.989,1,-0.025498380960340905,-0.3997561950527369,3,high,new
2518,17.9,1.0,0.898,0,0.11133698955143286,0.6848274498547471,8,high,new
2519,10.6,25.8,0.621,1,-0.14243642256490635,0.6993467708814314,1,medium,established
2520,15.6,11.3,0.906,1,0.09301471574761168,0.8250857867024073,7,high,new
2521,15.3,17.1,0.977,1,0.0028349230136713675,-0.8104869764755634,3,high,new
2522,7.1,45.9,0.496,4,-0.07157243237409704,-0.4420302626844141,1,medium,established
2523,8.0,70.1,0.79,0,-0.028631013395331386,0.7470509639711882,2,medium,long_tenure
2524,8.5,11.5,0.444,5,0.07227320659107093,0.4439218183260812,6,medium,new
2525,5.0,29.3,0.453,1,0.03273666677336531,0.3803897559817625,5,low,established
2526,12.2,17.3,0.809,2,0.016796716523360726,1.1535520666147803,4,high,new
2527,4.6,20.8,0.435,1,0.08326781619810543,-1.0746807318667368,7,low,established
2528,7.9,21.7,0.539,1,0.07684096535112228,0.3258672555143203,6,medium,established
2529,7.0,24.5,0.242,1,0.1585794786027653,0.4762990596755755,9,medium,established
2530,9.1,22.7,0.571,2,-0.08351767368169948,0.44804220171584036,1,medium,established
2531,15.9,28.8,0.432,3,-0.020416604719307438,-0.33219832614188516,3,high,established
2532,7.4,45.2,0.559,5,-0.049767694272598646,0.6033376167497693,2,medium,established
2533,8.8,22.6,0.431,1,-0.11883944931312283,-0.6960808161061856,1,medium,established
2534,12.1,3.6,0.918,0,0.10897209700858168,-1.028157148482677,8,high,new
2535,3.4,21.3,0.383,1,0.1726274345340405,-0.6021602572355712,9,low,established
2536,13.8,17.4,0.672,3,0.15674980399565497,1.3161438021030338,9,high,new
2537,3.5,1.3,0.565,1,0.2659933839794406,0.4917562534450402,10,low,new
2538,3.9,57.9,0.641,0,0.06488820088110209,-0.6633105091420347,6,low,long_tenure
2539,18.4,33.4,0.99,2,-0.06657178670258478,1.6049267515394015,2,high,established
2540,9.1,61.5,0.792,0,-0.02701297093481312,-0.42434072471183976,3,medium,long_tenure
2541,10.2,64.1,0.539,0,0.1465072674638848,0.7752305513618064,9,medium,long_tenure
2542,7.2,36.4,0.798,3,0.21225094425727303,-1.6696859077307398,10,medium,established
2543,5.3,67.3,0.636,1,-0.15347044453883843,-0.6586878425306073,1,low,long_tenure
2544,15.5,17.1,0.792,0,0.1382284426324026,1.0443610742630969,9,high,new
2545,10.5,23.0,0.623,5,-0.1643075070898889,0.5395711902225666,1,medium,established
2546,7.8,64.2,0.632,0,0.07856702931837097,-0.5104916160560526,7,medium,long_tenure
2547,5.5,24.0,0.275,1,0.1910354513278446,-1.0243162856624157,10,low,established
2548,14.6,3.3,0.779,0,0.08476146600594325,-1.706867240848779,7,high,new
2549,9.1,66.0,0.82,0,-0.037198822427734736,0.8022777605434597,2,medium,long_tenure
2550,16.0,30.4,0.931,2,0.13726642071454903,-0.8880982079054532,9,high,established
2551,7.1,28.3,0.753,3,0.10646465880105264,0.5896225103265533,8,medium,established
2552,8.4,51.6,0.594,0,0.0475844617104218,-0.6393889488333513,5,medium,long_tenure
2553,8.0,28.9,0.502,1,-0.11557368872900871,-0.7337247160313879,1,medium,established
2554,6.2,32.3,0.245,2,-0.09278413257464614,0.3707193390906651,1,medium,established
2555,18.4,1.3,0.99,0,0.012768164429335049,1.5568488694260123,4,high,new
2556,10.4,37.9,0.635,0,0.012069649215619928,0.7551437539879239,4,medium,established
2557,11.6,7.9,0.855,0,-0.023173634105502754,-2.0375637213198075,3,medium,new
2558,13.4,18.9,0.813,0,0.11976275644481103,1.0297715911420862,8,high,established
2559,6.3,55.2,0.764,1,0.035591165399449974,0.7289251453325958,5,medium,long_tenure
2560,13.8,9.2,0.88,1,0.024539108378188075,0.4374961171923425,4,high,new
2561,7.5,49.3,0.572,5,-0.027221821166676582,-0.2629633719641491,3,medium,long_tenure
2562,11.5,14.1,0.524,1,0.15812977263655792,-0.5665880743795599,9,medium,new
2563,6.4,27.8,0.385,1,-0.08424219010183581,-1.2229629518338427,1,medium,established
2564,6.9,82.8,0.701,0,0.17733643672462693,-0.543581501488163,10,medium,long_tenure
2565,10.6,39.2,0.434,2,0.09176898608379322,-1.3269657363711689,7,medium,established
2566,8.9,46.0,0.649,0,-0.04907350014183605,0.8547500563368087,2,medium,established
2567,15.9,1.0,0.99,0,-0.03470924510993924,1.1479457751485158,2,high,new
2568,19.1,7.0,0.891,0,0.021466649785858074,-0.2483795618521687,4,high,new
2569,7.2,32.9,0.706,1,0.02923287370794843,-1.0857834006260898,4,medium,established
2570,4.6,24.7,0.577,2,-0.12129539203268384,-1.2516832885036042,1,low,established
2571,13.2,1.0,0.99,0,0.08661078422887696,0.9367809476981354,7,high,new
2572,6.3,20.5,0.531,4,0.06011425018064907,1.6579833698614417,6,medium,established
2573,0.8,12.3,0.426,3,0.01530941142762583,0.29439993646718404,4,low,new
2574,1.8,19.8,0.468,0,0.036775899381782384,-1.2297590610932627,5,low,established
2575,9.2,54.8,0.538,3,0.030893033281723586,0.38889705896735494,5,medium,long_tenure
2576,8.2,19.8,0.535,3,0.04236896250370487,2.050197022145112,5,medium,established
2577,8.3,19.3,0.528,2,0.00947889358983049,-0.9756050729977093,4,medium,established
2578,3.7,8.4,0.71,1,0.087509510984747,0.6249005290203639,7,low,new
2579,20.8,23.6,0.87,0,0.03206584995000169,-0.467693957497881,5,high,established
2580,1.4,21.5,0.548,2,0.021090627268783014,0.3679670650797052,4,low,established
2581,12.6,5.2,0.804,1,0.07162206683634903,0.7432486862485576,6,high,new
2582,2.2,17.6,0.617,1,0.14570504469484274,-0.9986421495746972,9,low,new
2583,15.8,6.5,0.858,1,0.0870524998365027,-0.8023092109232105,7,high,new
2584,17.4,19.6,0.906,1,0.08413963194236199,1.3212709540778054,7,high,established
2585,17.7,48.2,0.698,0,0.048044405981748,-1.2140753628275256,5,high,long_tenure
2586,10.6,68.6,0.763,1,0.05190774259745335,-1.6917952619019132,5,medium,long_tenure
2587,7.7,60.9,0.787,1,0.08009459282755488,1.0203044947979414,7,medium,long_tenure
2588,14.9,8.0,0.769,0,0.13557629315019,-1.7014973254563013,9,high,new
2589,12.4,45.9,0.769,0,0.12992786485484348,0.866725195904316,8,high,established
2590,0.5,70.8,0.493,1,-0.0034260396122938954,-1.9258349338507526,3,low,long_tenure
2591,4.7,30.2,0.5,1,0.0762380515368566,-1.285378517094325,6,low,established
2592,5.7,16.4,0.398,0,0.16208921485807778,-0.9348287618564078,9,low,new
2593,14.1,45.6,0.737,3,0.030698661682872372,-0.9591152018350981,5,high,established
2594,11.5,16.3,0.927,0,0.16028557842436456,1.3269643352673186,9,medium,new
2595,14.9,25.3,0.99,0,0.05778534858376785,-0.46637879330824583,6,high,established
2596,0.8,25.6,0.566,0,-0.06469024737756293,-0.9921024631793157,2,low,established
2597,11.1,13.9,0.868,0,0.22111644537858102,0.7984170272904063,10,medium,new
2598,7.4,50.5,0.637,0,0.007340903424417649,-0.6981911594879622,4,medium,long_tenure
2599,6.7,20.3,0.308,1,0.01736805639985313,0.430266980295732,4,medium,established
2600,7.8,32.1,0.397,1,-0.09059597163885351,-1.0203654961525428,1,medium,established
2601,6.6,55.9,0.852,1,0.014339757432699081,1.2017432638240297,4,medium,long_tenure
2602,10.8,36.3,0.673,3,0.054959763868982964,-0.8630729455435484,6,medium,established
2603,7.5,49.0,0.525,1,-0.19835546850428795,0.5291144882893427,1,medium,long_tenure
2604,6.0,31.4,0.609,1,0.16489791728607137,0.6812780052793903,9,low,established
2605,19.1,19.8,0.943,0,0.18644387980304222,0.4233616646443602,10,high,established
2606,15.5,1.6,0.99,1,0.07816550892149103,-0.9447111629266987,7,high,new
2607,11.9,28.3,0.644,0,0.06614468209337439,-1.209074343041632,6,medium,established
2608,12.7,27.2,0.946,1,0.14750848564160438,-0.8652255721338399,9,high,established
2609,10.8,15.9,0.37,2,0.14558678121840457,-1.1385131347568063,9,medium,new
2610,10.8,49.1,0.762,0,0.1427422146535343,-2.139208990650798,9,medium,long_tenure
2611,7.0,21.2,0.182,0,0.2413094395755328,0.6533286992874408,10,medium,established
2612,1.3,47.6,0.542,1,-0.06609661349552784,0.40136008163334747,2,low,established
2613,7.4,53.9,0.651,0,0.1034397533666611,1.4554960478734489,8,medium,long_tenure
2614,5.3,27.9,0.522,1,-0.11271762090952021,0.3090228332353653,1,low,established
2615,17.2,19.1,0.917,1,0.1529024810061081,-1.1916969378231537,9,high,established
2616,8.3,54.9,0.755,0,0.029305416530200315,-0.46967822440058254,4,medium,long_tenure
2617,19.9,17.9,0.902,0,-0.0007305942817026263,0.45639487360946007,3,high,new
2618,1.0,16.6,0.461,0,0.04168235679922784,0.461991099049764,5,low,new
2619,3.9,17.7,0.475,1,0.09677444559866583,-1.0072506217826163,7,low,new
2620,0.0,2.1,0.637,2,0.26121059212975994,0.6201104578781531,10,low,new
2621,6.2,21.7,0.496,1,-0.10317450516137142,-0.9010451535360138,1,medium,established
2622,6.0,32.8,0.285,0,0.037085077906492306,2.478595743333443,5,low,established
2623,25.0,16.7,0.838,0,0.05411235023228318,0.3621123466252718,5,high,new
2624,7.3,35.1,0.496,3,0.046641401594379926,2.119531790514686,5,medium,established
2625,9.9,38.0,0.729,3,0.1248626936769256,0.607029613615111,8,medium,established
2626,8.7,61.3,0.561,0,-0.06044677871636862,-2.230531331008625,2,medium,long_tenure
2627,8.1,23.5,0.836,2,0.11248360736687069,1.3997187678757173,8,medium,established
2628,8.4,56.2,0.659,0,-0.07280839384947109,-0.5059750625986061,1,medium,long_tenure
2629,16.7,1.0,0.946,0,0.2291048581658264,1.4310708034845572,10,high,new
2630,10.7,12.8,0.762,0,-0.06810352874477539,1.2068095245988597,2,medium,new
2631,16.5,17.8,0.99,0,0.040162970356038726,0.6024421377536069,5,high,new
2632,8.3,82.6,0.591,1,-0.13376524015110774,-0.47996477166217066,1,medium,long_tenure
2633,9.2,28.3,0.348,2,0.013993662903812243,-1.0707354325205478,4,medium,established
2634,8.6,20.6,0.555,2,0.02106108039237206,1.7537021077263606,4,medium,established
2635,6.9,13.7,0.742,3,0.21313205886078793,-0.4403740792468391,10,medium,new
2636,8.7,59.5,0.691,1,-0.09964074560405652,-0.5129231055779768,1,medium,long_tenure
2637,8.2,71.7,0.542,0,-0.1061756901137435,-0.6475559008282338,1,medium,long_tenure
2638,15.6,13.4,0.842,0,0.025767660703415282,-0.35371426915186305,4,high,new
2639,1.0,28.5,0.585,2,-0.05213978016017126,-0.7217316627587779,2,low,established
2640,15.6,13.8,0.874,1,0.13071721768254127,1.2423730428204283,8,high,new
2641,7.4,39.6,0.652,1,0.1567764978858794,1.6494906050912943,9,medium,established
2642,3.9,2.8,0.519,0,0.15322599672127582,0.5596552670044299,9,low,new
2643,11.0,50.3,0.214,1,0.07015131705865925,-0.8641149747873529,6,medium,long_tenure
2644,2.7,8.7,0.569,0,0.3432078042293559,-2.1583513962497163,10,low,new
2645,15.4,25.5,0.806,0,0.043148086901151385,0.6475770278810634,5,high,established
2646,6.0,18.7,0.39,3,0.03368551917725158,-0.5549405601769672,5,low,established
2647,3.8,20.6,0.599,1,0.1141112013366075,-1.3596438491284066,8,low,established
2648,11.5,19.1,0.589,1,0.055005275592074375,1.2526484135636997,6,medium,established
2649,9.7,34.1,0.644,2,-0.004824425057850726,-0.9266288372090165,3,medium,established
2650,1.1,27.5,0.51,0,-0.004055068058048446,0.3799780829037525,3,low,established
2651,2.2,34.7,0.538,2,-0.023101875660948956,2.3959777206417234,3,low,established
2652,5.5,78.9,0.797,3,0.14207587277783956,-0.6592265298841431,9,low,long_tenure
2653,2.3,26.0,0.601,2,0.13782007357432538,-1.3835890241605566,9,low,established
2654,5.9,42.6,0.442,0,0.12291373769280267,0.5092598986803724,8,low,established
2655,5.0,63.1,0.559,0,0.11446301614159163,0.6936467293869619,8,low,long_tenure
2656,3.6,34.9,0.402,0,0.1195285265485762,-0.8604101702110633,8,low,established
2657,11.1,67.1,0.654,1,-0.27407212375064177,-0.6924126405332239,1,medium,long_tenure
2658,7.6,24.4,0.584,2,0.055940503609754846,0.5795969206749487,6,medium,established
2659,17.8,18.2,0.789,0,0.0552681211396907,-0.43379433861209543,6,high,established
2660,11.5,22.0,0.948,1,0.12765693230348477,-0.5310108127710288,8,medium,established
2661,3.5,21.6,0.258,0,-0.06410889625489485,0.30427152778415295,2,low,established
2662,5.6,67.0,0.649,0,-0.15251066738248206,0.8174480177059655,1,low,long_tenure
2663,8.8,72.4,0.656,0,0.0014472013177056946,-0.5146126772095989,3,medium,long_tenure
2664,13.2,15.7,0.913,0,0.0890602906784001,0.4821407514709488,7,high,new
2665,13.6,26.7,0.734,0,0.042147033193745326,-0.4872365985555518,5,high,established
2666,0.1,42.1,0.509,0,0.0684913116333104,0.4764263431840353,6,low,established
2667,7.6,18.4,0.674,0,0.14089466469158302,0.8164798132520434,9,medium,established
2668,18.4,6.1,0.843,1,0.13263362885344343,-0.46754266763333563,9,high,new
2669,9.8,17.5,0.621,0,0.15553371819311787,1.6774251054307574,9,medium,new
2670,8.1,58.0,0.664,0,0.05757460421167384,-2.371643176065705,6,medium,long_tenure
2671,14.0,24.2,0.609,1,-0.050161912440261094,0.6524832901192485,2,high,established
2672,14.7,53.2,0.501,0,0.0716586459893811,-0.702727867698524,6,high,long_tenure
2673,7.4,53.8,0.51,0,0.07521576736242885,-1.8606394705489708,6,medium,long_tenure
2674,8.4,68.4,0.641,1,-0.06096351388778849,-0.5489830325388937,2,medium,long_tenure
2675,7.5,55.4,0.417,4,-0.011915587161252471,-0.5062152920385046,3,medium,long_tenure
2676,4.8,71.8,0.603,0,0.08375379799516643,1.9327761090242777,7,low,long_tenure
2677,9.3,75.5,0.569,0,0.11573556814166037,1.434093346279445,8,medium,long_tenure
2678,5.2,17.5,0.397,0,0.10365190334372758,2.0550371882567924,8,low,new
2679,0.2,23.3,0.555,1,-0.15696160757621044,0.3127751107308989,1,low,established
2680,9.2,67.1,0.521,2,-0.14182399067775484,0.6597262974760918,1,medium,long_tenure
2681,5.3,14.1,0.526,2,0.2264369863566059,0.5742162024308396,10,low,new
2682,2.9,16.9,0.367,1,0.08397142996740622,0.3226375168048027,7,low,new
2683,14.2,26.3,0.851,0,0.11290146662555856,0.6448208575314428,8,high,established
2684,10.1,44.1,0.641,1,0.07611209394947131,-1.1673437888406237,6,medium,established
2685,20.3,16.8,0.87,0,0.05889533776278274,-0.4647352523847377,6,high,new
2686,5.6,7.7,0.332,1,0.1531371360707161,-0.949756133929208,9,low,new
2687,18.1,12.5,0.859,2,0.22199771125880957,0.5166818729651254,10,high,new
2688,6.8,13.7,0.395,2,0.1331231932980405,-0.6556924201725396,9,medium,new
2689,14.9,16.9,0.942,0,-0.002170621028204792,1.234541121120786,3,high,new
2690,9.6,65.1,0.299,0,0.006540207793414395,1.8871217158035496,4,medium,long_tenure
2691,0.8,18.8,0.528,0,0.05748887218121589,0.40527469127417926,6,low,established
2692,8.6,64.9,0.708,1,-0.021186336240622067,0.8205532048881038,3,medium,long_tenure
2693,5.8,27.0,0.606,1,0.06289584038899049,-1.1962277976885274,6,low,established
2694,4.4,25.1,0.67,1,0.166891752875883,0.6601466074515064,9,low,established
2695,5.4,7.6,0.533,1,0.16527838144087761,-1.098332321254084,9,low,new
2696,16.2,13.0,0.831,0,0.06360755481665413,1.2358416825696643,6,high,new
2697,2.8,26.9,0.669,1,0.04343433925845284,0.6914353014691931,5,low,established
2698,12.8,34.9,0.769,1,0.05111654683132549,1.0647582831827203,5,high,established
2699,7.8,58.7,0.431,1,-0.017336773897351665,-2.4334880149111773,3,medium,long_tenure
2700,8.0,28.6,0.634,1,-0.03745058583427183,0.7234241229060907,2,medium,established
2701,11.8,41.5,0.656,2,0.007042294053075551,0.7646392742339004,4,medium,established
2702,8.1,28.6,0.384,2,-0.027290687496366324,0.47025895384039645,3,medium,established
2703,7.0,75.8,0.491,0,0.07158988622830673,1.592466327046328,6,medium,long_tenure
2704,3.3,36.4,0.491,3,0.09882842863532429,0.31214869537289186,7,low,established
2705,7.8,47.6,0.494,4,0.0742801851744267,0.4253276614830168,6,medium,established
2706,8.8,67.5,0.56,1,-0.03778675960441158,-0.6582339345693063,2,medium,long_tenure
2707,7.4,50.3,0.646,0,0.0870715397255109,1.8319398306812176,7,medium,long_tenure
2708,22.1,8.6,0.99,1,0.00027404807775300373,-1.4337702836715183,3,high,new
2709,13.8,41.5,0.916,0,0.0740976592757596,-0.32489049915716534,6,high,established
2710,10.8,40.2,0.573,0,0.1650417120758258,0.5744168667568165,9,medium,established
2711,6.0,38.1,0.529,1,0.00613861159746077,-1.1123654236432965,4,low,established
2712,15.1,12.2,0.838,0,0.027181588905816127,-0.5365521980752489,4,high,new
2713,13.2,26.1,0.655,0,0.1150973906584425,-0.6907695644961552,8,high,established
2714,16.7,33.1,0.596,3,0.1024594891845121,1.3329560921859205,7,high,established
2715,10.2,9.0,0.422,1,0.14093814820637146,-0.6918549619536718,9,medium,new
2716,16.7,14.0,0.99,0,-0.07408965094340605,-0.6868958068341464,1,high,new
2717,5.9,36.3,0.642,0,-0.01641770678848082,-0.5210244542186093,3,low,established
2718,4.1,19.9,0.519,1,-0.011228575924073815,-0.8248087659031833,3,low,established
2719,12.9,6.2,0.99,0,-0.07023201146918717,-1.3560332370964785,2,high,new
2720,9.0,28.4,0.742,1,0.07443971327818379,-0.7272985417905384,6,medium,established
2721,9.8,97.1,0.66,1,0.08606765003442654,-0.7719853538978942,7,medium,long_tenure
2722,2.6,42.6,0.46,1,-0.01666682888067133,-0.8654053112257194,3,low,established
2723,0.0,44.7,0.636,0,0.057113855312292766,2.2047399736915128,6,low,established
2724,8.7,68.7,0.612,1,-0.04526401030939693,-0.6503972678064571,2,medium,long_tenure
2725,14.6,25.6,0.727,0,0.019105567757950435,0.9488616899645962,4,high,established
2726,2.5,17.9,0.559,1,0.20619024912523048,0.530791563362274,10,low,new
2727,2.4,24.1,0.388,0,0.09096333909060723,0.611610684023337,7,low,established
2728,17.1,19.3,0.851,2,0.12055505594983293,-0.7242953069212972,8,high,established
2729,6.9,45.8,0.58,2,-0.12973759247113478,-1.194048025770976,1,medium,established
2730,7.0,9.6,0.283,2,0.12226916766932068,0.5241599967187773,8,medium,new
2731,18.6,18.1,0.891,0,-0.014481252151039877,1.351874091998227,3,high,established
2732,15.3,17.2,0.957,1,0.08185032839387159,-0.8447286507394577,7,high,new
2733,7.6,22.5,0.512,2,-0.07564184712338902,-1.0880571941213704,1,medium,established
2734,8.3,52.5,0.754,1,0.08547230959212623,-0.6698316670552584,7,medium,long_tenure
2735,15.6,14.9,0.859,0,-0.020517431928256117,-0.5461810956259214,3,high,new
2736,3.3,72.6,0.471,0,-0.0365343615852215,0.6105878575594152,2,low,long_tenure
2737,21.2,15.1,0.99,1,0.0858951436661104,1.7061369051549116,7,high,new
2738,10.9,50.5,0.612,3,-0.049473214471394265,1.6420795112829532,2,medium,long_tenure
2739,7.7,22.7,0.685,2,0.06691967995142836,0.7394828447973825,6,medium,established
2740,3.8,33.3,0.688,3,0.1216259639549044,0.5268197332175866,8,low,established
2741,15.5,11.7,0.796,0,0.012864629180242027,0.7610931445777694,4,high,new
2742,2.9,29.1,0.373,2,-0.04545024110910214,0.35420738196469426,2,low,established
2743,15.8,6.6,0.99,0,0.014800744846719413,-0.5466191116203183,4,high,new
2744,0.0,45.1,0.632,0,0.053905855092369434,0.5172485770574657,5,low,established
2745,6.7,41.7,0.647,0,-0.04429915846052921,-0.5341658284819973,2,medium,established
2746,3.4,42.6,0.361,0,0.1534180540571534,-0.8692386088738254,9,low,established
2747,15.5,17.1,0.99,1,0.03584909612895947,1.4112904858062447,5,high,new
2748,15.4,22.6,0.831,0,0.06264930864940668,-0.34431765324138514,6,high,established
2749,8.1,78.0,0.676,0,-0.07947306545374772,1.2952308651074023,1,medium,long_tenure
2750,20.1,26.3,0.853,0,0.16562523748469984,-0.23215939340176595,9,high,established
2751,14.6,7.2,0.93,1,0.10344636932130842,-1.360643919072694,8,high,new
2752,2.0,29.2,0.326,1,0.03255333487805639,0.41644625039806343,5,low,established
2753,0.0,44.4,0.389,3,0.09275218887993739,-1.0220137894718873,7,low,established
2754,14.6,5.4,0.831,0,0.12895821528041765,0.8544127116796991,8,high,new
2755,0.7,47.4,0.503,2,0.0006980035956632495,0.38158208311359554,3,low,established
2756,7.1,26.6,0.448,3,0.0634250706162284,1.7239310959764993,6,medium,established
2757,4.2,16.8,0.527,2,0.14198482920408365,0.5905675395998955,9,low,new
2758,11.5,20.3,0.499,2,-0.05085510634603252,-1.436564436108056,2,medium,established
2759,13.0,28.3,0.567,2,-0.03330241267896054,-0.7549793165545924,2,high,established
2760,6.7,7.5,0.659,5,0.27076524423706194,0.44913813656824614,10,medium,new
2761,8.1,26.0,0.684,0,0.021332492698645972,0.6526626611390309,4,medium,established
2762,8.1,18.8,0.271,0,0.10428040014900473,0.5180867920796985,8,medium,established
2763,16.5,3.1,0.935,0,-0.003114406444357248,-1.2947004963261826,3,high,new
2764,9.4,71.0,0.551,0,-0.13702091654931647,0.9683000942331418,1,medium,long_tenure
2765,18.8,13.4,0.99,0,-0.0393912960977827,1.4730735614060022,2,high,new
2766,6.9,14.4,0.635,2,0.10023613976361108,0.46576041372345056,7,medium,new
2767,9.1,58.1,0.353,1,-0.1515319397499818,-2.3118530444852854,1,medium,long_tenure
2768,12.8,35.3,0.518,3,-0.04581585344624837,-1.1986414180217686,2,high,established
2769,4.3,22.9,0.459,1,0.06797637876150145,0.427155446606984,6,low,established
2770,5.9,13.6,0.43,0,-0.021131703520673263,0.4842988686107893,3,low,new
2771,15.5,17.5,0.99,0,0.055946690990796466,1.4847411086937372,6,high,new
2772,7.3,21.4,0.439,0,-0.02698091042552254,0.40250248058030724,3,medium,established
2773,2.6,8.3,0.372,2,0.08123924813151924,0.40945524027983315,7,low,new
2774,11.5,12.5,0.788,1,0.05080767201750583,-0.9219843173827689,5,medium,new
2775,6.3,29.0,0.299,1,-0.01579639689246507,0.45697988966099945,3,medium,established
2776,5.2,68.9,0.558,0,0.07268772470766603,-0.6100876979406,6,low,long_tenure
2777,6.0,28.2,0.528,3,0.1723751011624304,0.3406143769641772,9,low,established
2778,11.4,70.1,0.682,1,-0.15948207658406705,0.9086932423762255,1,medium,long_tenure
2779,18.6,4.2,0.883,1,0.11155285363036446,1.502611996433132,8,high,new
2780,15.1,4.6,0.828,0,-0.01892822067679143,-0.34579638910000404,3,high,new
2781,7.8,13.0,0.789,0,0.12180405683339252,-0.3578816301164812,8,medium,new
2782,17.4,34.0,0.823,0,0.027631840143740125,1.18049649102013,4,high,established
2783,10.8,33.0,0.528,2,-0.011719594384388842,1.5032262777176018,3,medium,established
2784,9.4,58.7,0.558,0,0.20951500585421431,0.7392945469338881,10,medium,long_tenure
2785,17.3,34.5,0.974,0,0.058620004944459216,0.938735476221839,6,high,established
2786,8.5,27.6,0.74,2,0.07248616362574017,1.7209290374439818,6,medium,established
2787,7.9,57.8,0.461,4,-0.06353019108079996,0.4391467723525486,2,medium,long_tenure
2788,6.0,24.9,0.713,2,-0.021210776909277092,-0.5332588681769158,3,low,established
2789,2.6,9.9,0.506,0,0.15214385758880347,0.4707190091912895,9,low,new
2790,8.9,60.0,0.66,0,0.11287481617439868,-0.5972065199773323,8,medium,long_tenure
2791,5.4,19.0,0.598,1,0.02536455720593875,0.5252662301319536,4,low,established
2792,18.1,6.3,0.881,1,-0.08234493637706909,0.6308953223355745,1,high,new
2793,0.7,53.2,0.474,2,-0.11846094085415887,0.36239276726652325,1,low,long_tenure
2794,0.0,25.8,0.444,0,0.0550334467235562,0.45814151459169017,6,low,established
2795,3.5,27.6,0.435,1,0.19124729525500125,-0.6251881785015921,10,low,established
2796,6.2,25.5,0.64,2,-0.03657974698335839,0.49097918227840287,2,medium,established
2797,9.5,24.1,0.595,3,-0.08072858931490254,0.39466425048325005,1,medium,established
2798,4.5,74.3,0.691,0,0.1661941686404357,0.7431635111486473,9,low,long_tenure
2799,12.2,10.9,0.516,4,0.11015129944024898,0.4264000085429484,8,high,new
2800,2.3,8.3,0.36,0,0.07210571607110793,-0.9453845805768561,6,low,new
2801,8.8,19.0,0.356,2,0.028677739490666904,-0.8150636638012665,4,medium,established
2802,9.4,78.2,0.6,1,0.07786569443128613,1.2778810038318746,6,medium,long_tenure
2803,13.2,11.5,0.99,0,0.03278973235044629,0.8769064137480039,5,high,new
2804,14.7,36.0,0.539,3,0.0017092184592734075,0.7192934136338798,3,high,established
2805,16.7,16.3,0.972,0,0.06158579483082055,0.5532878837532285,6,high,new
2806,16.4,31.6,0.929,0,0.07267992188603035,-0.4359147351093388,6,high,established
2807,7.8,43.0,0.591,1,0.05567806585603691,0.7224816984687601,6,medium,established
2808,5.8,30.8,0.574,0,0.1598207112703203,-0.7187560473296712,9,low,established
2809,17.4,13.6,0.981,1,-0.04271565093955611,0.4764037282854051,2,high,new
2810,13.7,27.1,0.9,1,0.15900489604714743,1.009130059288092,9,high,established
2811,15.4,6.2,0.891,0,-0.12560016565602863,-0.6032903553334434,1,high,new
2812,4.8,22.3,0.44,1,0.024357027935392194,-1.0841527903813089,4,low,established
2813,10.6,29.8,0.422,1,0.0493730790177677,0.28417719581723455,5,medium,established
2814,17.6,4.0,0.809,0,0.08235130002505346,-0.34455288639477966,7,high,new
2815,16.4,1.0,0.951,0,0.02476735932344194,-0.6050083127315201,4,high,new
2816,7.5,24.0,0.416,1,0.011375045579007611,-1.0036926556520815,4,medium,established
2817,14.4,17.6,0.818,0,-0.015920788165372523,1.0604508657547058,3,high,new
2818,5.8,21.9,0.547,2,-0.11088111026862807,-0.7873055346638353,1,low,established
2819,9.6,58.0,0.959,0,-0.012912446483026516,0.8650876253920021,3,medium,long_tenure
2820,2.8,1.0,0.504,2,0.10874604641704776,0.3437421501641401,8,low,new
2821,15.5,11.6,0.99,0,-0.06764849250161148,0.9476271259756328,2,high,new
2822,9.6,43.3,0.501,1,-0.04609700896317593,-1.1781528325221602,2,medium,established
2823,16.0,24.5,0.94,1,0.11400130870926047,-0.7605507097912193,8,high,established
2824,4.5,21.0,0.236,0,0.14203301774849683,-0.7055242348220165,9,low,established
2825,2.1,24.9,0.394,0,-0.003172772451859564,0.390749037851748,3,low,established
2826,5.2,12.1,0.486,1,0.22198621061840276,0.4558589133487546,10,low,new
2827,7.2,81.5,0.484,1,0.08392820092482335,-0.8230694402853755,7,medium,long_tenure
2828,15.8,40.8,0.943,2,0.18762341554560494,1.0119521607040802,10,high,established
2829,7.6,24.0,0.482,2,-0.04372112800494387,0.401180061922087,2,medium,established
2830,5.9,53.1,0.364,1,-0.008556093765267208,-0.8144328731287714,3,low,long_tenure
2831,14.5,7.8,0.808,1,-0.048309005273769814,0.8406464509782887,2,high,new
2832,7.6,47.0,0.561,1,-0.08664448062224883,0.5967585947822446,1,medium,established
2833,12.3,53.5,0.602,1,-0.14303418430090023,-1.1575863684198557,1,high,long_tenure
2834,3.7,19.4,0.395,1,0.19251311024567924,-0.6728963910564244,10,low,established
2835,9.1,58.7,0.646,3,-0.009904286795885552,-0.7907707682799374,3,medium,long_tenure
2836,10.8,27.6,0.531,1,-0.10565567787933541,-0.7112150269364206,1,medium,established
2837,9.6,20.7,0.766,1,0.08909544815949713,0.6085744114311029,7,medium,established
2838,15.0,5.2,0.99,0,-0.08719415451027242,-1.111813997166498,1,high,new
2839,6.0,75.7,0.666,1,0.18422844792983104,0.71524208849679,10,low,long_tenure
2840,16.0,28.0,0.862,1,0.12011297875585555,0.499001580748837,8,high,established
2841,6.3,16.2,0.371,0,0.19913002783746514,1.9440022057659565,10,medium,new
2842,11.6,39.5,0.675,0,0.003275886062748263,-0.4901188314459832,3,medium,established
2843,4.0,48.5,0.694,0,0.22925913261829634,0.6200249212446668,10,low,long_tenure
2844,20.8,36.7,0.878,1,0.013137557398765043,-0.6177613791582486,4,high,established
2845,15.2,24.3,0.857,0,0.11578302965379166,-1.9824901838473055,8,high,established
2846,11.5,31.8,0.629,3,-0.001806019328746945,0.36706998803042146,3,medium,established
2847,14.0,38.4,0.908,1,0.052118067275877526,0.7226304723887684,5,high,established
2848,11.7,39.5,0.837,1,0.11533540004355772,-0.4554144642300344,8,medium,established
2849,1.0,21.6,0.442,0,0.005903947256680685,0.4387787608720292,4,low,established
2850,7.1,61.8,0.573,0,0.043833847923009324,-0.5723583623412344,5,medium,long_tenure
2851,9.4,55.0,0.557,0,-0.0018406176791338255,-0.603747141830739,3,medium,long_tenure
2852,8.1,58.6,0.639,0,0.021096126781246394,-0.5241132903012631,4,medium,long_tenure
2853,3.8,4.2,0.367,0,0.1735736106767227,1.899640929567076,10,low,new
2854,11.0,44.1,0.559,0,0.07325011454056485,-0.6215206686869286,6,medium,established
2855,4.5,1.3,0.545,0,0.12480080553223218,-0.6706483007030206,8,low,new
2856,5.3,35.0,0.387,0,-0.006925627983423978,0.5402218850088727,3,low,established
2857,17.4,12.3,0.793,3,0.06004597034611308,0.6082991816349204,6,high,new
2858,8.0,85.4,0.709,0,0.004546316760744459,-0.6178119250613467,3,medium,long_tenure
2859,2.6,13.2,0.34,2,0.09868046051965947,0.35902469956173844,7,low,new
2860,9.3,82.8,0.768,0,0.017594686843923152,1.4518826674783467,4,medium,long_tenure
2861,10.0,57.6,0.561,0,0.08989890642127252,-2.6422864176640974,7,medium,long_tenure
2862,9.8,12.2,0.807,1,0.1877288134185393,-1.029334502823053,10,medium,new
2863,8.4,77.4,0.665,1,0.13396366015149688,0.8431347413001286,9,medium,long_tenure
2864,20.0,32.8,0.96,0,0.1751250574151084,-0.38229448553939605,10,high,established
2865,11.7,51.1,0.643,1,-0.06912037188797698,0.9009938431510504,2,medium,long_tenure
2866,15.7,12.0,0.929,0,0.30460859844430055,0.5176485853281889,10,high,new
2867,6.3,51.1,0.615,1,0.18324280258756998,-0.7991822283387469,10,medium,long_tenure
2868,10.2,29.6,0.488,1,-0.16987404870569134,-1.1097278101165529,1,medium,established
2869,2.7,23.3,0.467,0,-0.09391028052109053,2.4823612343071404,1,low,established
2870,18.4,11.8,0.99,0,0.18991843686770718,-1.693301357961449,10,high,new
2871,10.1,9.2,0.459,2,0.04266781635307055,0.43739363418363636,5,medium,new
2872,15.2,55.0,0.809,0,-0.09766003504173829,-0.39404369770279973,1,high,long_tenure
2873,20.0,24.4,0.966,0,-0.08290981843512676,-0.38164550210316234,1,high,established
2874,13.1,13.5,0.852,0,0.09897478752264063,0.9823498511972364,7,high,new
2875,14.6,12.1,0.85,1,0.17847641677365156,-0.5270840945511636,10,high,new
2876,10.8,4.8,0.99,0,-0.01967876924968402,0.828709415419262,3,medium,new
2877,10.2,8.7,0.99,0,-0.1314751479564463,0.855873535116165,1,medium,new
2878,8.3,78.9,0.765,1,-0.02102319256726546,-1.83963326948954,3,medium,long_tenure
2879,5.8,17.3,0.562,0,0.21436539603288476,-1.2687457892741483,10,low,new
2880,20.4,24.6,0.961,0,0.1328661418018145,-0.3849867321687688,9,high,established
2881,19.1,16.6,0.938,0,0.1167230228697332,0.39667999892329814,8,high,new
2882,15.3,18.9,0.881,0,0.07430403769114677,-0.3577636963730543,6,high,established
2883,8.1,22.2,0.602,1,-0.128995856721504,1.7904682977680524,1,medium,established
2884,12.0,57.8,0.762,0,0.010813683755429633,-0.41993837531724665,4,medium,long_tenure
2885,13.6,30.9,0.766,1,-0.010485596555242676,0.8146525796600627,3,high,established
2886,13.5,9.8,0.872,2,0.13758849169211962,1.3492854248766681,9,high,new
2887,13.1,20.0,0.756,0,0.1264684591198943,-1.7520414425934363,8,high,established
2888,3.7,27.5,0.611,0,0.06516644420677169,-1.44319846397891,6,low,established
2889,17.2,42.1,0.99,1,-0.043788640503525225,-0.46229581584947343,2,high,established
2890,14.6,19.3,0.944,0,0.0575771557899665,1.0596504246729541,6,high,established
2891,17.2,1.0,0.99,1,-0.027463027468077345,1.1445587250489202,2,high,new
2892,9.8,36.0,0.466,0,0.19558816373030496,1.6950111913970263,10,medium,established
2893,5.2,28.6,0.49,1,0.061238024974045936,0.2596482586745753,6,low,established
2894,7.8,55.1,0.446,0,0.016827780182520295,0.5615924395998664,4,medium,long_tenure
2895,0.8,39.7,0.285,2,-0.04033009857831569,0.26463825556057463,2,low,established
2896,13.7,9.9,0.901,0,0.22661289068943827,-0.6307978621455231,10,high,new
2897,3.7,30.7,0.379,2,-0.0837554628734705,0.27493218571641126,1,low,established
2898,14.0,8.9,0.836,1,0.02964206944985477,-0.4987805079561973,4,high,new
2899,10.4,31.0,0.578,2,0.027738650837465628,0.6995918913824271,4,medium,established
2900,8.4,70.1,0.734,0,-0.06593671878485333,0.8969657273327729,2,medium,long_tenure
2901,8.8,75.4,0.58,2,0.03980238616656143,-0.7806529883981029,5,medium,long_tenure
2902,3.7,32.7,0.351,2,-0.10948408064300262,2.4138878327039373,1,low,established
2903,15.4,16.9,0.847,0,0.0437951523179274,1.1421366313527728,5,high,new
2904,3.6,51.8,0.531,1,-0.02252050902282351,-0.9165771431530223,3,low,long_tenure
2905,7.3,57.6,0.632,0,0.05372818579653084,-0.5724875403134922,5,medium,long_tenure
2906,10.1,11.7,0.621,4,0.10639529312072085,-0.37546695904795535,8,medium,new
2907,0.0,5.0,0.601,1,0.07673082484599471,0.4381538655919188,6,low,new
2908,16.8,33.7,0.99,0,0.0980052580418952,-0.5069900416797415,7,high,established
2909,2.2,21.1,0.5,0,0.05794156164355011,0.5165950762662452,6,low,established
2910,8.1,32.9,0.65,2,0.08778297890845911,0.6169868254633301,7,medium,established
2911,4.8,24.5,0.46,3,-0.0879956406622858,-1.4181851076724075,1,low,established
2912,15.0,10.6,0.941,2,-0.006951900403450916,-0.8325243027712126,3,high,new
2913,9.8,21.6,0.597,2,0.06810704028944758,-0.5142826898834343,6,medium,established
2914,10.2,36.7,0.688,3,0.005564483403594822,-0.8205879932696374,3,medium,established
2915,4.8,60.8,0.597,1,0.11923961678408586,-1.58128016959478,8,low,long_tenure
2916,17.1,21.2,0.922,0,0.06766831745006693,0.9357191084788408,6,high,established
2917,19.1,20.1,0.967,1,-0.07944146944680358,0.7092144939853722,1,high,established
2918,3.2,16.9,0.639,0,0.18521733337106389,2.067692288988282,10,low,new
2919,16.0,1.0,0.99,2,0.08719564308937755,-1.1131187748209395,7,high,new
2920,3.4,12.5,0.729,1,0.21295184767902348,-1.0308879271448372,10,low,new
2921,2.1,58.3,0.51,2,-0.07584566780273626,0.36277775989035765,1,low,long_tenure
2922,16.7,33.7,0.853,0,0.10946355095692858,1.32182639255577,8,high,established
2923,18.6,32.1,0.98,0,-0.04674923192174473,1.4700509195863192,2,high,established
2924,7.4,22.9,0.505,1,0.014038087162386349,-0.9793065309243973,4,medium,established
2925,23.2,16.1,0.877,1,0.11135790121555843,1.8906593699927297,8,high,new
2926,9.8,21.2,0.786,1,-0.05660310473582976,0.7087821888951081,2,medium,established
2927,5.6,15.3,0.649,5,0.14796296352141808,-0.3049752441072818,9,low,new
2928,12.5,23.9,0.615,1,-0.09766019043263033,0.5824028345781831,1,high,established
2929,4.6,77.9,0.679,0,0.15687297507798437,-0.5220382150495378,9,low,long_tenure
2930,9.9,41.1,0.58,3,-0.006534551880523063,-0.8811716702596022,3,medium,established
2931,6.5,19.4,0.353,1,-0.016191182885408884,0.36171459343296786,3,medium,established
2932,12.3,12.2,0.761,0,0.15603564397777833,0.8593774826064341,9,high,new
2933,11.6,40.0,0.658,1,-0.012519740255648365,1.3579131257591488,3,medium,established
2934,3.8,15.1,0.329,1,0.1439201972016302,0.4479877786326331,9,low,new
2935,13.7,32.0,0.578,2,0.10890065467315796,-1.3074306502758566,8,high,established
2936,5.3,66.8,0.505,0,-0.01272718627538922,2.020148068851633,3,low,long_tenure
2937,3.8,66.7,0.561,0,0.023519286213982884,0.5976301276112861,4,low,long_tenure
2938,14.7,19.0,0.9,0,-0.07015364004287718,-0.651422822576273,2,high,established
2939,23.8,8.2,0.99,0,-0.023313040995802354,0.34903861236271094,3,high,new
2940,18.3,9.4,0.99,1,0.11416841154074357,-0.6136634940129777,8,high,new
2941,6.0,8.4,0.349,1,0.12525476391527568,0.47328260995541027,8,low,new
2942,17.6,1.0,0.934,1,0.12439614191722524,0.9940553972257214,8,high,new
2943,3.2,20.6,0.273,0,0.05272561464750645,0.4476283902230898,5,low,established
2944,23.4,25.8,0.906,0,0.0481617542921259,-0.43364389416705273,5,high,established
2945,17.2,1.0,0.99,1,0.09741117972295701,-0.7988175738478492,7,high,new
2946,9.0,65.3,0.633,1,0.137503034551869,-0.6481054232041166,9,medium,long_tenure
2947,10.7,71.4,0.785,2,-0.09134419394716009,1.156009304309358,1,medium,long_tenure
2948,1.1,1.0,0.522,2,0.12115241349203117,-0.899440669282438,8,low,new
2949,2.1,18.8,0.457,0,0.011761769634233058,-1.2252721629798533,4,low,established
2950,3.8,41.8,0.403,2,0.05871508430542747,-0.9333874754398097,6,low,established
2951,18.7,22.6,0.841,0,0.05627289179422704,-0.3411295265057668,6,high,established
2952,1.0,1.0,0.27,1,0.1416591236037821,0.4147436149895005,9,low,new
2953,15.8,23.9,0.758,0,-0.05463102209342658,-1.1365023902732874,2,high,established
2954,3.9,13.0,0.539,0,0.23081063109895983,-0.8804089209675579,10,low,new
2955,3.7,70.3,0.807,1,0.10603409141518673,0.6760912700135648,8,low,long_tenure
2956,6.6,53.7,0.521,2,0.10797149476751788,0.6041832475983908,8,medium,long_tenure
2957,17.5,15.4,0.908,1,0.16468607810607408,-0.3649655671959284,9,high,new
2958,12.0,9.5,0.727,1,0.08972336846902566,1.113191953601238,7,medium,new
2959,19.8,16.0,0.793,0,0.09026556786628884,-0.309188200444337,7,high,new
2960,5.8,15.2,0.459,0,0.11637422993530057,0.35036132365700656,8,low,new
2961,5.4,19.3,0.373,0,0.027946269515727064,-0.8808971805614758,4,low,established
2962,4.5,7.9,0.219,0,0.1585432731251803,0.42408689821925305,9,low,new
2963,13.1,21.9,0.99,0,-0.03767980351125015,-0.6238762572882509,2,high,established
2964,7.2,33.1,0.585,7,0.12760768976448966,-0.2617138034825407,8,medium,established
2965,17.0,1.0,0.779,0,-0.016724818115242915,0.8807299700171041,3,high,new
2966,7.2,42.9,0.604,1,0.12311288619854711,-0.9070351206280729,8,medium,established
2967,8.5,59.9,0.631,0,-0.0688275120167638,-0.5640375688370174,2,medium,long_tenure
2968,13.6,17.9,0.946,0,0.08588702389857171,1.2677030395100393,7,high,new
2969,10.2,40.2,0.553,3,0.07813196247660735,-0.30601707549409873,6,medium,established
2970,17.4,19.9,0.935,1,0.13738322794495475,-0.41392227041027885,9,high,established
2971,3.6,76.0,0.744,1,0.1579782790377719,0.7325501954571697,9,low,long_tenure
2972,9.2,27.5,0.445,0,-0.10155856590787438,0.5575380989807656,1,medium,established
2973,11.9,28.4,0.824,1,0.1751404534843915,-0.4563326312967506,10,medium,established
2974,0.0,23.5,0.522,1,-0.09530054468511988,0.38099810973765713,1,low,established
2975,6.4,68.1,0.579,0,-0.04576563477286843,-0.6518787856888227,2,medium,long_tenure
2976,12.1,26.8,0.421,0,0.07753066634846527,-0.6842490184015562,6,high,established
2977,11.1,45.9,0.538,3,0.03713166382171771,1.7687631539953657,5,medium,established
2978,12.8,39.7,0.545,2,-0.011808089497676266,-0.8904066057676021,3,high,established
2979,10.6,25.7,0.536,3,0.00789894774827336,0.3012096009941179,4,medium,established
2980,5.1,14.3,0.292,0,0.15850820190515488,0.5325712509568665,9,low,new
2981,11.4,30.4,0.641,6,-0.026929722988197083,-0.3996227429502878,3,medium,established
2982,14.3,6.9,0.99,0,-0.09343034355822298,-0.6367173053324054,1,high,new
2983,17.3,3.4,0.881,2,0.07920064466739539,0.3463444956660669,7,high,new
2984,12.2,5.5,0.694,4,0.16370152125170498,0.6065376359864659,9,high,new
2985,17.9,1.0,0.846,2,-0.003205683739422298,-1.2133896565040325,3,high,new
2986,19.4,39.8,0.839,1,0.11955960456082615,-0.4627870948549777,8,high,established
2987,16.5,8.1,0.945,1,0.18398044927318102,-1.0232562797821387,10,high,new
2988,13.6,53.8,0.637,4,0.001874319668510883,-0.5933901222487851,3,high,long_tenure
2989,15.4,20.8,0.888,1,0.037661898779405796,-0.3020945597017284,5,high,established
2990,14.7,30.4,0.664,3,0.02099021349256342,-0.41490141270993325,4,high,established
2991,6.0,4.0,0.288,1,0.22864746059653063,-1.0342195316362106,10,low,new
2992,3.5,22.1,0.397,2,0.0698404387808607,-1.2634437575980004,6,low,established
2993,4.8,84.7,0.746,0,-0.12467952977607213,-0.4921534025618774,1,low,long_tenure
2994,6.8,49.7,0.696,5,0.1596163391298851,-1.5892767507493932,9,medium,long_tenure
2995,6.4,34.3,0.682,2,0.20357051513477523,0.7269603118019832,10,medium,established
2996,7.8,48.2,0.752,1,0.042338549339274105,0.8877584078932818,5,medium,long_tenure
2997,5.6,19.5,0.549,3,0.07921811566631011,0.33920469723856794,7,low,established
2998,19.5,5.8,0.712,0,0.14575624520557903,0.6797392582515409,9,high,new
2999,4.8,37.3,0.402,0,0.23381302526515146,0.640157814729728,10,low,established
3000,16.2,35.6,0.97,0,-0.10684661484076306,-1.6819218558137035,1,high,established
3001,1.4,24.4,0.518,1,-0.029898342385681006,-0.8366814304618423,2,low,established
3002,6.9,27.4,0.532,1,-0.008356641340240006,-0.9378862974420981,3,medium,established
3003,10.0,34.6,0.794,0,0.06085510361131882,-0.4031047972354381,6,medium,established
3004,8.9,10.3,0.334,0,0.08276592815308911,1.5434881219239527,7,medium,new
3005,12.2,16.6,0.84,0,0.019799435111364824,-0.3872620877893454,4,high,new
3006,0.9,27.6,0.221,1,-0.08970924353691793,0.21270045675671304,1,low,established
3007,12.8,20.6,0.532,1,0.055655915456424634,-0.6405019388479933,6,high,established
3008,17.0,8.4,0.905,1,0.20150155101143655,0.7863966267573678,10,high,new
3009,16.3,7.4,0.889,2,0.07175345880341813,-0.7940204036765182,6,high,new
3010,5.4,39.0,0.394,0,0.0026710473287858607,0.34442662209176933,3,low,established
3011,18.6,39.0,0.824,2,0.02432347520028936,1.3108681020295276,4,high,established
3012,4.8,23.4,0.367,2,-0.028097330857394964,-0.5476231295724963,2,low,established
3013,0.3,18.8,0.369,1,0.07239952144506166,0.33795822170112777,6,low,established
3014,11.0,23.8,0.668,4,0.10583890494742974,0.3710615811678382,8,medium,established
3015,17.1,16.0,0.9,0,0.27576403622306184,0.6490447564616001,10,high,new
3016,12.2,24.4,0.938,0,0.010482810062958623,-0.9116170702721671,4,high,established
3017,1.1,20.8,0.393,1,-0.17530655535686449,0.2420493748342513,1,low,established
3018,14.0,21.0,0.948,2,0.053233356568893934,1.2749197670287482,5,high,established
3019,9.1,57.1,0.606,0,0.040628966610613985,-0.3873731062595705,5,medium,long_tenure
3020,13.4,13.7,0.863,0,0.16166298968299705,0.8970274269253855,9,high,new
3021,1.6,59.8,0.812,0,-0.044315952810912794,0.6976396382540324,2,low,long_tenure
3022,5.0,18.2,0.54,0,-0.008289922074228516,0.5471347394955419,3,low,established
3023,10.4,56.7,0.447,0,0.07689883030592941,-0.4732411904147048,6,medium,long_tenure
3024,8.7,40.1,0.478,3,-0.02693023256357129,-0.5526739333623637,3,medium,established
3025,9.5,40.8,0.625,0,0.14345779074620274,-0.4496293221331332,9,medium,established
3026,17.1,34.9,0.843,0,0.10621777100585318,-0.41812097621369226,8,high,established
3027,16.0,17.6,0.734,1,-0.00783541579810337,-1.3666004519113617,3,high,new
3028,4.9,29.3,0.443,1,0.05948852579506352,2.3101758883203125,6,low,established
3029,12.6,39.7,0.383,2,0.07105316628806078,1.743528437553428,6,high,established
3030,5.4,53.5,0.654,1,0.1356292094785846,0.8252250058415005,9,low,long_tenure
3031,6.6,11.0,0.51,0,0.22957299139985912,1.3409648963334906,10,medium,new
3032,12.8,3.6,0.99,0,-0.13683230759915416,-0.8485389725163082,1,high,new
3033,13.9,13.0,0.884,0,0.2288336062722361,-0.5195110293726957,10,high,new
3034,19.2,24.4,0.99,2,-0.10573963068819603,0.5525043415756327,1,high,established
3035,1.2,15.0,0.466,3,0.11373317606963046,0.2740577130451709,8,low,new
3036,8.3,38.3,0.683,3,0.04804851452849439,-0.7336912338095383,5,medium,established
3037,15.4,2.6,0.509,1,0.0723549518930111,-0.7427374319658396,6,high,new
3038,18.8,11.4,0.99,2,0.06480510890416268,-1.4375553992654577,6,high,new
3039,14.0,30.0,0.9,0,0.14656623301257224,-1.6061541197569404,9,high,established
3040,7.5,28.9,0.763,2,0.06302728202631296,-0.8843992074838523,6,medium,established
3041,7.5,52.1,0.789,0,0.12351657989809631,-1.4423353042846683,8,medium,long_tenure
3042,8.0,14.1,0.458,2,0.17347746533894606,-1.2195048175131815,10,medium,new
3043,1.8,1.0,0.475,1,0.07317694261067334,0.3912275776581731,6,low,new
3044,5.1,49.9,0.62,0,0.00864579796063108,-2.4241879991940847,4,low,long_tenure
3045,6.4,34.7,0.34,1,-0.008589240572605749,-1.1105511227293967,3,medium,established
3046,0.0,15.0,0.495,0,-0.07630063813812048,0.5060526964248169,1,low,new
3047,5.5,56.4,0.7,0,-0.010652638238874235,0.7527141412934478,3,low,long_tenure
3048,8.8,3.0,0.412,3,-0.07107079053250577,0.5083461791460213,1,medium,new
3049,4.4,2.4,0.421,2,0.01378842470801303,-0.4708271054208766,4,low,new
3050,12.3,30.3,0.99,0,0.1521886605682205,1.2423281036789982,9,high,established
3051,5.5,29.4,0.591,0,0.030858231510462606,-1.022828240369765,5,low,established
3052,17.5,1.0,0.98,0,0.1409164439440559,-1.2773353232839106,9,high,new
3053,7.2,23.4,0.423,2,0.03530758665825227,0.33324819933570793,5,medium,established
3054,9.0,21.6,0.314,0,0.013216288693607333,-0.8594675592877634,4,medium,established
3055,9.9,16.6,0.552,4,0.06845679243072009,-0.40019780625089113,6,medium,new
3056,5.3,38.0,0.794,0,0.1656370920124873,-0.4426280083880293,9,low,established
3057,13.4,29.1,0.523,2,0.05250589983025579,-0.965126829094471,5,high,established
3058,14.6,22.9,0.99,0,-0.1128797562670421,1.4080438261557913,1,high,established
3059,16.5,23.1,0.831,0,-0.10037346745378031,-0.3583320288671964,1,high,established
3060,14.7,26.5,0.959,0,0.12736567713919852,-0.35494028646380393,8,high,established
3061,10.7,12.4,0.487,2,0.0637317174441449,0.5346346307673618,6,medium,new
3062,6.7,62.7,0.619,0,0.1261612050314225,-0.4876409571691981,8,medium,long_tenure
3063,14.9,12.8,0.776,0,0.08104194056194304,-1.8287011389143535,7,high,new
3064,4.1,21.0,0.589,0,0.17405935408463158,0.7182475361671211,10,low,established
3065,6.6,59.5,0.564,0,0.008980348862311438,-0.4842302674130641,4,medium,long_tenure
3066,10.9,54.1,0.47,0,-0.14159498423233466,1.903312048225495,1,medium,long_tenure
3067,4.6,25.8,0.461,0,0.04411824229384757,0.7539533959594296,5,low,established
3068,15.9,29.9,0.891,1,0.08174549687509813,-0.4406715067988587,7,high,established
3069,4.7,26.0,0.38,0,0.017531491311788553,0.47682577784358093,4,low,established
3070,7.7,44.2,0.711,1,0.17217359857732822,0.7529335993690429,9,medium,established
3071,18.6,21.7,0.874,1,0.07613049716259673,-0.4752211351821294,6,high,established
3072,0.4,16.6,0.558,0,0.04726499777470086,-0.911085564669451,5,low,new
3073,6.0,17.0,0.388,2,0.28187934435883816,-0.9154149042293375,10,low,new
3074,1.1,12.8,0.543,0,0.16696960527225949,-0.9482654402744133,9,low,new
3075,3.1,28.4,0.325,1,0.1145678876955508,0.32716637841722596,8,low,established
3076,0.9,12.4,0.265,0,0.21121157001412866,-0.8591898936815089,10,low,new
3077,7.1,48.8,0.549,1,-0.014294685271610836,-0.7702161361822961,3,medium,long_tenure
3078,7.4,44.6,0.466,2,0.13773901530529636,0.49665719411249426,9,medium,established
3079,13.4,28.9,0.454,1,-0.07979892713327853,-1.1873315725850169,1,high,established
3080,16.7,14.2,0.946,0,0.16583838330478365,1.0612906625441658,9,high,new
3081,17.2,24.3,0.871,2,0.09408305494751103,-0.9486428536864128,7,high,established
3082,13.0,8.0,0.916,0,0.025182053330153154,-0.33597366255157524,4,high,new
3083,11.0,25.4,0.648,2,0.01654066798964266,1.4280112854541642,4,medium,established
3084,8.9,25.7,0.245,0,0.10463531695821605,-1.023493791384629,8,medium,established
3085,6.8,3.5,0.493,1,0.08411949213420397,-1.0811864645735119,7,medium,new
3086,4.5,64.7,0.507,0,0.3299294421192819,0.6623226937297748,10,low,long_tenure
3087,14.7,6.9,0.837,2,0.049465500260058026,-1.202808075492659,5,high,new
3088,8.3,72.3,0.432,0,-0.11952580649160806,0.7558635879577038,1,medium,long_tenure
3089,7.4,37.6,0.662,2,0.15672810694320696,0.5802977199579298,9,medium,established
3090,11.3,27.0,0.244,1,0.046266108037579995,-0.6437833732025462,5,medium,established
3091,3.2,2.7,0.298,0,0.021965838811291816,0.38744842113830624,4,low,new
3092,4.4,20.8,0.306,0,0.16131068869806042,0.388343980791916,9,low,established
3093,2.9,7.9,0.416,1,0.09849249854663715,2.2965095792487005,7,low,new
3094,5.1,21.6,0.412,2,0.04503467367636126,-1.0065595598613515,5,low,established
3095,11.7,34.2,0.729,2,0.13466439932149843,0.7672541928682096,9,medium,established
3096,16.3,1.0,0.888,0,0.08663535801011218,-0.455360028598034,7,high,new
3097,15.4,30.3,0.99,0,0.08651137793587435,0.6301075012199011,7,high,established
3098,5.1,66.4,0.682,0,-0.13366814933725937,-0.4831986594746777,1,low,long_tenure
3099,19.3,11.8,0.796,0,0.0801814919948176,0.3942964354676743,7,high,new
3100,15.6,5.1,0.827,0,0.1165819026448646,-0.4755169277227266,8,high,new
3101,4.0,9.0,0.596,1,0.15390794344521025,-0.9805667866565586,9,low,new
3102,9.7,18.4,0.99,0,0.00043781665255361357,-0.6061769372574793,3,medium,established
3103,4.2,17.9,0.521,2,0.009073096614826076,-0.3764636227742527,4,low,new
3104,3.4,40.6,0.535,2,-0.10758865122311029,2.2953251673605664,1,low,established
3105,4.1,28.8,0.641,4,0.014230392831383689,0.35893061405559146,4,low,established
3106,11.7,31.7,0.627,3,0.08643025945660687,-1.4622204305813082,7,medium,established
3107,6.6,45.3,0.645,0,0.11764388824044382,0.942602256831002,8,medium,established
3108,14.1,26.7,0.777,2,0.15216425215568752,-1.1425048351205707,9,high,established
3109,19.8,18.1,0.849,1,0.04958285614445471,-0.6315242985548546,5,high,established
3110,2.6,17.5,0.456,0,0.2322185633677926,0.41528680535763796,10,low,new
3111,11.7,56.2,0.452,0,-0.10433660916472808,1.4135369564544282,1,medium,long_tenure
3112,20.3,19.9,0.743,0,0.05573850405769766,0.4512579324611943,6,high,established
3113,7.5,49.2,0.79,0,0.126940602032137,-1.173565861334037,8,medium,long_tenure
3114,6.2,32.7,0.658,3,0.1969642865752292,-0.7623129968408291,10,medium,established
3115,2.2,75.7,0.617,0,0.1354353291660379,0.7950862661832514,9,low,long_tenure
3116,10.0,38.5,0.599,5,0.05257531110117202,0.4825231678833879,5,medium,established
3117,13.4,29.0,0.751,2,0.0959906652426831,0.8795988158880486,7,high,established
3118,10.1,23.7,0.543,2,0.04423399881007362,-1.1517983622490027,5,medium,established
3119,14.5,13.5,0.74,1,0.08232413724899318,1.1017665141214192,7,high,new
3120,13.9,13.6,0.868,0,0.014079115081807784,1.2681429461319458,4,high,new
3121,14.5,22.6,0.975,0,-0.03380085579684617,0.46251564156567765,2,high,established
3122,4.5,71.5,0.69,0,0.19919936395266766,-0.6500117398571896,10,low,long_tenure
3123,6.5,63.5,0.815,1,0.06575655811130424,1.4258904748534607,6,medium,long_tenure
3124,6.0,72.5,0.672,0,0.07266646108385887,0.6719502287195245,6,low,long_tenure
3125,16.0,9.2,0.627,1,0.07189159803303902,-0.9508075598990642,6,high,new
3126,16.3,26.6,0.99,0,0.0850765302207912,-0.873016712051939,7,high,established
3127,6.1,43.2,0.498,1,-0.029249872360921383,0.49681317310478995,2,medium,established
3128,19.0,24.1,0.918,0,-0.020884071152384043,0.758460006499901,3,high,established
3129,8.6,32.6,0.601,1,-0.016659200666233758,-0.871820185272761,3,medium,established
3130,8.6,30.6,0.456,1,0.15067191783006637,0.46215030205321345,9,medium,established
3131,8.7,51.3,0.645,0,0.13100837884743743,0.8923272757083004,8,medium,long_tenure
3132,4.7,24.4,0.437,1,-0.06044758346768731,0.48108789494828336,2,low,established
3133,14.7,19.6,0.755,1,0.1695465438120917,-1.1099027710836975,9,high,established
3134,17.7,1.0,0.99,0,-0.009781437164066414,0.7800249002125048,3,high,new
3135,4.6,27.7,0.502,2,-0.08796145300546906,-0.5273128089732025,1,low,established
3136,6.8,7.0,0.436,0,-0.03773446869496688,2.1934235588844366,2,medium,new
3137,8.8,16.9,0.633,0,0.06021401968160878,0.6662749252818614,6,medium,new
3138,14.0,16.5,0.782,4,0.01196806135016368,0.8128896209399401,4,high,new
3139,6.2,13.2,0.526,1,0.16163120224016347,-1.2091655274317592,9,medium,new
3140,9.6,63.0,0.579,1,-0.1304763569732085,1.3129331432580322,1,medium,long_tenure
3141,9.2,62.8,0.684,1,0.061159544307315995,1.4127199553687544,6,medium,long_tenure
3142,14.8,6.2,0.947,0,-0.00642536818480836,-0.4381533824426587,3,high,new
3143,3.4,28.8,0.173,2,-0.07462327558744088,-1.1156323567366666,1,low,established
3144,14.4,6.8,0.743,0,0.09262124066141077,-0.5782344464542223,7,high,new
3145,2.9,49.5,0.605,2,-0.025905081750129264,-1.1068180370014922,3,low,long_tenure
3146,6.7,29.7,0.562,5,-0.04534492681155386,0.43254636250478395,2,medium,established
3147,4.2,7.9,0.65,0,0.14618753467823084,1.6985535703794221,9,low,new
3148,7.0,19.2,0.734,3,0.10228624806036404,-0.5432976787113545,7,medium,established
3149,5.7,35.8,0.406,1,-0.060273842414842585,0.501875019582456,2,low,established
3150,16.2,11.1,0.866,0,0.007144976676780425,0.4029748498055165,4,high,new
3151,16.5,1.0,0.99,0,0.057082270185888656,1.2863874554622488,6,high,new
3152,8.3,41.2,0.821,1,0.02028366624777839,0.8719629938555021,4,medium,established
3153,8.2,57.0,0.608,0,0.012813700609762124,-0.5547452120617463,4,medium,long_tenure
3154,15.3,23.8,0.99,1,-0.16704799453332203,-0.9523301575169665,1,high,established
3155,18.1,27.2,0.99,1,0.06177841121728979,0.606094894951634,6,high,established
3156,6.8,65.3,0.772,0,0.05131159753682367,-0.6752830380029173,5,medium,long_tenure
3157,17.0,44.8,0.911,0,0.2875435863775892,-1.8573553597623311,10,high,established
3158,12.5,1.0,0.826,0,0.05433414263290852,1.2768065180870625,6,high,new
3159,6.4,12.2,0.314,0,0.2021880983255072,1.424733249417548,10,medium,new
3160,6.5,58.9,0.497,0,-0.20777767990779267,0.5980891094844845,1,medium,long_tenure
3161,2.0,49.1,0.64,2,0.05748513804012984,0.4820816920133541,6,low,long_tenure
3162,1.4,43.6,0.431,0,-0.008959590566690082,-1.5692400424306985,3,low,established
3163,12.7,31.5,0.774,1,0.16563028408819916,1.0791164847559682,9,high,established
3164,7.7,21.5,0.7,1,0.0886999952689146,-0.8126353206451591,7,medium,established
3165,13.0,22.9,0.537,5,-0.09360773189442845,0.8412934583337753,1,high,established
3166,7.3,21.1,0.518,1,0.07800831979378184,-0.7333434447767,6,medium,established
3167,10.0,6.6,0.99,0,0.056979285678788884,0.9975070224013626,6,medium,new
3168,17.0,33.9,0.754,0,0.14504240791848771,0.7517532700801185,9,high,established
3169,13.0,13.1,0.926,0,0.11281800781291347,-0.3733960813812949,8,high,new
3170,11.2,29.7,0.525,1,-0.13334471824714353,-1.1605122833117167,1,medium,established
3171,3.4,31.3,0.347,0,0.04710143381720083,-0.8457444963209318,5,low,established
3172,8.3,11.0,0.429,2,-0.07098604601480303,1.652851343330585,1,medium,new
3173,12.2,31.6,0.597,2,0.00039054708034276715,0.5313768973493437,3,high,established
3174,6.2,8.8,0.334,0,0.18744922225634825,-0.7841381045132052,10,medium,new
3175,5.6,27.5,0.655,3,-0.02116470423239545,-0.5113589565796417,3,low,established
3176,13.0,9.0,0.895,0,0.05001355687326658,0.5514574729766119,5,high,new
3177,0.0,14.3,0.396,0,0.16184076657661867,-1.0991218528661513,9,low,new
3178,15.0,64.7,0.544,0,0.05572105611168509,-1.6412651169407722,6,high,long_tenure
3179,13.7,18.7,0.99,2,-0.10205798854635859,-1.0216479995179477,1,high,established
3180,11.2,59.4,0.721,0,-0.10033065388625181,-2.235331242211067,1,medium,long_tenure
3181,3.1,26.4,0.355,0,0.010182255267703789,0.39326038053485485,4,low,established
3182,13.1,5.6,0.75,1,0.033405526125324624,-0.581412027676431,5,high,new
3183,8.1,70.2,0.432,0,-0.010372829519851034,-0.4663727215754041,3,medium,long_tenure
3184,15.1,13.5,0.99,0,0.1074713198432606,-0.4700826446416295,8,high,new
3185,18.2,10.2,0.99,0,0.0664835078141249,-0.4740539958156518,6,high,new
3186,18.2,6.5,0.99,0,-0.17792276714373675,0.5305823385351001,1,high,new
3187,2.9,19.1,0.417,1,0.2640349048706771,0.4892964210932018,10,low,established
3188,0.6,44.4,0.519,0,0.07591170161144464,-0.8240681347714256,6,low,established
3189,12.8,15.2,0.99,1,0.11602127510478044,-0.46538248653202774,8,high,new
3190,9.8,2.3,0.892,0,0.19907968076600072,-0.666241949433268,10,medium,new
3191,15.3,27.0,0.861,0,0.12088219207756502,1.0917462109957543,8,high,established
3192,16.0,10.3,0.793,1,-0.057464643663153625,1.1933219308761938,2,high,new
3193,5.9,34.4,0.637,1,0.1130991538550509,-1.1151686926755378,8,low,established
3194,5.6,23.7,0.652,4,0.13038578233992773,0.4850280937565986,8,low,established
3195,9.0,46.4,0.545,5,0.0674031208220027,-0.6254974726794862,6,medium,established
3196,6.3,54.9,0.608,0,0.04303968742051716,2.1080117584484777,5,medium,long_tenure
3197,8.4,47.8,0.566,3,-0.07659962076890445,-1.2738567107196397,1,medium,established
3198,15.0,3.4,0.987,0,-0.06048675571374531,-0.4242053933750187,2,high,new
3199,16.7,12.5,0.749,0,0.13587506766578789,1.2558978691303802,9,high,new
3200,3.0,38.8,0.308,1,0.1471979060258772,0.5461649548821688,9,low,established
3201,3.2,24.0,0.311,1,0.05760171902504606,-0.7970408427023083,6,low,established
3202,0.0,49.3,0.414,1,0.04792752432590596,0.39553578014691415,5,low,long_tenure
3203,4.4,18.8,0.465,0,0.10328477866967614,2.2559776415144066,8,low,established
3204,9.2,34.1,0.472,2,-0.096154111475416,-1.0708413925638935,1,medium,established
3205,4.0,44.9,0.53,0,0.1787671062225003,0.5934937670678323,10,low,established
3206,13.2,43.8,0.801,0,-0.010347341274432814,-0.5581495120203426,3,high,established
3207,16.4,1.0,0.946,0,0.11070895844236145,0.5199366268154586,8,high,new
3208,15.6,6.5,0.99,2,0.060953251332659227,-0.712985835366328,6,high,new
3209,17.3,25.8,0.799,0,0.08726246304300679,-0.30191943475129945,7,high,established
3210,21.7,1.0,0.802,0,0.13965431730992214,0.578564225650758,9,high,new
3211,8.7,69.2,0.697,0,-0.05796962991260416,0.9986975689994145,2,medium,long_tenure
3212,3.0,37.3,0.586,1,0.15843982278610214,-0.9859250163637576,9,low,established
3213,5.7,46.2,0.332,3,0.1508413307437593,0.3122599516884617,9,low,established
3214,6.6,43.5,0.747,3,0.11218731397871821,1.4006129668352578,8,medium,established
3215,10.8,20.4,0.933,1,0.0871863891506816,1.124358243383217,7,medium,established
3216,9.1,38.3,0.507,1,0.15133207579922947,-1.1719051031495857,9,medium,established
3217,12.0,68.5,0.566,0,0.005092628350884221,-0.4384503267462368,3,medium,long_tenure
3218,13.6,10.5,0.99,0,-0.013783934253529999,0.6316392822894795,3,high,new
3219,13.6,2.3,0.883,0,0.04826514114160424,0.6068105611354961,5,high,new
3220,8.4,55.2,0.752,0,0.06487062321845098,1.224572683449734,6,medium,long_tenure
3221,13.6,15.5,0.836,1,0.05028273811612323,1.1996663411023967,5,high,new
3222,4.1,24.1,0.449,1,0.029545130431610462,-1.0451035906172481,4,low,established
3223,2.6,1.0,0.491,2,0.16248976878158294,0.47818039027156634,9,low,new
3224,7.9,28.4,0.809,3,0.07327548646285403,-1.5054122124385212,6,medium,established
3225,12.2,16.3,0.852,2,0.06793563431909402,0.7734597992181519,6,high,new
3226,6.7,28.6,0.452,0,0.0980870044105147,0.6839335275517852,7,medium,established
3227,12.3,50.5,0.655,1,0.00642420933522338,-1.3144965580457653,4,high,long_tenure
3228,15.7,18.2,0.744,0,-0.06105246757787779,-0.5921369641483422,2,high,established
3229,8.9,20.1,0.351,3,-0.03423573752584392,-1.339974575765868,2,medium,established
3230,9.7,40.2,0.53,0,-0.015295348014284678,1.3232698755678012,3,medium,established
3231,8.0,70.2,0.746,2,-0.021716606784524504,1.3598489076653169,3,medium,long_tenure
3232,20.7,5.6,0.99,1,0.0472239980117877,0.3802191380767485,5,high,new
3233,4.4,72.4,0.538,0,0.102700847123165,0.763087660838525,7,low,long_tenure
3234,18.3,32.8,0.766,1,0.03188833259554683,1.1616222130741383,5,high,established
3235,15.7,1.0,0.99,1,-0.033521007092865235,-0.5688767396303847,2,high,new
3236,13.0,22.6,0.838,0,0.020721418647132242,-1.878235265947747,4,high,established
3237,10.6,37.5,0.389,0,0.06262159775031369,-0.7895410288144799,6,medium,established
3238,22.4,28.2,0.99,1,0.0446319681412972,0.4064357991260991,5,high,established
3239,7.4,36.8,0.782,0,0.037138773574925316,-0.499475529869872,5,medium,established
3240,9.2,51.8,0.743,0,0.06992234588998,-0.36437801121103763,6,medium,long_tenure
3241,3.2,6.6,0.242,0,0.19978325424495885,0.48322048354870173,10,low,new
3242,8.2,37.3,0.452,4,-0.054238193502871845,0.49415605539386537,2,medium,established
3243,1.4,27.0,0.553,4,-0.08496212155239392,0.2620445100733167,1,low,established
3244,12.5,1.0,0.935,0,0.12677376624913933,1.1274593639022896,8,high,new
3245,21.0,12.4,0.814,0,0.13845160251675848,-0.43142344739166993,9,high,new
3246,8.9,40.6,0.552,1,0.022613731141180118,-1.5083313686415403,4,medium,established
3247,8.1,63.8,0.762,0,0.02644242278712337,0.8349168087117188,4,medium,long_tenure
3248,2.3,23.8,0.598,3,-0.03697936407233801,-0.3292145528327277,2,low,established
3249,5.0,17.6,0.429,2,-0.015645981505282805,0.5629733853212537,3,low,new
3250,3.9,49.3,0.564,0,0.13297104676869004,2.2930588899875706,9,low,long_tenure
3251,2.4,21.8,0.4,1,0.09672748259354792,-1.1676348504402978,7,low,established
3252,5.8,31.6,0.738,3,0.058287860054871694,-0.6259345478053887,6,low,established
3253,19.5,23.4,0.99,1,-0.012530577335073002,-1.448009476780105,3,high,established
3254,3.5,70.4,0.661,1,0.10169392705711863,1.9046273983751996,7,low,long_tenure
3255,12.8,17.0,0.842,1,0.18699667740421846,-0.38319864191692193,10,high,new
3256,0.0,35.1,0.549,0,0.03371489715630952,-0.7668988114672712,5,low,established
3257,13.6,11.5,0.99,1,0.03656475656694633,-0.890594167933382,5,high,new
3258,6.8,44.7,0.48,0,0.04802790683235259,-0.5924223022483817,5,medium,established
3259,11.6,36.7,0.564,1,-0.10733606122783095,-0.9244991297512231,1,medium,established
3260,15.4,17.5,0.99,2,-0.16190023743076618,-1.0047179054611275,1,high,new
3261,14.9,22.0,0.908,0,-0.08176446193512593,0.8493173437171988,1,high,established
3262,9.8,15.8,0.536,3,0.05254872058949411,-0.40441689293200767,5,medium,new
3263,14.8,37.5,0.92,0,0.11310646740143111,-0.6368958386263777,8,high,established
3264,14.5,70.5,0.681,0,-0.13938264432024436,-0.4058733458997337,1,high,long_tenure
3265,6.4,58.5,0.516,1,-0.007532340827355745,0.6556089391813381,3,medium,long_tenure
3266,17.1,4.8,0.91,0,0.2695248026928417,0.5641570612006299,10,high,new
3267,18.2,28.9,0.94,0,0.2137759881318894,1.480628093728067,10,high,established
3268,2.8,8.8,0.376,0,0.06941434453751752,-1.0374773857083341,6,low,new
3269,4.9,49.1,0.344,2,-0.04659131903703369,0.32910625181816966,2,low,long_tenure
3270,14.6,8.6,0.841,1,0.04058194173645779,-1.3371615743794756,5,high,new
3271,5.2,42.6,0.323,1,0.19451589360128876,0.6634451000605797,10,low,established
3272,9.3,28.8,0.684,2,0.055188307586546644,1.6107861631395255,6,medium,established
3273,8.6,50.0,0.482,2,0.010948584175579019,-0.7789810462234883,4,medium,long_tenure
3274,5.9,22.2,0.611,1,0.062452116764938545,-1.1551587773316268,6,low,established
3275,14.0,31.2,0.549,3,-0.03220575301808046,0.7540697184906298,2,high,established
3276,6.1,31.7,0.352,0,0.11820107723965627,-1.4108224579008675,8,medium,established
3277,3.7,69.9,0.791,1,-0.018297044846846338,-0.7520876137366967,3,low,long_tenure
3278,7.9,44.2,0.576,4,0.058055691542384706,0.48840896808015954,6,medium,established
3279,3.8,56.2,0.566,0,0.054917454566381044,-0.7509810216813435,6,low,long_tenure
3280,18.1,17.0,0.816,0,-0.004030305314001455,-0.528698808177386,3,high,new
3281,8.9,46.0,0.627,1,0.0223556722063114,-0.9906707894742264,4,medium,established
3282,16.0,7.5,0.99,0,-0.13663493110391087,0.5606890217984424,1,high,new
3283,13.7,22.9,0.99,1,-0.12637043231378575,0.8882551738798901,1,high,established
3284,15.1,13.4,0.882,0,0.00033520442113745295,0.48338594969515475,3,high,new
3285,18.1,18.5,0.875,0,0.054172175784437115,-0.29507495272653267,5,high,established
3286,11.9,32.0,0.604,0,-0.04541811380115865,1.2261509149807626,2,medium,established
3287,11.3,21.5,0.608,2,-0.0718121223986671,-0.6448700360982781,1,medium,established
3288,3.8,58.9,0.555,0,0.1740165019973661,-0.5471099661583694,10,low,long_tenure
3289,15.5,17.7,0.99,1,-0.02757281063978659,-0.8995108421741704,2,high,new
3290,8.7,60.8,0.642,0,0.03286296980671268,-2.556234692182364,5,medium,long_tenure
3291,6.0,80.9,0.699,0,0.018634658810855603,-0.4603683345515508,4,low,long_tenure
3292,0.0,34.1,0.477,2,-0.03917243530767363,-0.7137780526709631,2,low,established
3293,5.5,34.5,0.634,3,0.2467352051094885,-0.451659912210694,10,low,established
3294,12.0,52.8,0.53,2,-0.002201670309166427,-1.1821137171022693,3,medium,long_tenure
3295,4.8,52.1,0.639,0,0.28531774718680875,1.798683872804527,10,low,long_tenure
3296,4.6,45.7,0.681,1,0.050241533356131886,0.5643388730878218,5,low,established
3297,4.1,9.9,0.605,1,0.1642060217593484,0.6034219209221823,9,low,new
3298,7.6,63.4,0.657,3,0.005103489035081925,0.7420281019681285,3,medium,long_tenure
3299,7.1,66.3,0.6,0,-0.10606287705707919,0.7586690492837959,1,medium,long_tenure
3300,18.1,12.3,0.656,1,0.2652917104044477,-1.3477378505066622,10,high,new
3301,4.6,10.0,0.375,0,0.05236483909201457,0.442722427851175,5,low,new
3302,6.3,52.6,0.631,0,0.1995775260338762,-2.2746028978919903,10,medium,long_tenure
3303,16.1,9.4,0.865,1,0.23961763746330828,-0.4047190670512839,10,high,new
3304,1.1,13.5,0.403,2,0.205049443438676,-1.1261822120901344,10,low,new
3305,10.3,46.9,0.658,3,0.11054651095709993,-1.2583700421818413,8,medium,established
3306,14.2,15.9,0.79,0,0.05759485224496973,1.248654751595479,6,high,new
3307,14.3,9.7,0.93,0,-0.008189360512132877,0.5332728737238003,3,high,new
3308,17.4,17.3,0.888,0,-0.0010717431115841892,0.8812533981765465,3,high,new
3309,7.9,39.0,0.493,2,0.1259752416610277,1.7696490366225608,8,medium,established
3310,15.1,11.9,0.99,0,0.12935001032005944,1.2492137461513406,8,high,new
3311,7.7,32.8,0.512,0,0.0420741782289245,-1.1611979119185811,5,medium,established
3312,1.9,6.7,0.343,0,0.04620527111328852,-1.5289524143919226,5,low,new
3313,10.3,45.1,0.647,3,0.01062754814828799,1.4809385875005174,4,medium,established
3314,11.6,30.9,0.437,2,0.10325190554773188,-1.2805936162780434,8,medium,established
3315,19.2,15.4,0.827,1,0.05824112980451503,1.3060916258487212,6,high,new
3316,21.9,7.7,0.99,1,0.004920328460725922,0.44876866789268216,3,high,new
3317,2.8,7.3,0.469,1,0.17827513674854328,2.373686763166412,10,low,new
3318,13.7,1.0,0.93,0,0.15780834875365163,0.8370916239701933,9,high,new
3319,18.2,6.8,0.99,0,0.026715628287158757,-0.49064568682656073,4,high,new
3320,10.5,69.1,0.707,1,0.16240270038230814,0.8778335548409838,9,medium,long_tenure
3321,13.9,4.5,0.871,0,0.05999413043736961,-0.3755597120195896,6,high,new
3322,9.3,43.4,0.743,1,0.21622806968098937,0.9342501669187141,10,medium,established
3323,16.4,20.1,0.404,1,-0.06717482414924855,-0.9489792098118635,2,high,established
3324,4.8,17.4,0.357,3,0.24663227997070636,0.4428254058594137,10,low,new
3325,11.5,26.9,0.579,5,-0.06675031478847883,0.437216220977398,2,medium,established
3326,8.8,20.5,0.49,0,-0.14976969571907442,0.5020160605460499,1,medium,established
3327,14.8,74.4,0.604,1,-0.00449852021015955,0.851202230735836,3,high,long_tenure
3328,5.2,37.0,0.234,0,0.045458924911969595,-0.8537138585120786,5,low,established
3329,11.4,86.1,0.428,1,-0.18881752784708192,-0.5172450313134128,1,medium,long_tenure
3330,13.9,1.0,0.893,1,0.17159539692504416,0.8492918396076911,9,high,new
3331,4.6,11.7,0.377,0,0.020132349861375697,-1.1325633704957248,4,low,new
3332,14.8,24.4,0.8,1,0.07641794082311833,0.7135988477335434,6,high,established
3333,10.9,10.6,0.782,0,0.10932597302204426,-0.5036844110855735,8,medium,new
3334,11.7,26.3,0.915,2,0.044144920124403436,0.9582057519800786,5,medium,established
3335,9.2,64.5,0.783,1,-0.030782108541226514,-2.04338507050392,2,medium,long_tenure
3336,9.2,81.0,0.655,1,0.09834859204924243,-0.6444180976201742,7,medium,long_tenure
3337,6.2,43.5,0.735,1,0.046574324586570126,0.6244955783389934,5,medium,established
3338,8.7,34.7,0.389,2,0.0648670933098027,-1.301660055787595,6,medium,established
3339,13.0,11.1,0.949,0,-0.05984737043272992,1.117829094777761,2,high,new
3340,9.7,29.8,0.739,1,0.09010284995956153,-1.3797850750964464,7,medium,established
3341,6.9,58.3,0.623,0,0.010606840650603596,0.8921791816829636,4,medium,long_tenure
3342,4.8,3.9,0.433,1,0.13804064401511437,-1.1228233079392997,9,low,new
3343,18.4,33.7,0.859,0,0.10634929495393336,-0.5761956401341017,8,high,established
3344,18.0,24.9,0.965,1,0.028791363198142714,-0.5104555298690784,4,high,established
3345,9.9,57.9,0.739,0,-0.11306615344712515,1.0054055174864982,1,medium,long_tenure
3346,10.6,46.7,0.629,3,0.03888438954365605,0.5708197538659556,5,medium,established
3347,1.1,14.4,0.405,1,0.2472661345765926,0.47263932614548027,10,low,new
3348,12.1,8.9,0.425,3,-0.1049903480533337,0.3392674785661626,1,high,new
3349,1.6,34.1,0.425,0,0.15466827799606273,-1.0970538092619606,9,low,established
3350,7.7,46.7,0.619,1,0.10235621984968908,0.6904430166752971,7,medium,established
3351,15.1,13.7,0.926,0,0.08056986631390509,0.5495181737565735,7,high,new
3352,16.9,18.5,0.913,1,0.024479637367873983,0.726316483365538,4,high,established
3353,14.7,20.6,0.99,0,-0.12524819124244665,1.4848226693120916,1,high,established
3354,7.6,72.2,0.563,1,-0.019502518265439018,-0.8215023166069244,3,medium,long_tenure
3355,12.4,69.0,0.467,0,-0.01651913301172426,0.8326983825532329,3,high,long_tenure
3356,4.5,68.6,0.514,0,0.0022471000212577665,-0.7589287773955067,3,low,long_tenure
3357,9.0,21.5,0.52,2,-0.06161651269766464,-0.6214703246473496,2,medium,established
3358,5.0,65.5,0.759,0,-0.015034960119254419,0.6595576032317693,3,low,long_tenure
3359,10.8,12.9,0.447,3,0.18128644930835625,0.5251591288260141,10,medium,new
3360,7.0,49.7,0.462,2,0.03286572160827592,1.8870800881926058,5,medium,long_tenure
3361,8.1,45.2,0.686,0,-0.028750170254954018,-0.5905923163247688,2,medium,established
3362,4.4,57.8,0.733,0,0.1802341090637206,0.6966056898008433,10,low,long_tenure
3363,12.5,15.2,0.42,2,0.025925769566635365,-0.4563806210631478,4,high,new
3364,9.2,22.2,0.395,1,-0.050513910324936344,0.39981226595851455,2,medium,established
3365,8.4,62.2,0.553,0,0.03989546591150384,1.2720713790545712,5,medium,long_tenure
3366,10.2,55.7,0.712,0,-0.0339459237745193,0.9129360770793314,2,medium,long_tenure
3367,5.6,44.7,0.606,2,0.1369431096490272,-0.960415780602186,9,low,established
3368,7.3,33.7,0.508,1,0.022986253134014097,0.43050936283601093,4,medium,established
3369,16.5,10.4,0.981,0,-0.04626082843731461,1.0601632876184146,2,high,new
3370,3.2,60.4,0.654,2,0.17803268314561335,1.6263170084962115,10,low,long_tenure
3371,0.0,36.6,0.418,1,-0.03208055278693347,0.3770512342462432,2,low,established
3372,13.8,26.9,0.722,0,0.13540795664854322,-0.9965893984538119,9,high,established
3373,1.4,8.3,0.345,0,0.05468122111591602,0.38746936195528103,6,low,new
3374,15.1,7.8,0.99,0,-0.03538373472210625,0.4591064663519259,2,high,new
3375,9.4,67.7,0.603,1,0.0713534596530523,-0.5656251490183766,6,medium,long_tenure
3376,10.0,66.2,0.535,0,-0.025310337916633462,-0.5703052298288002,3,medium,long_tenure
3377,20.9,3.4,0.858,0,0.07907706029711288,-0.7964381563820822,7,high,new
3378,4.4,31.0,0.443,3,0.11634475120365773,0.39088867403052685,8,low,established
3379,8.4,51.3,0.737,2,0.005902644078348683,-0.6736941991841747,4,medium,long_tenure
3380,4.4,37.6,0.498,1,-0.022444528451237452,0.38479674515859175,3,low,established
3381,16.9,22.4,0.826,2,-0.08155744779015282,0.907610859589112,1,high,established
3382,5.6,8.4,0.57,0,0.16082944028437193,-0.5743467254106936,9,low,new
3383,7.0,15.7,0.52,0,0.17575701550261272,-1.1038360165196284,10,medium,new
3384,11.5,24.4,0.541,4,-0.04748007801270549,-0.37499885784984144,2,medium,established
3385,17.4,17.9,0.886,0,-0.02907035869791846,0.5059925724045331,2,high,new
3386,13.1,28.6,0.656,1,0.10367749025392597,-0.9945247522012148,8,high,established
3387,9.1,17.3,0.708,2,0.16949957173225685,-1.2334714632104373,9,medium,new
3388,2.8,5.3,0.263,1,0.1853293216589503,0.412493486090609,10,low,new
3389,6.8,68.6,0.648,0,0.02023800901236102,0.7195782633794836,4,medium,long_tenure
3390,15.7,19.4,0.897,1,0.13464315590912834,0.43370146664381326,9,high,established
3391,13.1,17.3,0.837,0,0.1571460659578655,-1.4045309604035816,9,high,new
3392,7.3,34.2,0.527,0,-0.06369529440164885,0.5081532013533563,2,medium,established
3393,1.4,14.6,0.546,0,-0.13530611874705675,2.207342274897444,1,low,new
3394,16.9,18.2,0.959,2,-0.08594374159198413,1.067508790837798,1,high,established
3395,5.5,52.5,0.662,0,0.04061459698795612,0.6080973007521562,5,low,long_tenure
3396,0.0,36.1,0.367,3,-0.0203230156928843,0.31382783866963415,3,low,established
3397,14.2,12.5,0.915,0,0.016089101918742507,-0.8573893612916454,4,high,new
3398,20.9,9.7,0.934,1,0.22940920795826425,0.3132038570214744,10,high,new
3399,10.7,1.0,0.689,2,0.07057259195988763,0.7061929589543693,6,medium,new
3400,10.2,43.8,0.739,3,0.15078812046453302,0.5394808160642204,9,medium,established
3401,14.2,25.4,0.91,0,-0.05449133634335036,1.0543165823008862,2,high,established
3402,5.3,15.5,0.31,2,0.13017954077382238,0.4181871383819091,8,low,new
3403,9.0,13.8,0.512,0,-0.07326068539216314,-1.1095004815439335,1,medium,new
3404,2.3,8.1,0.446,1,0.37667320823004613,0.7155036480517036,10,low,new
3405,3.2,27.3,0.554,0,0.1240655226093239,2.654764729129486,8,low,established
3406,3.2,20.9,0.271,2,0.14990436157015408,0.38177216407337494,9,low,established
3407,4.0,70.3,0.511,1,0.1429857165981303,0.6024183089133016,9,low,long_tenure
3408,12.4,17.0,0.983,1,0.1231297251721497,-1.1592901756523275,8,high,new
3409,7.5,73.6,0.498,0,-0.05171877997143277,-2.1056017105114333,2,medium,long_tenure
3410,13.7,20.4,0.776,1,0.1258875141562899,1.2076365948433667,8,high,established
3411,8.2,40.9,0.715,1,0.028734878793408514,-0.9338326738537902,4,medium,established
3412,11.7,1.0,0.876,0,0.02530474110571091,1.039252994969084,4,medium,new
3413,10.2,47.2,0.607,0,-0.04694778446123428,1.5642726434684688,2,medium,established
3414,21.6,11.6,0.99,0,-0.04718064247955832,0.30515832352894945,2,high,new
3415,18.8,29.0,0.783,0,0.12525172144105864,-0.4469174001212124,8,high,established
3416,19.1,38.6,0.761,1,0.13551842612486478,0.6294289319970915,9,high,established
3417,10.7,29.0,0.769,4,0.09500540334908392,-0.4852111382548008,7,medium,established
3418,5.2,14.7,0.456,1,0.15191731907954423,0.44675189664749454,9,low,new
3419,16.2,1.0,0.975,2,0.08353009235496843,-0.7834403878634646,7,high,new
3420,2.0,32.4,0.396,1,0.10450762580526952,0.39929023108047884,8,low,established
3421,6.4,15.4,0.418,2,0.12223730115452452,-0.991779074377438,8,medium,new
3422,9.7,97.5,0.563,0,0.1000437885886632,1.365142313388073,7,medium,long_tenure
3423,7.7,22.1,0.625,2,0.056761586359572444,-0.7503098933617536,6,medium,established
3424,9.4,87.3,0.731,0,0.13652894662620946,-0.47256332929841016,9,medium,long_tenure
3425,14.1,25.0,0.922,0,0.16696526257939073,-0.5094099880443858,9,high,established
3426,7.3,18.7,0.707,4,0.17316635490370078,1.640900748574322,10,medium,established
3427,18.1,18.8,0.973,0,-0.03108366870957288,-0.500949416088409,2,high,established
3428,5.7,31.3,0.315,1,0.08958181702789263,0.36093785414475293,7,low,established
3429,3.9,19.3,0.414,0,0.17075188933047708,-0.9010688944107237,9,low,established
3430,3.6,32.1,0.381,0,0.055065450711647985,-1.7501471255927394,6,low,established
3431,9.5,40.8,0.673,4,0.29334498033963236,-0.7817737920438479,10,medium,established
3432,4.0,38.2,0.641,0,0.26427898964853547,-0.8313660845031037,10,low,established
3433,2.5,21.8,0.444,0,0.17027919246163178,0.4553627891820736,9,low,established
3434,12.6,1.9,0.99,2,-0.0033815663743146512,0.6945614187822429,3,high,new
3435,16.0,15.1,0.695,0,0.11556575599057366,0.7416628765368485,8,high,new
3436,11.9,33.1,0.524,3,-0.155473547058757,-0.42683587725261235,1,medium,established
3437,9.3,39.5,0.583,0,0.13499918068178876,1.6098079267979208,9,medium,established
3438,6.6,64.0,0.668,0,0.19977646094955562,0.8887656017853053,10,medium,long_tenure
3439,14.1,14.8,0.961,1,0.06383695453787282,0.642333306493581,6,high,new
3440,7.0,15.4,0.59,2,-0.04834504325444713,0.5288880300311523,2,medium,new
3441,21.4,12.0,0.755,0,0.07380459096732297,0.5402973640317199,6,high,new
3442,16.2,12.3,0.945,0,0.0740619593737868,-0.5500500810710724,6,high,new
3443,16.5,39.2,0.914,0,0.1884332857792753,1.0584685147555795,10,high,established
3444,2.3,64.6,0.478,1,0.05248236514528518,-0.8312971718323421,5,low,long_tenure
3445,1.3,34.4,0.398,0,0.055640678162781614,0.3119180602458082,6,low,established
3446,7.9,60.6,0.681,1,0.012052046404894892,-0.668195436423435,4,medium,long_tenure
3447,7.7,8.5,0.772,1,0.09828242510850922,0.612159331242957,7,medium,new
3448,4.9,30.1,0.31,0,0.05386409977952696,2.599950082754772,5,low,established
3449,8.3,54.1,0.727,0,0.21728528458341526,-0.5377246000985174,10,medium,long_tenure
3450,6.1,18.0,0.312,1,0.06592286349066834,-1.201854007766218,6,medium,new
3451,4.0,18.4,0.45,2,0.11728049109598175,0.4330264048852282,8,low,established
3452,6.0,31.9,0.457,1,0.1450927475460851,-0.8043627909578187,9,low,established
3453,15.7,28.8,0.967,0,-0.024352772620242814,-0.8139111424311536,3,high,established
3454,14.3,27.2,0.914,0,0.09001077276103749,-1.1575861865966386,7,high,established
3455,3.7,41.0,0.395,0,0.10218320147111147,2.3473919594208117,7,low,established
3456,4.8,42.7,0.48,0,-0.039475839136350326,-1.5071268182843864,2,low,established
3457,2.5,1.0,0.434,1,0.2933991158541494,0.4417237018270477,10,low,new
3458,5.0,7.7,0.442,1,0.10705720191075313,-0.7801517754901078,8,low,new
3459,17.5,1.0,0.867,0,0.048657057657630676,0.3815648516248291,5,high,new
3460,4.7,29.6,0.317,1,0.058267384938112524,0.3262259265843269,6,low,established
3461,9.9,53.7,0.826,0,0.10910263705770118,-0.373305986481731,8,medium,long_tenure
3462,0.0,16.1,0.584,2,0.16070574670921667,-0.920315963438359,9,low,new
3463,14.4,13.4,0.99,0,-0.04448572810208455,-0.4345905603443892,2,high,new
3464,18.4,20.6,0.841,1,-0.019267142586048024,0.5884038201389756,3,high,established
3465,2.2,4.2,0.355,2,0.10896845310703651,2.3824930992181077,8,low,new
3466,1.8,6.9,0.384,0,0.09654304642613688,0.3101935960297646,7,low,new
3467,8.7,31.0,0.708,4,0.06619432143932001,-0.6127048729735491,6,medium,established
3468,8.0,76.4,0.64,0,0.022014249289783558,1.4962062824388631,4,medium,long_tenure
3469,6.6,61.7,0.58,0,0.19342162231125434,-0.4652119138699493,10,medium,long_tenure
3470,9.5,12.5,0.47,0,-0.10916009934801392,-0.8813615423318433,1,medium,new
3471,8.8,36.2,0.559,0,0.04517724136025712,0.6047105838489382,5,medium,established
3472,5.6,73.4,0.491,0,0.04652177003857091,-0.7775938781519807,5,low,long_tenure
3473,5.1,22.2,0.604,0,0.0372117267922004,2.003475287491586,5,low,established
3474,9.1,48.2,0.583,0,-0.10356678387868104,-0.47554574031227614,1,medium,long_tenure
3475,6.5,10.4,0.588,4,0.1334902807622369,-0.34282585424646794,9,medium,new
3476,13.8,44.7,0.345,0,-0.09615278348261538,0.9398671035842548,1,high,established
3477,5.7,10.5,0.332,0,0.1169134257294724,-1.03723629289698,8,low,new
3478,6.0,19.1,0.425,0,0.17856183850044027,0.8229334714894978,10,low,established
3479,5.2,7.5,0.263,1,0.10022939811993746,-0.6591047019589811,7,low,new
3480,12.0,33.2,0.427,4,-0.07086146344049317,0.5741551735343569,1,medium,established
3481,1.5,59.0,0.644,1,0.06375238592005726,-0.6810932834544423,6,low,long_tenure
3482,5.8,57.7,0.667,5,-0.005403812669054212,-0.4024547902003275,3,low,long_tenure
3483,7.3,1.5,0.332,0,0.1822968735988285,-0.9884816490227301,10,medium,new
3484,13.1,32.9,0.561,3,-0.06811503680586523,-1.4532441461046754,2,high,established
3485,5.7,33.1,0.564,5,-0.015511179788525812,-0.5448692194932272,3,low,established
3486,0.0,9.6,0.258,2,0.08327583824983098,-1.0429861329866217,7,low,new
3487,9.5,32.1,0.72,0,0.13667964761945478,0.8008540145678471,9,medium,established
3488,5.8,31.2,0.41,1,-0.09010197727940096,2.2867241900134445,1,low,established
3489,16.4,17.2,0.881,0,0.12522931162124507,0.3256873754011391,8,high,new
3490,7.8,78.6,0.681,0,0.05466963220551618,-0.4168305717894393,6,medium,long_tenure
3491,4.0,4.9,0.418,2,0.043683220443790534,0.39281922942242475,5,low,new
3492,15.0,5.9,0.99,0,-0.09095428827157075,-1.780974060691171,1,high,new
3493,3.9,39.7,0.546,2,0.16381967302464345,0.3411458877545493,9,low,established
3494,7.5,41.9,0.605,1,0.06304652754147613,-1.6402480208507753,6,medium,established
3495,10.8,22.5,0.951,0,0.09400288395911582,1.2083098292025727,7,medium,established
3496,6.1,36.8,0.394,2,0.15861230211659422,0.32063621621472915,9,medium,established
3497,11.3,8.0,0.685,5,0.12903266271155409,1.2471621919634543,8,medium,new
3498,2.4,31.5,0.339,1,0.10824681699664684,0.6963164323750237,8,low,established
3499,7.5,74.8,0.636,0,-0.12365849750047014,0.7323063365167763,1,medium,long_tenure
3500,3.2,14.1,0.433,1,0.23399206409576034,0.42986229086624395,10,low,new
3501,6.7,93.6,0.636,0,0.19579922757976112,-0.5956468253864271,10,medium,long_tenure
3502,10.3,33.4,0.708,0,0.010773028177984664,1.3465783209192341,4,medium,established
3503,17.4,1.0,0.99,0,0.07106659001726318,0.5028148255294611,6,high,new
3504,11.9,35.6,0.578,2,0.05420402927876406,0.6934926435833924,6,medium,established
3505,11.8,22.4,0.642,2,-0.033895004977205954,-1.1458271837873784,2,medium,established
3506,8.5,45.0,0.502,1,-0.0017598493569511672,0.47190672431657477,3,medium,established
3507,15.7,68.6,0.754,3,-0.04714661345770593,-1.0203131236243852,2,high,long_tenure
3508,8.7,14.8,0.373,1,-0.012522481029068009,1.9759512140257505,3,medium,new
3509,7.2,49.0,0.936,1,0.01714414956363275,1.240493952707943,4,medium,long_tenure
3510,16.3,27.3,0.716,0,0.1829821705516844,-0.9166533447033426,10,high,established
3511,0.0,12.1,0.666,1,0.14800720834780012,0.5957194858827798,9,low,new
3512,9.1,29.2,0.699,2,0.08963227572517153,-0.6843401827017805,7,medium,established
3513,9.0,28.2,0.307,2,-0.03245513560615259,0.34492987348626647,2,medium,established
3514,12.0,17.6,0.685,1,-0.033760797065692405,-1.0020642543550984,2,medium,new
3515,4.2,18.0,0.328,0,0.08309440119470346,0.49037214493056835,7,low,new
3516,5.4,22.4,0.395,0,0.07048723543641455,0.5115009060649793,6,low,established
3517,10.6,18.2,0.447,1,0.1666347144307299,-1.311491258215812,9,medium,established
3518,21.3,1.0,0.884,1,0.27370283961411684,0.465263185396527,10,high,new
3519,6.3,33.9,0.584,3,-0.09002327584322023,-0.5745480009411177,1,medium,established
3520,11.7,1.0,0.521,0,0.12716569363026395,-0.9804381257475245,8,medium,new
3521,8.1,19.1,0.858,3,0.059839885143818335,-0.7827501995873689,6,medium,established
3522,1.3,1.0,0.374,0,-0.056632316135291516,0.4050605616783487,2,low,new
3523,15.1,1.0,0.597,0,0.13265134262808087,-0.6456992441142274,9,high,new
3524,5.8,67.1,0.711,0,0.19925708354012714,-2.661686714341812,10,low,long_tenure
3525,9.1,59.3,0.579,0,0.00904497107264638,1.4714074389315954,4,medium,long_tenure
3526,3.5,58.9,0.84,0,0.022714363432493907,0.757058407079612,4,low,long_tenure
3527,16.4,1.0,0.896,0,-0.08150816565599586,0.9152575723986137,1,high,new
3528,17.8,8.1,0.817,0,0.0064108256034929876,0.5670243334263357,4,high,new
3529,8.5,26.5,0.319,0,-0.011067959395242966,0.4896455045822719,3,medium,established
3530,9.8,61.4,0.709,1,0.044974280059400566,-0.5750989949089195,5,medium,long_tenure
3531,19.8,25.9,0.87,0,0.1546937898959034,0.5885034482829626,9,high,established
3532,14.4,27.6,0.99,0,-0.0354209043420348,-0.6871850143100406,2,high,established
3533,9.1,59.0,0.617,0,0.10696041443927307,0.676430934503977,8,medium,long_tenure
3534,10.0,1.0,0.99,0,-0.019674973773745948,-0.7714656388349551,3,medium,new
3535,8.7,21.9,0.438,4,0.050471950323224865,0.4885244248922006,5,medium,established
3536,5.5,20.8,0.239,0,0.03003756940505042,0.451002888463806,4,low,established
3537,17.3,6.7,0.99,0,-0.05678828968875512,-1.7297758303700315,2,high,new
3538,4.7,18.3,0.539,0,0.117975877296984,-1.6584818521998663,8,low,established
3539,14.9,16.8,0.871,0,0.22151601202506285,-1.0835711003128305,10,high,new
3540,7.3,91.2,0.529,1,0.01675603409620882,2.0040280920438853,4,medium,long_tenure
3541,3.3,16.1,0.311,4,0.1546967865600201,0.35040123834315196,9,low,new
3542,11.0,31.0,0.66,6,-0.013899223541417847,-0.33519756500555686,3,medium,established
3543,3.9,6.3,0.428,0,0.05679417100096912,-1.1499639121837513,6,low,new
3544,16.3,30.9,0.783,0,0.0368716879153144,0.7432179692710683,5,high,established
3545,6.7,72.5,0.727,1,-0.1746971787526895,-0.5033875611410604,1,medium,long_tenure
3546,10.9,71.7,0.769,0,-0.01668901593463639,-0.5886397659585958,3,medium,long_tenure
3547,11.1,78.3,0.628,0,-0.031566944392735635,-0.5472930316586023,2,medium,long_tenure
3548,3.7,16.9,0.54,2,0.14047966557718886,0.42210382546667014,9,low,new
3549,23.7,12.4,0.79,0,0.06664343846592022,1.6560941374220235,6,high,new
3550,2.4,42.5,0.493,1,0.06649492791152212,-0.8368510955653499,6,low,established
3551,7.2,29.6,0.448,2,-0.04023293643967658,0.3352831283113837,2,medium,established
3552,6.4,4.4,0.503,7,0.009490550690803274,0.5885298479760057,4,medium,new
3553,10.1,67.5,0.866,0,0.006306652713693733,-0.46893778811996145,4,medium,long_tenure
3554,9.9,55.0,0.666,1,0.10746765246397895,0.9500487015474578,8,medium,long_tenure
3555,13.3,26.8,0.835,1,0.16003309850272848,1.1602843694786702,9,high,established
3556,4.1,26.9,0.432,1,0.020393886283179997,-1.2207207560536375,4,low,established
3557,13.0,41.1,0.544,0,-0.07514621357941649,0.8157980378212685,1,high,established
3558,2.3,25.2,0.303,2,0.0026715089826500485,-0.4656810784374418,3,low,established
3559,10.1,33.5,0.541,1,-0.04567505071568977,0.41715884023798944,2,medium,established
3560,8.9,66.4,0.598,0,0.16755690967077735,1.2025663942914808,9,medium,long_tenure
3561,8.9,37.9,0.502,6,-0.0030392896855906434,-1.4733946064748735,3,medium,established
3562,3.3,80.0,0.778,0,0.04510058982397869,0.6847432070186288,5,low,long_tenure
3563,6.7,27.0,0.346,0,0.01657735352792341,0.457788087522822,4,medium,established
3564,16.0,16.3,0.797,0,0.09239961923418609,-0.39213313566513497,7,high,new
3565,7.5,35.8,0.3,1,0.10869297870700498,0.40448758940583784,8,medium,established
3566,5.1,48.9,0.289,0,0.08981500304109445,0.4875337522504449,7,low,long_tenure
3567,4.7,33.0,0.543,2,-0.14106081871363735,-1.159177121671986,1,low,established
3568,9.0,64.5,0.668,1,-0.05525796640111447,-1.8252542261091524,2,medium,long_tenure
3569,1.8,27.2,0.506,0,0.0410746064068553,-0.9091018533550117,5,low,established
3570,12.2,65.1,0.752,0,-0.04525640987056601,-0.42646794420921474,2,high,long_tenure
3571,3.5,22.2,0.393,0,0.12013467030714314,-0.7574967192529123,8,low,established
3572,15.0,42.0,0.99,0,-0.021800651223310586,1.1959563661544468,3,high,established
3573,11.5,53.0,0.571,0,-0.02113644523763319,-0.5979300456120403,3,medium,long_tenure
3574,8.7,75.9,0.519,0,-0.016336806138460874,1.7252883899559377,3,medium,long_tenure
3575,7.4,60.5,0.681,0,-0.03768592968090753,1.4368690394527217,2,medium,long_tenure
3576,9.1,44.2,0.656,0,-0.02985369111973259,1.2334435774962293,2,medium,established
3577,6.2,19.7,0.446,0,0.04182713669762496,-0.972554274767173,5,medium,established
3578,15.7,9.4,0.99,1,-0.1126017436734395,-1.0177220981984128,1,high,new
3579,7.0,28.9,0.442,1,0.13908559037055368,0.48214962037555137,9,medium,established
3580,12.6,17.1,0.934,0,0.07956794169758238,-0.8425698430666596,7,high,new
3581,5.2,9.7,0.58,0,0.1570863296410281,0.5937513224238773,9,low,new
3582,6.7,39.7,0.459,3,0.05542222042577204,0.40423636476944,6,medium,established
3583,9.7,75.1,0.694,0,0.04664316465289296,0.9313764362512567,5,medium,long_tenure
3584,0.0,41.0,0.274,0,-0.08338457223416966,0.347977309948439,1,low,established
3585,4.2,24.8,0.839,0,0.07083969571291368,-0.7348968968455454,6,low,established
3586,1.2,21.6,0.255,1,0.03979277666755075,0.35903575380484415,5,low,established
3587,11.5,70.4,0.581,0,-0.051905494102268496,-0.39800896761584664,2,medium,long_tenure
3588,6.9,55.1,0.577,0,-0.1169474107917392,-0.4653115170562651,1,medium,long_tenure
3589,7.7,23.6,0.662,1,0.028627906060706164,1.5460647629564095,4,medium,established
3590,12.7,13.9,0.834,0,0.19311034870604385,0.5596580291899016,10,high,new
3591,5.6,4.5,0.479,0,0.07967904074291421,2.1813485730729774,7,low,new
3592,8.0,63.5,0.578,0,0.020718587754051297,-0.633744864389922,4,medium,long_tenure
3593,12.0,16.7,0.316,0,0.15934493450263665,0.8512204833641622,9,medium,new
3594,19.2,13.1,0.963,2,-0.029496764409284216,0.5452801810502843,2,high,new
3595,19.0,20.4,0.821,0,0.06639529459322319,-1.3922042027810544,6,high,established
3596,10.0,37.3,0.453,1,0.15066718751663202,-1.284944591757224,9,medium,established
3597,5.3,11.8,0.499,0,0.10659399837665533,0.5490919381392027,8,low,new
3598,4.2,18.0,0.64,1,0.212734846701153,0.6650322002091148,10,low,new
3599,3.9,12.8,0.291,0,0.12129275388443268,-0.8942420333211021,8,low,new
3600,8.9,52.0,0.623,0,-0.031252568116173794,-0.5747861805477213,2,medium,long_tenure
3601,8.5,8.9,0.888,2,0.2637322442739898,-0.9005125303668282,10,medium,new
3602,16.0,13.6,0.9,0,0.008203294781649672,0.8189435531670982,4,high,new
3603,8.6,69.0,0.923,0,0.01275717179769909,-1.5220573990141064,4,medium,long_tenure
3604,15.6,19.8,0.881,1,0.006008586194395404,-0.38544548415829927,4,high,established
3605,0.4,9.3,0.153,2,0.04224486610838218,2.980802621766115,5,low,new
3606,15.6,31.5,0.878,0,0.0915165568253525,0.6205407380424608,7,high,established
3607,11.9,27.3,0.887,0,0.03686532959499112,1.106161909613803,5,medium,established
3608,20.8,5.2,0.873,1,0.012812569335767817,0.3127632367549872,4,high,new
3609,15.3,30.7,0.821,2,0.12115600213823337,-0.766280926545456,8,high,established
3610,10.4,19.9,0.755,0,0.14283666921067217,-1.3211258484077837,9,medium,established
3611,8.4,29.1,0.828,1,0.15494197001757692,-0.6158099233601955,9,medium,established
3612,10.4,66.3,0.675,0,-0.017888594521619727,1.1998733216430304,3,medium,long_tenure
3613,9.5,30.7,0.569,4,-0.11793016450574359,0.5255800211926567,1,medium,established
3614,2.0,28.5,0.664,2,0.08690147895174503,0.4991323245782463,7,low,established
3615,7.2,33.2,0.494,4,-0.02005536933377048,-0.6243412042335994,3,medium,established
3616,8.2,27.0,0.656,5,0.009019883828170962,-0.3035360935227257,4,medium,established
3617,6.8,37.7,0.503,1,-0.04142651703748493,0.48978265173561986,2,medium,established
3618,12.6,22.3,0.983,0,0.03636927115943474,-0.924472333744473,5,high,established
3619,7.8,57.5,0.515,0,0.03215411797421609,0.7962706504679294,5,medium,long_tenure
3620,0.9,31.3,0.482,1,0.007043176677364873,0.4121119848765403,4,low,established
3621,11.6,36.8,0.805,3,0.02760922251483117,0.823659051136769,4,medium,established
3622,18.9,11.8,0.91,0,7.765102643260436e-05,0.5002854941856821,3,high,new
3623,5.3,74.3,0.399,1,0.13556150978069026,-0.7036428753418982,9,low,long_tenure
3624,2.6,24.5,0.434,0,0.0682727042236999,0.3056490999177901,6,low,established
3625,7.9,33.0,0.643,4,0.08783433123196162,0.5087473500816371,7,medium,established
3626,8.9,29.3,0.689,3,0.09809738418669929,0.31107564408446975,7,medium,established
3627,5.2,42.2,0.592,0,-0.055404342687523304,0.670224413245741,2,low,established
3628,10.3,22.4,0.758,4,0.07215377981437926,-0.8494369321827784,6,medium,established
3629,10.2,27.1,0.576,4,-0.04825564426372016,0.45977832300403837,2,medium,established
3630,20.2,1.2,0.827,0,0.09721444786329421,0.49674677427244707,7,high,new
3631,16.2,24.7,0.777,1,-0.04709305577598577,1.0569150922102906,2,high,established
3632,1.0,15.0,0.371,1,0.20702661592930582,-0.9624618201721379,10,low,new
3633,4.7,25.4,0.642,4,-0.018088342210063876,0.4719629030209108,3,low,established
3634,12.4,55.8,0.492,1,-0.17143739275948092,-0.7406488858033446,1,high,long_tenure
3635,10.4,31.8,0.488,2,0.18971011252195222,0.8238361351348937,10,medium,established
3636,16.6,1.0,0.962,0,0.025652493792780725,-1.0719041330205559,4,high,new
3637,5.7,1.0,0.359,0,0.0114163061646207,0.6886366586159289,4,low,new
3638,16.4,21.5,0.941,0,0.026013572712852047,-1.8548865535753076,4,high,established
3639,5.7,1.0,0.34,1,0.07664512081561325,-0.8997982883408234,6,low,new
3640,8.0,41.2,0.622,2,0.11459391171805426,-1.2072588442078358,8,medium,established
3641,18.8,34.7,0.815,0,0.10454845107582939,0.5525963549849848,8,high,established
3642,14.6,14.0,0.691,1,0.11729939155791738,0.9906218056593554,8,high,new
3643,2.1,37.6,0.535,0,0.004451641243303556,2.479693233635672,3,low,established
3644,11.4,15.7,0.823,1,0.13933934555435318,-1.6597335546824676,9,medium,new
3645,15.4,35.2,0.873,1,0.017791205627959855,-0.4670312491545501,4,high,established
3646,7.9,16.5,0.354,0,0.060966201254325475,1.8772164855227071,6,medium,new
3647,6.8,33.6,0.7,0,0.0640634641555835,1.5746671899055755,6,medium,established
3648,4.3,61.0,0.677,0,0.027538219452798725,1.9766202011527012,4,low,long_tenure
3649,16.8,36.5,0.96,0,0.04629219803893307,-0.4364040053699629,5,high,established
3650,2.7,28.4,0.37,0,0.058759221628746895,0.31801414149295715,6,low,established
3651,20.2,9.8,0.895,0,0.03064048326135748,-1.8700707286011555,4,high,new
3652,18.9,19.9,0.946,2,0.07921879396542592,1.6943807995384703,7,high,established
3653,4.6,73.7,0.81,0,-0.016471149139916787,-0.4080143730755063,3,low,long_tenure
3654,15.5,15.0,0.934,1,0.12921120218021256,-0.44798066117595725,8,high,new
3655,6.0,93.5,0.53,0,0.2102185921156693,0.8155879302286907,10,low,long_tenure
3656,12.9,9.8,0.929,1,0.0671665543940004,1.4012201169108514,6,high,new
3657,15.8,28.0,0.882,0,0.10278442113206444,0.47141232134779987,7,high,established
3658,10.2,71.1,0.42,1,0.0717747550533561,-0.8052942282647939,6,medium,long_tenure
3659,4.3,13.6,0.227,2,0.13390284869963642,2.142664858724272,9,low,new
3660,14.6,10.9,0.893,1,0.2123038011964784,-1.5165145969660072,10,high,new
3661,10.0,28.2,0.902,1,0.23935288912022987,-1.5742065693454763,10,medium,established
3662,2.7,23.7,0.398,0,-0.03710187308093819,0.4199664759791194,2,low,established
3663,6.0,26.1,0.527,3,-0.044664791374189376,-0.4715587282754893,2,low,established
3664,5.4,11.4,0.487,3,0.15317839602375657,-0.5724746388751085,9,low,new
3665,19.5,23.9,0.748,0,0.1240590112170074,0.5123229036505926,8,high,established
3666,6.4,65.4,0.549,0,0.11184096135287466,-0.7396204652851657,8,medium,long_tenure
3667,16.5,15.2,0.833,1,0.011572383814879902,1.4842697984105757,4,high,new
3668,14.9,20.3,0.894,0,0.04796925430411026,-0.4028526812621007,5,high,established
3669,4.8,57.1,0.552,0,0.25765085898860124,0.8031086276239148,10,low,long_tenure
3670,10.2,23.9,0.354,0,0.05066161572931849,1.3740573106889862,5,medium,established
3671,6.4,59.1,0.357,0,-0.0856525132355367,0.8016386597508808,1,medium,long_tenure
3672,6.8,25.4,0.604,0,0.03592299982834024,0.6553483049810898,5,medium,established
3673,9.6,42.2,0.776,2,0.22523331163450303,1.3328802600287712,10,medium,established
3674,11.5,72.9,0.419,0,0.015836791457863576,-0.4301887763737403,4,medium,long_tenure
3675,4.5,10.4,0.499,2,0.08651651653383478,-1.3260007887351022,7,low,new
3676,7.5,46.4,0.6,0,-0.02868036351265376,0.5688542432543325,2,medium,established
3677,9.7,56.8,0.63,0,-0.1951152574980358,1.2253279946381606,1,medium,long_tenure
3678,12.0,31.4,0.62,4,0.07232375853495235,0.5444974617595592,6,medium,established
3679,14.5,26.8,0.93,0,0.1623440651876627,-0.46044237861895554,9,high,established
3680,12.3,1.0,0.646,1,0.1585062593758474,0.8239794741861948,9,high,new
3681,6.6,19.2,0.528,0,0.13482326480532306,0.5548222633135953,9,medium,established
3682,16.4,9.1,0.99,1,-0.1252761429600633,1.4187987934091177,1,high,new
3683,6.7,64.5,0.842,0,0.08507961879396414,0.8297850664976487,7,medium,long_tenure
3684,10.0,66.4,0.592,0,0.04110334483028379,-0.6917262688487846,5,medium,long_tenure
3685,16.8,15.1,0.775,0,0.12616960070163655,1.2312967857318058,8,high,new
3686,17.7,14.5,0.99,0,-0.17739386044062685,-0.8872738463296117,1,high,new
3687,5.2,74.8,0.695,1,0.05088314176595644,-0.6994992557511214,5,low,long_tenure
3688,7.1,25.6,0.526,0,-0.05314594640490425,0.4671808093358705,2,medium,established
3689,9.0,31.5,0.519,4,-0.07679407191027067,-0.23737575708801584,1,medium,established
3690,10.9,63.8,0.67,0,-0.021783447619441634,-0.3714163271528485,3,medium,long_tenure
3691,18.6,38.0,0.784,2,0.17830049187404937,-0.8681579318934137,10,high,established
3692,10.9,33.1,0.589,1,-0.00012451901760978287,-0.9090357378733341,3,medium,established
3693,15.7,9.8,0.862,1,0.15910180227489512,-0.7563728411845377,9,high,new
3694,10.9,8.1,0.848,1,0.08576825934322725,0.6610771130866162,7,medium,new
3695,7.5,4.8,0.49,0,0.17015487985049277,-1.4505879641491883,9,medium,new
3696,9.6,56.4,0.403,0,0.027835990321821415,0.7666017189879469,4,medium,long_tenure
3697,16.5,14.7,0.9,0,0.10347653251380443,0.6965240708379106,8,high,new
3698,17.9,9.3,0.94,0,0.07644406711235051,-0.7456420579540877,6,high,new
3699,14.6,20.2,0.848,1,0.0013701223224899498,-0.5984136261732088,3,high,established
3700,12.1,55.2,0.519,0,0.22504336277723144,-1.7704517048739565,10,high,long_tenure
3701,0.0,11.0,0.503,1,0.06720160138432839,0.4385554550869556,6,low,new
3702,16.1,23.4,0.794,0,0.05775924524329581,-0.4928290572083558,6,high,established
3703,7.9,47.4,0.653,4,0.1124383935955147,0.4769439244375452,8,medium,established
3704,7.3,17.7,0.475,2,-0.07557136420386952,1.9388402141804946,1,medium,new
3705,16.8,18.9,0.841,2,0.1596063271068895,-1.0242752794055168,9,high,established
3706,13.0,1.0,0.99,1,0.0911456709924357,1.3330341928744978,7,high,new
3707,13.8,44.3,0.694,0,0.12476254323290689,-0.546491638132261,8,high,established
3708,5.3,23.9,0.593,3,0.01684789742680534,-1.5012335143766096,4,low,established
3709,5.4,75.6,0.637,0,-0.021015728281880416,-2.5993466890290122,3,low,long_tenure
3710,1.7,12.7,0.44,0,0.10980692153849453,2.2754075214038743,8,low,new
3711,5.0,12.2,0.343,0,0.015433054258465369,-0.8533609486045297,4,low,new
3712,7.2,22.4,0.263,3,0.19420845331603243,0.5149463210251828,10,medium,established
3713,5.9,22.4,0.493,0,-0.10612531603774979,0.30578189336759987,1,low,established
3714,8.5,12.6,0.598,0,0.22057300235547037,-1.2948758605281445,10,medium,new
3715,2.3,45.8,0.496,0,-0.005904262125094816,0.47709074503385224,3,low,established
3716,6.3,18.8,0.458,0,0.1698954303969519,0.414518405727749,9,medium,established
3717,3.7,23.4,0.297,0,0.25687357046838505,0.7418949073281115,10,low,established
3718,5.1,17.2,0.526,0,0.13706670585869404,0.542213815605878,9,low,new
3719,7.5,27.3,0.483,0,-0.04807252308216609,0.3604297261779255,2,medium,established
3720,3.4,76.8,0.724,0,0.0822403405179435,0.6526777364955068,7,low,long_tenure
3721,14.4,51.0,0.704,4,0.03951779379281908,1.137632615813044,5,high,long_tenure
3722,7.6,52.9,0.814,0,0.1372518391851225,-0.3636081143153734,9,medium,long_tenure
3723,0.2,35.2,0.307,2,-0.000352309708371936,0.3376269539442728,3,low,established
3724,6.1,68.6,0.498,0,-0.07969789828382645,-0.619695775664185,1,medium,long_tenure
3725,4.8,33.7,0.446,2,0.04170875794424221,0.447118679054782,5,low,established
3726,2.6,20.9,0.329,0,0.16848716778570497,0.5687131320083549,9,low,established
3727,0.0,19.8,0.309,1,0.1280856813205042,-1.0973736419804905,8,low,established
3728,16.3,27.2,0.99,0,-0.07853487501298305,0.9483883874272321,1,high,established
3729,7.1,42.5,0.479,3,0.03414919424876217,0.49658347731892466,5,medium,established
3730,6.3,40.8,0.429,1,0.08092261644123949,0.5083343622663271,7,medium,established
3731,1.6,24.4,0.251,1,-0.08893695529542216,-0.6149526453409482,1,low,established
3732,10.6,20.7,0.437,2,-0.06318109787032286,-1.4049147958731905,2,medium,established
3733,10.4,1.5,0.72,4,0.12936235260937226,-0.3448137279709087,8,medium,new
3734,9.5,11.7,0.723,2,0.05246608877491199,0.6755614426321075,5,medium,new
3735,17.7,11.3,0.99,0,0.12226130134320862,1.3051261381349284,8,high,new
3736,0.0,8.8,0.421,0,0.07951042744509464,0.4640753260992844,7,low,new
3737,14.7,25.8,0.99,0,0.0350996107800083,0.8956023511318953,5,high,established
3738,9.3,6.3,0.477,1,0.06845906565753516,0.744082686135509,6,medium,new
3739,3.6,16.0,0.382,2,0.21152402435984036,0.6438023249052648,10,low,new
3740,7.8,56.5,0.682,0,-0.03150337572461972,-0.4220303328056678,2,medium,long_tenure
3741,14.7,30.5,0.99,2,-0.03306490603350786,0.9158237334113928,2,high,established
3742,20.0,8.7,0.754,1,-0.0017228808960474704,0.7828956742024056,3,high,new
3743,3.8,27.4,0.313,1,0.014642580854378527,0.29248782781324545,4,low,established
3744,4.6,64.3,0.624,0,-0.15452502949751867,-0.48563267217970946,1,low,long_tenure
3745,23.0,26.8,0.766,0,0.04059715957688244,0.563186471298541,5,high,established
3746,5.3,41.2,0.454,1,-0.01892539114541694,0.36973340126887005,3,low,established
3747,15.7,15.6,0.854,0,0.04777633797290497,1.2891410896037945,5,high,new
3748,2.2,1.6,0.539,2,0.13676111534703703,-1.0772513051877497,9,low,new
3749,6.1,59.2,0.747,0,-0.05685705184344909,-0.6113725763463401,2,medium,long_tenure
3750,13.1,15.8,0.935,1,0.03480709443864414,0.950522793331923,5,high,new
3751,14.5,19.4,0.92,0,-0.010835833660894547,-0.5355050625208876,3,high,established
3752,10.7,53.1,0.87,0,-0.05400612728542914,0.8430382035467969,2,medium,long_tenure
3753,2.9,75.7,0.581,0,0.1816988342164058,0.8201497220624577,10,low,long_tenure
3754,7.9,22.2,0.457,0,0.1526899234786272,0.5946290707030277,9,medium,established
3755,10.9,51.0,0.575,0,0.18306860668363084,-1.7376902017932352,10,medium,long_tenure
3756,9.4,56.5,0.498,0,-0.13647654162741296,1.7772281206011267,1,medium,long_tenure
3757,16.3,39.1,0.99,0,0.011033668285899991,0.7374414698742285,4,high,established
3758,16.7,24.0,0.866,1,0.0482082240023241,-0.5487881098042683,5,high,established
3759,8.3,34.6,0.506,0,-0.07219074000355225,0.6025677674978156,1,medium,established
3760,11.3,3.5,0.873,0,0.09724355300169886,1.2609395244348884,7,medium,new
3761,6.5,13.7,0.567,0,0.03747342621496626,0.5510402446966631,5,medium,new
3762,6.0,53.8,0.53,0,0.09622035764105145,0.6110111604759089,7,low,long_tenure
3763,18.2,18.2,0.99,0,0.02625073584085552,-1.061300333949912,4,high,established
3764,14.3,13.9,0.99,0,-0.03628185899426617,0.9994007058787652,2,high,new
3765,17.9,10.1,0.703,1,0.1451136568301381,0.6943086606423405,9,high,new
3766,0.3,17.6,0.373,0,0.19483659720839366,-0.7537890424315113,10,low,new
3767,3.4,52.5,0.752,0,0.18297229948480717,-0.5239162781541054,10,low,long_tenure
3768,7.7,59.8,0.82,0,-0.15517660173379139,0.8670728697429281,1,medium,long_tenure
3769,12.9,44.4,0.669,0,0.07829681383850548,-0.806213948537738,7,high,established
3770,10.4,12.8,0.546,5,0.13771911150516142,0.4757486086051151,9,medium,new
3771,5.9,26.2,0.323,1,0.02328951260146458,-0.9745565971038395,4,low,established
3772,6.8,38.6,0.492,1,0.06584973802750252,-0.7537163687038435,6,medium,established
3773,7.9,28.8,0.543,3,-0.08091014384307692,-0.4269779739445406,1,medium,established
3774,6.1,15.7,0.388,2,0.0624261354492124,2.1864898705663856,6,medium,new
3775,2.9,33.1,0.405,0,-0.004847517577073912,-1.2861193632857735,3,low,established
3776,7.2,50.2,0.737,0,0.0882370815830012,0.8786133763780266,7,medium,long_tenure
3777,8.5,30.7,0.789,1,0.043393462945745497,-1.1507273216042748,5,medium,established
3778,14.5,3.5,0.99,0,0.09161581158965969,1.4250457801744596,7,high,new
3779,4.3,1.0,0.431,2,0.2201617139124442,-0.6201348129371053,10,low,new
3780,3.8,20.2,0.331,2,0.2742977051748468,0.719634800743493,10,low,established
3781,14.1,1.0,0.973,0,0.057443295745858255,1.1037424041286448,6,high,new
3782,4.1,21.9,0.613,0,0.08079436542917079,0.5327291086881346,7,low,established
3783,4.9,35.4,0.54,2,0.08706891029945266,-0.7807489256392848,7,low,established
3784,13.0,38.3,0.923,0,0.21234821846675545,-0.540375691800985,10,high,established
3785,10.1,32.1,0.536,1,-0.037812755339790075,2.1547683648742697,2,medium,established
3786,3.2,34.2,0.468,0,0.09026869125474654,2.5523747956711866,7,low,established
3787,5.0,26.8,0.557,2,-0.07345573705149039,0.400762149728652,1,low,established
3788,14.2,11.4,0.926,1,0.0720893861359828,0.8429520404412169,6,high,new
3789,10.8,38.9,0.629,0,0.1133628400756015,-1.9316987863015527,8,medium,established
3790,11.6,50.5,0.514,7,-0.05390259499313028,-0.43608199816175425,2,medium,long_tenure
3791,13.2,3.4,0.99,0,-0.06432511412836996,-1.3016338991487986,2,high,new
3792,9.4,78.6,0.542,2,0.20039155012692308,0.7003756843184403,10,medium,long_tenure
3793,19.9,22.4,0.792,0,0.08165686666174281,-0.35123269229732584,7,high,established
3794,13.4,4.3,0.918,0,0.13107673485834614,-0.5308270300257997,8,high,new
3795,6.7,34.7,0.568,0,0.001020002430694713,-0.7964263556421535,3,medium,established
3796,11.0,56.6,0.703,3,0.1782631425797892,-1.2113542250051708,10,medium,long_tenure
3797,5.5,49.4,0.706,4,0.1481405575208054,-0.6105697101464669,9,low,long_tenure
3798,2.4,15.8,0.296,0,0.20790086492846002,2.6895827025287042,10,low,new
3799,5.3,53.5,0.557,2,-0.06045423258618953,-0.8063585638485091,2,low,long_tenure
3800,18.0,17.2,0.804,0,0.10737583194466642,-0.30180352563165075,8,high,new
3801,14.1,14.0,0.986,1,0.08981375656107107,-0.49777415907160705,7,high,new
3802,15.2,30.4,0.947,1,0.10162410326705555,-0.6589100692900599,7,high,established
3803,6.0,70.9,0.599,1,-0.13494738027655429,-0.6959316096467915,1,low,long_tenure
3804,19.1,1.0,0.924,0,-0.04250289341843289,-0.5154476419855917,2,high,new
3805,13.7,21.5,0.776,0,0.00923478586404889,0.8418144179222481,4,high,established
3806,12.2,13.9,0.818,0,0.08902215676866412,-0.4232781691778311,7,high,new
3807,5.1,31.4,0.447,1,0.025201639943326845,0.47475335047178757,4,low,established
3808,10.9,34.0,0.606,4,0.08802252947126936,-1.667651553534432,7,medium,established
3809,6.6,36.4,0.446,2,0.1207638476286688,0.4434119724104858,8,medium,established
3810,7.9,33.7,0.322,1,-0.005324975938860212,-0.9614884490714399,3,medium,established
3811,5.6,22.0,0.636,3,0.0285729550022069,-0.5353718606363828,4,low,established
3812,15.4,15.3,0.99,0,-0.07676878413516801,0.5582257285250358,1,high,new
3813,15.6,25.6,0.477,3,0.054168506285739576,0.43652707687370895,5,high,established
3814,15.2,1.0,0.864,0,0.017816369774513292,1.024314291442049,4,high,new
3815,6.5,60.7,0.696,0,0.021894170170952028,-0.5672183081265784,4,medium,long_tenure
3816,7.9,84.1,0.639,0,0.06146960853757894,-2.4893991873035044,6,medium,long_tenure
3817,9.4,41.5,0.489,0,0.15985156327899305,-2.196905056440733,9,medium,established
3818,17.4,15.7,0.852,1,0.10153749141580971,0.5802551875833142,7,high,new
3819,7.3,30.3,0.538,3,0.09556600535794092,0.2944850720095346,7,medium,established
3820,2.9,25.5,0.411,1,0.15464351629988965,0.39551786347457574,9,low,established
3821,3.7,10.4,0.416,1,0.11623022367195673,2.094591479254719,8,low,new
3822,7.0,13.9,0.762,1,0.27232647675754323,0.7768535684092739,10,medium,new
3823,5.7,14.5,0.567,1,-0.06642220903079657,0.47770710477873013,2,low,new
3824,20.9,32.0,0.711,1,0.14413685440093854,-0.6851098225884317,9,high,established
3825,3.4,10.2,0.44,0,0.21145576911111308,-1.364685644807851,10,low,new
3826,8.1,25.0,0.782,1,0.08790492618224478,-0.9898171758354346,7,medium,established
3827,15.1,41.3,0.882,0,0.050969431709326773,0.6557655947441816,5,high,established
3828,7.8,53.2,0.592,1,0.020222619178973247,-1.78421943905082,4,medium,long_tenure
3829,5.7,26.1,0.396,1,0.10427094729377386,-1.254197987449281,8,low,established
3830,7.7,43.8,0.654,2,0.009450949514276831,-0.9572774788020725,4,medium,established
3831,11.1,74.2,0.606,0,0.08741173413527038,-2.236531237570349,7,medium,long_tenure
3832,10.6,15.0,0.423,2,0.06737142155828209,0.45529937364603984,6,medium,new
3833,7.5,53.4,0.566,1,-0.13992593459613778,-0.7470361378258068,1,medium,long_tenure
3834,6.2,65.6,0.633,0,-0.02422407546596642,-0.4889579725648325,3,medium,long_tenure
3835,18.9,39.1,0.959,1,0.014785895902366598,-1.133181050762955,4,high,established
3836,7.6,52.9,0.576,2,-0.05142702020885318,0.6593179113353169,2,medium,long_tenure
3837,5.6,25.1,0.557,1,-0.12533831823614305,-0.9842839961046286,1,low,established
3838,18.8,21.0,0.905,0,-0.11738783192348426,0.5203645882770174,1,high,established
3839,2.5,29.4,0.344,0,0.1764288934283948,-1.2311703002735273,10,low,established
3840,18.3,24.2,0.89,1,1.8344605341379385e-05,0.5550927460605465,3,high,established
3841,2.2,20.8,0.641,1,0.049956569982366694,2.0934195219552003,5,low,established
3842,8.0,24.6,0.459,3,0.03598696242897397,-0.4218339998136873,5,medium,established
3843,12.1,33.6,0.624,0,0.1477050776187005,-0.886505662230208,9,high,established
3844,9.0,46.1,0.47,0,-0.005265728888790735,0.5727956873533033,3,medium,established
3845,6.1,19.1,0.312,1,-0.03170948383701518,0.32733044164193703,2,medium,established
3846,5.6,61.7,0.567,0,0.014966572983275582,0.7023728863625524,4,low,long_tenure
3847,5.4,9.7,0.58,0,0.2776610885487218,-1.579285556078212,10,low,new
3848,9.0,53.4,0.401,1,-0.09443444151227105,0.5708390611792289,1,medium,long_tenure
3849,16.7,17.9,0.849,1,0.019765757080901742,0.9855232462340416,4,high,new
3850,21.5,28.9,0.897,0,0.12603284728909192,-0.39664495183028375,8,high,established
3851,11.5,62.4,0.768,0,-0.0007516353333544258,-0.5424288536769546,3,medium,long_tenure
3852,18.1,17.0,0.99,0,-0.15200346915561275,0.6877311599054846,1,high,new
3853,10.2,44.0,0.594,0,0.008663319612459312,1.311968854684377,4,medium,established
3854,5.5,36.2,0.699,0,0.2511340152957536,-0.524962718679427,10,low,established
3855,7.7,46.0,0.58,2,0.05789779630193937,-1.1110962918102203,6,medium,established
3856,11.9,16.9,0.889,0,0.12529869321232978,0.7136523742797694,8,medium,new
3857,1.1,24.5,0.46,0,0.03912550765146034,0.5019632644407723,5,low,established
3858,5.6,47.0,0.466,0,0.06941931836205843,0.7790278420771107,6,low,established
3859,8.9,20.2,0.585,3,0.03897602528826848,-0.4893759743667816,5,medium,established
3860,12.7,28.7,0.95,0,0.13803712665725623,0.9210012653469233,9,high,established
3861,7.9,82.9,0.545,0,-0.05285771360525779,-0.6351934522058001,2,medium,long_tenure
3862,15.6,8.5,0.95,0,0.15088872963810415,0.9506274095189899,9,high,new
3863,5.9,39.1,0.4,5,0.13482747549174456,0.36552447436328284,9,low,established
3864,12.1,64.3,0.65,2,-0.019232788412007706,0.8126057210123638,3,high,long_tenure
3865,0.9,20.6,0.578,0,0.03182244640592749,-0.7681247965758881,5,low,established
3866,11.0,84.2,0.616,0,0.17010569053969238,-1.8899008927517316,9,medium,long_tenure
3867,2.9,25.6,0.482,1,0.05352922828043706,-1.1376561195945545,5,low,established
3868,15.6,30.9,0.743,0,0.10748830304452707,0.5531581658854215,8,high,established
3869,5.8,35.6,0.633,3,-0.05702115625800075,0.4104811058030254,2,low,established
3870,6.2,61.8,0.742,1,0.09222685081008555,0.6931825157796656,7,medium,long_tenure
3871,12.9,78.5,0.634,0,-0.06350227482475815,-0.4733991478456708,2,high,long_tenure
3872,15.1,19.5,0.849,0,0.07817885189847713,1.3095456727448864,7,high,established
3873,13.0,14.8,0.688,1,0.24294803189772624,0.8585180002374841,10,high,new
3874,17.3,32.6,0.914,0,0.05261020002139339,-0.6719215792256081,5,high,established
3875,3.5,37.0,0.354,0,0.09820741998834884,0.43858363295267944,7,low,established
3876,8.4,76.4,0.571,1,-0.012483922195334646,-1.7542516164694066,3,medium,long_tenure
3877,13.5,1.0,0.99,0,0.13167946455382606,0.49822206385926215,8,high,new
3878,2.2,27.3,0.232,1,0.048066473506721295,2.6687457186226595,5,low,established
3879,13.9,18.5,0.717,0,0.039652930806658666,-1.8320476011712212,5,high,established
3880,10.2,61.6,0.665,0,0.05113499603685767,1.022770235891898,5,medium,long_tenure
3881,8.4,38.3,0.548,1,0.05674767752519872,-0.9939590180851643,6,medium,established
3882,1.7,25.1,0.373,1,0.0897933993978227,-0.9727116511682441,7,low,established
3883,9.4,39.1,0.62,0,0.18189031646267598,1.649384475574134,10,medium,established
3884,8.2,58.8,0.668,0,0.14068973745852126,-1.823752070211647,9,medium,long_tenure
3885,6.0,40.0,0.323,0,0.06770697457826033,-1.3219489960553497,6,low,established
3886,14.7,25.3,0.835,0,0.05264495706199545,0.9079883966337209,5,high,established
3887,4.3,28.5,0.435,0,0.04629993692097447,-0.8478523885532863,5,low,established
3888,5.6,27.9,0.448,0,0.08202379741647793,0.5206518222749442,7,low,established
3889,1.8,35.9,0.483,2,0.00822732201990236,0.4353895457903689,4,low,established
3890,18.4,28.3,0.836,1,0.13864867909067127,-0.4335721181078509,9,high,established
3891,16.0,14.6,0.938,0,0.08065720039808082,1.4686238515839947,7,high,new
3892,6.0,42.9,0.695,1,0.08256021319807451,-1.0099676994211464,7,low,established
3893,5.0,64.1,0.645,0,0.15440410029778368,-0.4726604072766111,9,low,long_tenure
3894,8.7,54.0,0.579,2,-0.08165928556772864,0.5188397850492805,1,medium,long_tenure
3895,3.0,35.2,0.404,1,0.02864216351235946,2.6648217594397594,4,low,established
3896,11.0,23.5,0.522,2,-0.043003697741838945,-0.8188302504771829,2,medium,established
3897,7.2,90.0,0.537,0,0.050803975483931965,0.5662484163329963,5,medium,long_tenure
3898,8.8,36.8,0.607,0,0.125777047077253,0.8852635030563334,8,medium,established
3899,13.7,23.6,0.95,1,-0.08536513449401661,0.5916115644729973,1,high,established
3900,15.9,7.6,0.802,0,0.04857012827421492,-0.699305510757519,5,high,new
3901,19.6,38.6,0.892,2,0.15185496465860207,1.6720390503832625,9,high,established
3902,4.1,25.0,0.409,0,-0.1050581620102128,-1.2225202882285369,1,low,established
3903,7.5,21.5,0.786,4,0.15742881284651583,0.9735911408734983,9,medium,established
3904,6.7,27.8,0.67,0,0.2376348533689846,1.5483215958934635,10,medium,established
3905,7.9,53.4,0.718,0,0.022133971793107016,-0.5267390891490735,4,medium,long_tenure
3906,12.8,27.3,0.691,6,0.009701201940340217,0.639457126817659,4,high,established
3907,0.8,18.1,0.37,1,-0.008978539052528151,0.4147887478721213,3,low,established
3908,4.4,13.0,0.581,1,0.09843191354955699,0.34570209177242806,7,low,new
3909,4.4,34.2,0.608,3,0.0739129468711035,0.44829268266320266,6,low,established
3910,3.4,26.7,0.425,0,0.02158606040382541,0.33164566385211414,4,low,established
3911,8.7,50.0,0.506,0,-0.07030027761181477,1.9801838906258185,1,medium,long_tenure
3912,3.7,42.1,0.596,0,0.09994738512261615,-1.9243002656157207,7,low,established
3913,3.3,25.7,0.236,0,0.039371251428810476,-0.9088397391492005,5,low,established
3914,8.8,68.4,0.613,0,0.10754093214587632,-2.2005485204464894,8,medium,long_tenure
3915,8.4,70.8,0.577,0,-0.018957122717843444,0.9035032126486963,3,medium,long_tenure
3916,8.9,68.6,0.596,1,0.029173994758294713,-0.5312941234889531,4,medium,long_tenure
3917,5.4,80.9,0.488,0,0.1833294001272361,0.5958252590191946,10,low,long_tenure
3918,9.8,43.0,0.667,6,-0.02664135088089036,-0.5540821820370327,3,medium,established
3919,7.4,63.2,0.655,2,0.019493503866238975,1.6679093907411557,4,medium,long_tenure
3920,9.9,99.2,0.826,0,-0.009635558063477007,0.9161528825665941,3,medium,long_tenure
3921,9.8,1.0,0.99,0,0.1298900611312716,0.7590164059557881,8,medium,new
3922,3.7,1.0,0.447,1,0.1190757209705145,0.3564739774371225,8,low,new
3923,8.3,61.9,0.753,0,-0.20589988717523175,-0.5084526323827894,1,medium,long_tenure
3924,8.1,28.1,0.459,0,0.07373630003132504,1.974081291521847,6,medium,established
3925,16.2,15.1,0.853,0,0.09492051660046262,0.7542194063137043,7,high,new
3926,9.5,39.4,0.559,5,-0.026934758929897017,0.3603559555273288,3,medium,established
3927,10.0,27.8,0.66,2,0.026625874171270977,-0.9022945295395648,4,medium,established
3928,7.9,13.7,0.88,2,0.11454396623190927,1.1819478974170814,8,medium,new
3929,15.0,9.5,0.99,0,-0.03820307763017213,-0.5150096710254376,2,high,new
3930,0.7,19.6,0.457,4,0.15271875497385973,-1.3395151121113391,9,low,established
3931,4.7,41.1,0.643,1,0.14227370627704497,-1.1518651283687193,9,low,established
3932,10.8,25.2,0.642,4,0.06760644252826023,-0.39027048067932746,6,medium,established
3933,8.6,58.5,0.63,0,-0.10583325929609234,-0.5869370842910008,1,medium,long_tenure
3934,15.3,22.8,0.983,0,-0.16095193538516048,0.8250408523257797,1,high,established
3935,6.4,59.6,0.623,0,0.06881304886248386,-0.6508115257223313,6,medium,long_tenure
3936,16.5,29.4,0.789,1,0.03640201778208815,0.7001351450601385,5,high,established
3937,8.6,51.0,0.693,1,0.06500870318687545,-1.5690892767236377,6,medium,long_tenure
3938,10.3,17.4,0.658,3,0.09915277013739685,0.4735093548049728,7,medium,new
3939,5.0,65.7,0.624,0,0.16995957244927748,-0.5956735042014666,9,low,long_tenure
3940,11.2,20.9,0.934,0,-0.0032560358944961837,-1.136459170318789,3,medium,established
3941,13.5,5.6,0.99,0,-0.11789191503296867,-0.9681975787096574,1,high,new
3942,12.4,32.1,0.894,0,0.08453673816695682,0.6824354575195855,7,high,established
3943,12.2,39.1,0.851,1,0.06650264825195674,-1.5434274182534469,6,high,established
3944,13.2,23.5,0.512,2,-0.015566080077688478,0.5311041963233801,3,high,established
3945,9.9,33.8,0.872,0,0.13147148260926766,1.2802824773925858,8,medium,established
3946,5.8,1.0,0.599,0,0.17396817041196486,0.6295795405685163,10,low,new
3947,18.4,28.9,0.878,0,0.057643049618501044,0.6282588880597119,6,high,established
3948,18.7,5.7,0.94,0,-0.022414382735152102,-0.7574286727224918,3,high,new
3949,5.2,33.7,0.394,0,0.01814624065640043,0.4554340299770822,4,low,established
3950,19.6,4.5,0.855,1,0.050717651609106885,0.5100280481257164,5,high,new
3951,12.8,61.2,0.543,0,-0.23859670632074048,-2.1509946505841135,1,high,long_tenure
3952,3.7,12.3,0.441,1,0.1679552110486146,0.5981580247217674,9,low,new
3953,5.7,19.4,0.373,0,0.10569927963188587,2.2858734072973195,8,low,established
3954,12.4,53.0,0.73,1,-0.035049720388629815,0.8515170057939729,2,high,long_tenure
3955,13.7,14.7,0.888,0,0.1119591447156022,-0.47041355262104734,8,high,new
3956,8.3,56.3,0.585,3,-0.10999552804573431,0.4721906075951258,1,medium,long_tenure
3957,2.8,17.4,0.41,1,0.02998731735432391,0.4043685127605517,4,low,new
3958,5.7,39.9,0.471,1,-0.06258525299279522,0.5549816515061701,2,low,established
3959,10.9,1.0,0.99,0,-0.03477538038325753,-0.6781875119584015,2,medium,new
3960,11.9,58.6,0.526,0,0.10939894756406514,-0.6901997357597456,8,medium,long_tenure
3961,9.4,55.6,0.671,0,0.046630461376382354,1.8613808560370972,5,medium,long_tenure
3962,17.6,34.5,0.727,1,0.11129599555009362,0.8219970316398315,8,high,established
3963,2.6,33.2,0.725,0,0.23555106488122116,0.5463183176343169,10,low,established
3964,13.2,1.0,0.888,1,0.049056342003874764,-1.222459635862887,5,high,new
3965,12.0,46.3,0.476,2,0.09199943740647774,-0.9263256477384296,7,medium,established
3966,15.5,3.8,0.76,0,-0.07220437645471706,1.1361134188185988,1,high,new
3967,3.3,73.2,0.73,3,0.14410517795100977,0.4871190545165576,9,low,long_tenure
3968,16.6,25.7,0.717,0,0.07499510627991154,-1.5699780611062766,6,high,established
3969,9.8,58.4,0.671,0,0.022056006059665755,-0.5338129172792337,4,medium,long_tenure
3970,17.4,9.4,0.853,0,0.00041184696618137135,-0.33272192589567656,3,high,new
3971,4.1,30.6,0.409,0,0.11377526077175072,-0.6772930991778014,8,low,established
3972,19.1,2.4,0.826,1,0.1408085197175527,-0.4154359605555985,9,high,new
3973,7.1,36.5,0.485,1,0.08944229693563868,0.34210498232226605,7,medium,established
3974,17.5,20.5,0.846,1,0.07194073968326363,0.8855705611491381,6,high,established
3975,16.4,12.7,0.963,2,0.19222995501083756,-0.8036551673844984,10,high,new
3976,15.6,20.8,0.868,1,-0.08522469648751169,-0.9316367199058935,1,high,established
3977,15.0,17.2,0.946,0,0.06328107684361108,-0.3138815514452196,6,high,new
3978,15.1,22.0,0.873,0,0.0008451877390556624,-0.3110665639068364,3,high,established
3979,8.1,46.0,0.707,2,0.06250651447547086,0.8332644086641979,6,medium,established
3980,8.2,38.4,0.636,1,0.15089474989322532,0.5610037083793562,9,medium,established
3981,18.0,28.3,0.841,0,0.10119037927619846,-0.36654110197879175,7,high,established
3982,6.6,65.9,0.535,0,0.1155925321228245,-2.6603669272038903,8,medium,long_tenure
3983,13.2,38.2,0.695,4,0.051817656776318534,1.055112228971816,5,high,established
3984,14.4,14.7,0.811,0,0.20833208169763878,-1.9019405646740863,10,high,new
3985,10.5,72.7,0.695,0,0.08303752803981569,-2.33603203253442,7,medium,long_tenure
3986,18.6,16.8,0.903,0,-0.03858020949658319,0.35721503839435353,2,high,new
3987,16.4,2.2,0.849,0,0.03559667074752219,0.5337209037354361,5,high,new
3988,8.2,71.8,0.687,0,0.1082578848130395,-0.40862675266093823,8,medium,long_tenure
3989,2.5,2.4,0.58,0,0.2594251755393419,0.521884756965499,10,low,new
3990,3.1,25.4,0.499,1,-0.008481192451507554,-0.7808327645395999,3,low,established
3991,5.1,17.4,0.444,1,0.1393510327092044,-0.8178162793691566,9,low,new
3992,7.9,56.6,0.818,1,-0.02123751687302297,0.9892714911169019,3,medium,long_tenure
3993,19.2,18.1,0.716,1,0.06363278009563364,1.209776832722413,6,high,established
3994,6.8,53.5,0.518,0,0.027782579699035928,-0.7521342309223207,4,medium,long_tenure
3995,14.9,22.1,0.849,1,0.011357141907718332,1.1899596323574295,4,high,established
3996,11.5,16.7,0.99,0,-0.018427796033036157,-0.47428300360081177,3,medium,new
3997,17.7,8.6,0.99,0,-0.12019187655058618,-0.7040778011716962,1,high,new
3998,9.5,78.1,0.451,1,-0.16698927474014874,-2.5691868266703146,1,medium,long_tenure
3999,10.6,64.5,0.592,0,-0.1327693738913081,-0.46032403200099586,1,medium,long_tenure
4000,18.8,23.6,0.754,1,-0.14445120163178457,-1.3004705381521697,1,high,established
4001,11.1,48.0,0.586,1,-0.07522456070979443,-1.345097961979732,1,medium,established
4002,10.2,78.8,0.739,0,-0.2569612598031431,0.7999804335127692,1,medium,long_tenure
4003,6.1,29.0,0.537,0,0.011567042729478205,1.7416924481843243,4,medium,established
4004,18.1,12.4,0.929,0,0.07348637234934945,0.49912748798902135,6,high,new
4005,4.0,13.8,0.543,2,0.08648666608495977,0.3799076256450802,7,low,new
4006,13.0,18.5,0.89,0,0.08264699484116823,1.1674077096133653,7,high,established
4007,4.6,75.1,0.715,1,0.17057976642846054,-2.0818927119289734,9,low,long_tenure
4008,19.4,20.3,0.99,2,-0.09219063905343398,-0.5635447061858413,1,high,established
4009,13.9,1.0,0.77,0,0.06939677598650375,0.7575704627017835,6,high,new
4010,7.3,41.4,0.765,5,0.11910103959353793,-1.4550797122351844,8,medium,established
4011,16.0,27.2,0.927,1,0.1571677191291173,0.5109849447873798,9,high,established
4012,12.6,12.4,0.99,0,0.21423835679601175,1.0516769007821383,10,high,new
4013,5.5,33.9,0.45,1,-0.12690658979153574,-0.7403697335549992,1,low,established
4014,10.2,23.5,0.99,1,0.03965805813903329,1.216297701231381,5,medium,established
4015,5.8,22.8,0.626,1,-0.05633153545266974,-0.7435765044459937,2,low,established
4016,9.5,46.3,0.519,0,-0.10296550749520364,-0.7187277334580442,1,medium,established
4017,12.6,1.0,0.95,0,0.05573988137356308,0.5660536670440617,6,high,new
4018,11.5,61.3,0.764,0,0.09316437057226026,-0.5444061359857109,7,medium,long_tenure
4019,16.1,14.1,0.9,0,0.14813130706058958,0.573169043613686,9,high,new
4020,7.6,12.1,0.202,0,0.13456766390852692,-0.6329460159327193,9,medium,new
4021,17.0,19.6,0.887,0,0.043430081079739044,-0.7495560773498754,5,high,established
4022,16.0,31.7,0.911,0,0.12486109629029954,1.0037649008782674,8,high,established
4023,5.3,77.0,0.635,1,0.16181233705886217,-0.56646059476786,9,low,long_tenure
4024,7.0,30.7,0.375,1,-0.018772227310992026,2.3141745681894292,3,medium,established
4025,5.7,1.6,0.576,2,0.0820511900557269,1.824614033134338,7,low,new
4026,10.1,6.0,0.169,0,0.0984286809309899,0.46224602022514066,7,medium,new
4027,11.2,33.0,0.6,2,0.018455345671584356,0.6990221485052792,4,medium,established
4028,7.9,30.6,0.602,1,0.08175597188800807,-0.6704749937953063,7,medium,established
4029,8.8,56.0,0.87,0,-0.2260954204883924,-0.44420426494003207,1,medium,long_tenure
4030,5.6,44.9,0.428,0,0.05860362895569144,-1.0748861439611817,6,low,established
4031,11.1,63.3,0.689,0,-0.07438493151775809,0.9261899090119132,1,medium,long_tenure
4032,11.6,68.5,0.654,0,-0.03201523860877327,1.3258289905727414,2,medium,long_tenure
4033,8.6,42.9,0.6,1,0.21477014142326734,-0.6333796367307976,10,medium,established
4034,5.7,31.7,0.784,3,0.023675629392737662,0.7542636190300438,4,low,established
4035,11.0,47.1,0.778,0,0.0002866870935043667,-2.064170772823114,3,medium,established
4036,4.9,50.7,0.567,0,0.22464263233929369,0.7629721251572545,10,low,long_tenure
4037,6.4,54.7,0.723,0,0.12787186836535958,-2.522833893941035,8,medium,long_tenure
4038,8.6,10.7,0.458,0,0.24579079890971917,-1.4277972517441173,10,medium,new
4039,12.1,80.8,0.609,1,0.06408688818146849,0.9567295029137092,6,high,long_tenure
4040,7.1,31.6,0.422,1,-0.0348413445161357,-0.8628312216141201,2,medium,established
4041,11.3,55.5,0.741,1,-0.08985580269729089,-0.6777830750174524,1,medium,long_tenure
4042,2.6,11.6,0.483,1,0.1869104866599139,0.3319647325308801,10,low,new
4043,11.9,32.6,0.822,0,0.10991848451088518,-0.4290468974626692,8,medium,established
4044,1.8,26.3,0.456,1,0.0838391151968711,0.42154242453577556,7,low,established
4045,2.5,78.9,0.635,0,-0.03774909520877177,-0.4113737416666001,2,low,long_tenure
4046,13.0,15.3,0.952,2,0.12407471463880425,1.1886064583059972,8,high,new
4047,14.6,22.1,0.865,0,-0.041514602706321055,-0.46002716006445804,2,high,established
4048,16.5,19.6,0.767,0,0.06699266745155248,-1.6413370783141312,6,high,established
4049,8.4,54.5,0.714,0,0.13816050087956985,-0.5344223041532352,9,medium,long_tenure
4050,7.1,29.3,0.65,3,0.06773539828549646,0.3489155856667397,6,medium,established
4051,6.0,7.8,0.586,1,0.24528684698548758,0.6180509761144293,10,low,new
4052,7.2,36.9,0.445,1,-0.09473095053364398,-1.1873902755781724,1,medium,established
4053,9.0,40.1,0.582,2,0.08914636406581834,0.6477130633496271,7,medium,established
4054,5.0,73.9,0.615,1,0.045463589032154694,0.5189373283619749,5,low,long_tenure
4055,7.4,30.0,0.386,1,0.13004132317343134,0.5314892607620322,8,medium,established
4056,4.6,20.5,0.26,0,0.03637026519931049,0.4377488357411609,5,low,established
4057,17.8,34.6,0.783,1,0.03345130186799423,-0.7341860056749377,5,high,established
4058,1.2,32.7,0.46,0,0.13363262120063854,-0.8861086756329544,9,low,established
4059,8.5,78.7,0.585,1,0.1541532610418495,0.7021653223429436,9,medium,long_tenure
4060,6.0,39.4,0.339,1,-0.1234712267551451,2.4127697370545054,1,low,established
4061,0.0,20.5,0.587,2,-0.03476597548192275,0.3711540191028319,2,low,established
4062,12.2,35.7,0.851,1,0.1964340214685415,1.2781090908112194,10,high,established
4063,12.6,25.3,0.894,0,0.07621460172191305,-0.39612699262902196,6,high,established
4064,9.6,17.2,0.425,2,-0.06762443115983983,1.9006160034643453,2,medium,new
4065,20.8,2.5,0.944,2,0.027178215573445748,0.9671532305005883,4,high,new
4066,7.1,6.4,0.201,0,0.1565644255665924,0.5683738613689674,9,medium,new
4067,12.0,14.7,0.751,1,0.13344547897506448,0.9452768202687959,9,medium,new
4068,8.5,27.0,0.636,1,0.13657164445071476,0.6667689133482495,9,medium,established
4069,7.8,4.8,0.278,0,-0.02140409040216179,-1.017260782836016,3,medium,new
4070,13.8,17.8,0.867,0,0.09372134533616693,-0.7903490676113301,7,high,new
4071,7.0,60.9,0.477,0,0.21953525270245933,-2.7097164467007806,10,medium,long_tenure
4072,8.0,45.2,0.596,2,-0.019523337924949046,0.594924939402004,3,medium,established
4073,9.5,86.2,0.764,0,-0.03239830058926044,-2.027123328018794,2,medium,long_tenure
4074,11.9,21.5,0.833,0,0.2069748470338217,-0.6756666279358845,10,medium,established
4075,17.7,7.6,0.898,0,0.057029596353088505,-0.38283630032218885,6,high,new
4076,6.3,69.8,0.55,0,-0.23796547346581245,0.7732197621904695,1,medium,long_tenure
4077,9.0,31.1,0.508,0,0.1522652565565641,1.8117452118951025,9,medium,established
4078,8.4,28.1,0.499,2,0.027181175088496518,-0.5790065709248956,4,medium,established
4079,17.6,5.7,0.986,2,-0.011504667976122417,-0.685921971953914,3,high,new
4080,7.9,56.4,0.485,2,0.0004570527604859461,-1.6491723711515691,3,medium,long_tenure
4081,11.9,59.9,0.603,0,0.019883757221961763,-0.6153237436218016,4,medium,long_tenure
4082,18.7,25.6,0.945,0,0.07087040316763724,0.96264152643854,6,high,established
4083,2.4,28.1,0.53,2,0.09502162927756544,0.4314232389643767,7,low,established
4084,11.7,83.9,0.688,0,0.07034655221680192,-0.6804979188921441,6,medium,long_tenure
4085,9.9,39.1,0.582,2,-0.011278458574769697,0.4790252407018507,3,medium,established
4086,5.0,27.1,0.367,0,0.11322096931993919,-0.6599978646262186,8,low,established
4087,11.3,27.3,0.692,4,-0.09428252665719809,1.3884973091499289,1,medium,established
4088,6.2,18.6,0.495,2,0.031252672863601054,-1.1945166006471866,5,medium,established
4089,12.3,9.2,0.806,0,0.16610484229109165,-0.5855579485044844,9,high,new
4090,16.1,7.6,0.99,1,0.01740413814156415,-0.6569445275483345,4,high,new
4091,14.4,1.0,0.94,0,0.1508904755098155,0.46982607649788577,9,high,new
4092,10.1,9.9,0.474,1,0.05978755822304017,0.6221130059516367,6,medium,new
4093,2.4,41.2,0.496,0,0.127531664655187,0.5116715010259612,8,low,established
4094,16.1,20.4,0.89,0,0.10915263197748738,-1.3126387583919756,8,high,established
4095,16.5,11.5,0.742,0,0.11839288451861317,0.8539935864488765,8,high,new
4096,11.3,66.8,0.668,0,-0.018076039243438067,-2.463844135785783,3,medium,long_tenure
4097,6.3,7.6,0.588,4,0.09555822414544647,0.4893263135907472,7,medium,new
4098,4.6,34.4,0.496,4,0.026604826771692524,-1.5319061230863074,4,low,established
4099,12.8,46.3,0.47,2,0.014702891752845743,-1.000378319706093,4,high,established
4100,4.7,20.5,0.425,0,-0.043242602647931214,0.45041706516330504,2,low,established
4101,18.2,1.0,0.751,0,0.07764686992028919,0.7991835858022206,6,high,new
4102,11.3,26.0,0.574,3,-0.03368106876328223,-0.3952651871091194,2,medium,established
4103,11.8,46.4,0.561,2,0.10724985300857509,-0.9940353301699326,8,medium,established
4104,7.0,65.1,0.627,0,-0.05407015519882,2.1040671586046673,2,medium,long_tenure
4105,2.7,5.0,0.474,0,0.20176732239501707,0.38421843811927425,10,low,new
4106,10.6,44.4,0.968,0,0.14471267513703906,1.120666411585134,9,medium,established
4107,6.3,16.0,0.512,2,0.00358641770481809,-0.6012039147124257,3,medium,new
4108,4.7,19.1,0.526,0,0.1294873434703994,-0.7960707367380243,8,low,established
4109,2.6,9.6,0.406,2,0.07983368217573474,0.35724536015330866,7,low,new
4110,4.9,49.6,0.833,1,0.12601544536646583,0.67854597536617,8,low,long_tenure
4111,8.1,56.6,0.576,1,0.2140711011187974,-1.104067418974628,10,medium,long_tenure
4112,8.1,29.6,0.253,1,0.004454810585561982,-1.201693277356183,3,medium,established
4113,4.3,37.5,0.522,3,-0.06293331760432307,0.28242219437503713,2,low,established
4114,4.9,57.4,0.687,0,0.20965466566169266,-0.6677541436279186,10,low,long_tenure
4115,7.9,9.9,0.562,1,0.20025239799450664,0.7526799690083057,10,medium,new
4116,13.9,21.7,0.934,0,-0.004135506834820871,-0.6638495448903197,3,high,established
4117,13.0,37.1,0.847,2,0.038435622151531706,-1.1775656887134245,5,high,established
4118,3.8,24.9,0.409,2,-0.008955202594758052,-1.2298479761265493,3,low,established
4119,8.3,65.3,0.755,2,-0.040577211939175864,0.8210917443040919,2,medium,long_tenure
4120,12.2,60.6,0.582,2,0.23918182426396645,-0.8025578829175939,10,high,long_tenure
4121,0.9,23.2,0.484,0,0.05162373101579064,-1.0443650756000145,5,low,established
4122,1.7,19.8,0.505,0,0.03748058987703468,0.5446553368308806,5,low,established
4123,3.6,34.8,0.522,1,-0.04530265662515944,0.5098161737207756,2,low,established
4124,7.6,88.7,0.725,0,0.11629815491685307,-0.4795265302182806,8,medium,long_tenure
4125,11.6,24.2,0.074,1,-0.03489694823103675,1.7267605271347277,2,medium,established
4126,13.6,15.9,0.892,0,-0.06071056581801551,-0.48210171705893223,2,high,new
4127,4.5,65.1,0.577,1,0.24984083494138465,-1.972794991258524,10,low,long_tenure
4128,5.5,54.1,0.598,0,0.16651422806782346,0.5695361761189734,9,low,long_tenure
4129,5.1,31.2,0.399,2,0.08086760544287912,2.1630656956828815,7,low,established
4130,5.8,27.3,0.538,0,-0.09827055966759787,-1.0127970964336581,1,low,established
4131,2.6,17.0,0.452,1,0.18979708597384412,2.019095495973687,10,low,new
4132,9.1,41.8,0.534,2,-0.036518813750820306,-1.220495486203721,2,medium,established
4133,13.3,62.2,0.478,0,-0.2004415629738011,-0.44874803055367024,1,high,long_tenure
4134,8.1,50.4,0.809,1,0.0310741602717624,0.6652252976091158,5,medium,long_tenure
4135,8.9,66.2,0.569,0,-0.023207373938319918,1.476187245923424,3,medium,long_tenure
4136,21.1,18.8,0.886,0,0.03739974893957888,0.37970283783086356,5,high,established
4137,6.1,73.5,0.875,0,-0.10215906611139912,-0.6179589241161859,1,medium,long_tenure
4138,2.4,32.0,0.362,0,0.08638885606701736,-1.0978708873463143,7,low,established
4139,7.7,29.7,0.56,3,-0.0070936395840920045,-0.46349101075601695,3,medium,established
4140,3.1,16.3,0.456,2,0.1415430427632856,2.077955301397935,9,low,new
4141,3.1,62.0,0.463,0,0.07009968251110123,-0.6643897243378531,6,low,long_tenure
4142,9.4,35.4,0.401,6,-0.12805632519712606,-0.3471291976052009,1,medium,established
4143,16.6,21.8,0.847,1,-0.07811442384342258,0.852685436291654,1,high,established
4144,7.5,65.6,0.591,0,0.02306324636681778,-2.0442303950225296,4,medium,long_tenure
4145,8.7,60.9,0.655,0,0.011961960602631416,-0.4920610921636468,4,medium,long_tenure
4146,16.7,28.0,0.792,0,0.11395631746342173,-1.4581691992988097,8,high,established
4147,12.4,7.9,0.948,0,-0.040227289507231645,-0.5774381055494467,2,high,new
4148,9.8,60.8,0.353,0,0.015811823422472,-1.05390708833442,4,medium,long_tenure
4149,9.5,71.2,0.632,0,0.08586489486109397,1.4037686741970958,7,medium,long_tenure
4150,3.7,48.5,0.68,1,0.09803334472646297,0.6576871921818581,7,low,long_tenure
4151,20.0,18.2,0.936,0,0.07456951791890289,1.303892383668026,6,high,established
4152,5.7,40.3,0.572,0,0.031411203348378096,-0.9838489222353228,5,low,established
4153,4.9,57.8,0.567,1,-0.014105625692534861,0.5599270082313772,3,low,long_tenure
4154,8.5,44.1,0.619,0,0.061772294420997666,1.2517990312639218,6,medium,established
4155,10.4,18.5,0.726,2,0.07970937940855254,-1.3165442039063977,7,medium,established
4156,18.1,22.5,0.834,0,0.07264522046050471,0.5935356713648666,6,high,established
4157,6.0,1.0,0.538,3,0.06624851865894527,-0.47243001388073436,6,low,new
4158,14.6,1.0,0.99,0,0.1936306418605572,-0.39278201176438354,10,high,new
4159,8.3,68.4,0.449,0,0.08567722509483158,-0.5035410982540398,7,medium,long_tenure
4160,15.1,13.3,0.886,0,0.13785686930077104,-1.7262001166244623,9,high,new
4161,9.5,22.7,0.482,4,-0.11634663738719006,0.5914821986706982,1,medium,established
4162,16.2,10.1,0.735,0,0.0983475727218085,1.1787914423452226,7,high,new
4163,3.1,4.4,0.517,0,0.11285224303746035,0.411781305684793,8,low,new
4164,7.1,67.8,0.692,1,-0.13278588391684168,1.7944759813743234,1,medium,long_tenure
4165,4.0,21.3,0.619,0,0.14528972504157386,0.516831070594691,9,low,established
4166,18.2,9.6,0.781,0,0.020513808624127303,0.6576886479852883,4,high,new
4167,16.8,20.2,0.923,1,0.037535965055248706,1.401509602760453,5,high,established
4168,1.8,58.9,0.496,1,0.029109123015715735,0.5854545399509454,4,low,long_tenure
4169,11.1,22.5,0.598,1,-0.05620372335512266,0.5286022908683568,2,medium,established
4170,7.9,38.1,0.567,0,-0.08377745370704005,-0.6116273413094642,1,medium,established
4171,2.0,26.4,0.546,0,0.007110407665275051,0.3829038125875869,4,low,established
4172,6.2,31.9,0.55,3,0.12699617740501992,-0.41155801351506655,8,medium,established
4173,2.6,15.8,0.455,0,0.20877477137816014,-1.265937385659514,10,low,new
4174,13.5,3.6,0.926,0,0.19413835695640466,-0.8240858263671917,10,high,new
4175,2.3,22.2,0.422,0,0.08283724052864365,0.3933959086080101,7,low,established
4176,13.6,36.8,0.602,2,-0.07672975374092927,0.5596113151216349,1,high,established
4177,10.0,32.2,0.623,4,0.13508435847673905,0.6163011135707904,9,medium,established
4178,10.0,41.7,0.331,1,0.03681397393928202,0.4905093110759844,5,medium,established
4179,9.6,39.5,0.634,4,0.002583085798496494,-0.5442185870704086,3,medium,established
4180,6.1,20.7,0.525,0,0.15722277705162754,-0.9623175585246533,9,medium,established
4181,2.1,30.9,0.474,0,-0.039215203882012876,0.37567876411298123,2,low,established
4182,15.5,16.6,0.861,0,0.10559263325101494,-0.4511814263115983,8,high,new
4183,8.8,31.5,0.609,3,0.011301640769839428,0.4174042433971368,4,medium,established
4184,9.7,77.6,0.6,1,0.10068514760971754,0.9341708338962247,7,medium,long_tenure
4185,4.4,11.2,0.417,0,0.021280379947990757,-0.9666011595764943,4,low,new
4186,5.4,22.3,0.299,2,-0.018903245684025415,0.3395778331702666,3,low,established
4187,16.9,30.3,0.99,0,-0.08619758878179926,1.0807330042120515,1,high,established
4188,15.2,19.7,0.99,1,-0.10895429719714994,-0.5285860304907338,1,high,established
4189,14.9,11.6,0.823,1,0.027705686904601602,0.6593831506545431,4,high,new
4190,6.2,41.5,0.726,0,0.20819856916326376,0.872710761279626,10,medium,established
4191,18.9,1.0,0.99,0,0.1268272855569119,0.34313286452714675,8,high,new
4192,3.7,46.9,0.325,0,0.20391668645525265,0.3981209044653069,10,low,established
4193,9.9,34.7,0.353,1,0.06302167019469886,-1.176084151162582,6,medium,established
4194,4.1,15.0,0.597,2,0.1797735244106473,1.6880440278167619,10,low,new
4195,18.9,20.2,0.899,0,0.027102278748736032,-0.41019861165235283,4,high,established
4196,2.6,50.6,0.583,0,0.0769228825670274,0.5798530753515893,6,low,long_tenure
4197,16.8,12.0,0.905,0,0.07820423501565422,0.6002524023068,7,high,new
4198,1.1,10.7,0.389,1,0.083608924232855,-0.7601215108041314,7,low,new
4199,17.1,1.0,0.99,1,0.0073823814159686635,1.3508486417260932,4,high,new
4200,15.6,1.0,0.842,1,-0.014116223169988007,-0.8092621290000402,3,high,new
4201,12.0,1.0,0.936,0,0.07537504114366499,0.9752396080212705,6,medium,new
4202,5.4,34.3,0.572,0,-0.10326021145091295,0.49202488676804057,1,low,established
4203,16.6,4.2,0.99,0,0.06586653342308947,1.4661053756851112,6,high,new
4204,8.4,37.4,0.711,7,0.1305392540156266,0.7324792447973634,8,medium,established
4205,4.2,33.5,0.383,5,0.07710021939985713,-0.5832035500914116,6,low,established
4206,4.9,22.2,0.413,1,-0.0021458388312935277,0.4173358656696998,3,low,established
4207,19.2,12.4,0.661,0,0.013127288114383412,1.1949443513773357,4,high,new
4208,15.2,17.6,0.892,0,0.14107249414158782,-0.5322909729919546,9,high,new
4209,10.7,57.0,0.644,0,-0.04769791349364733,1.352387173188157,2,medium,long_tenure
4210,15.9,30.4,0.982,0,0.07700502119780635,0.5136786040116046,6,high,established
4211,12.5,53.5,0.788,3,0.035725562901412565,-1.2693174355292474,5,high,long_tenure
4212,7.4,79.4,0.718,0,0.0024063665665422646,1.7230731058504367,3,medium,long_tenure
4213,6.2,36.2,0.758,0,0.12399467811281116,0.7767000566095663,8,medium,established
4214,13.0,10.8,0.898,0,0.20768857109682023,0.6945387867428007,10,high,new
4215,8.9,31.0,0.731,1,0.08070915338406386,-0.7773832348543994,7,medium,established
4216,13.9,21.6,0.901,0,0.14792333774676925,-0.5602763732469707,9,high,established
4217,12.8,10.3,0.715,0,0.091134124938858,-1.2004105717089613,7,high,new
4218,13.6,1.0,0.988,1,0.011586929023361937,1.255337136734447,4,high,new
4219,2.6,37.7,0.473,2,0.12126439064692764,-0.5858272824191822,8,low,established
4220,10.6,24.3,0.421,2,-0.04117983670938705,-1.1850009796260284,2,medium,established
4221,19.2,1.0,0.99,0,0.06351115753239318,0.5593247476584271,6,high,new
4222,18.0,2.8,0.942,2,0.0344023489908952,0.6237985069557503,5,high,new
4223,10.9,66.7,0.717,1,0.01276957399771879,0.8299980235453013,4,medium,long_tenure
4224,15.8,6.1,0.934,0,0.1272370498409752,1.419315848775305,8,high,new
4225,15.8,18.9,0.953,0,-0.0486338327277516,1.0624654464087868,2,high,established
4226,9.9,10.3,0.573,1,0.04882623723318378,-0.8846068951983739,5,medium,new
4227,13.6,10.1,0.538,3,0.0029514682940402735,-0.565712650035475,3,high,new
4228,17.9,33.1,0.951,0,0.13884239871871487,-0.5365202974669127,9,high,established
4229,12.0,35.8,0.504,1,0.039090966261239146,1.6227331611533762,5,medium,established
4230,18.3,12.0,0.963,0,0.028902311098901016,0.47816580718813184,4,high,new
4231,1.2,15.7,0.458,0,0.2310357618037765,0.6318036469577367,10,low,new
4232,15.9,33.6,0.831,0,0.0462792079237428,-0.478808872204693,5,high,established
4233,8.5,29.1,0.44,0,-0.09104863562437981,-1.006323750582409,1,medium,established
4234,6.4,35.8,0.367,1,-0.03161344921650223,0.44711787383084894,2,medium,established
4235,15.8,9.0,0.858,0,0.11505625359549031,1.340720408959466,8,high,new
4236,20.1,16.6,0.939,0,0.11517320403494125,-1.6373720508180467,8,high,new
4237,9.0,66.8,0.67,0,-0.06900204207098247,-0.474748015724863,2,medium,long_tenure
4238,6.5,15.4,0.219,1,0.17382358842081766,2.3529071750007406,10,medium,new
4239,10.0,29.9,0.631,0,-0.002577710556717312,-0.9659434860814673,3,medium,established
4240,10.5,24.0,0.557,2,-0.059663775042860294,0.4004489554796723,2,medium,established
4241,6.2,26.8,0.384,0,0.1068539492430633,-0.8561630657127013,8,medium,established
4242,8.0,6.1,0.306,2,0.0535456427759866,2.010656504780767,5,medium,new
4243,11.9,68.9,0.635,0,0.12383248921683257,-0.8002090377592288,8,medium,long_tenure
4244,6.8,65.7,0.582,0,-0.03419593878229065,0.717769229453043,2,medium,long_tenure
4245,10.0,28.6,0.73,2,0.05143640933491568,0.49222749357219275,5,medium,established
4246,19.4,21.4,0.708,1,0.10372859406613513,-0.9403791851724859,8,high,established
4247,4.1,17.6,0.324,0,0.15738287051957114,0.5475188016839516,9,low,new
4248,12.5,8.0,0.787,0,0.06481430966659381,-0.6459246772874062,6,high,new
4249,13.5,22.5,0.928,0,0.0008162417808998459,0.6819793040828229,3,high,established
4250,2.2,29.0,0.559,1,0.09381189356284196,-0.8189272240107117,7,low,established
4251,6.8,55.9,0.695,0,0.10352224222968825,1.5534742568250728,8,medium,long_tenure
4252,14.0,8.9,0.78,0,0.07743869840020356,-0.5394144587277789,6,high,new
4253,18.8,13.8,0.853,0,0.2552666646761094,-0.30920334883803796,10,high,new
4254,8.3,24.4,0.501,1,-0.04806692818638318,0.6128981944135226,2,medium,established
4255,7.9,40.3,0.486,3,0.006160635347275306,-0.5963190612911602,4,medium,established
4256,12.9,19.8,0.851,0,0.07583500980786506,0.8344587532903659,6,high,established
4257,15.0,16.2,0.745,0,0.1338650584705053,1.0719163117663557,9,high,new
4258,8.3,50.8,0.704,0,-0.04222217706059562,1.3514412684009196,2,medium,long_tenure
4259,6.7,30.9,0.569,2,0.13152404683233374,0.590254918973703,8,medium,established
4260,19.1,8.7,0.88,1,0.12261854979554362,1.6376501992762238,8,high,new
4261,3.0,14.2,0.443,1,0.302360467966358,-1.157408364427401,10,low,new
4262,7.2,31.3,0.264,2,0.029746627128923463,0.4325898608038507,4,medium,established
4263,11.5,20.6,0.673,0,-0.012384872352263866,-0.4905528781381767,3,medium,established
4264,6.9,1.0,0.227,0,-0.10217661911611373,0.45709253563966235,1,medium,new
4265,5.4,29.1,0.585,4,0.11628604485039001,0.4135336823684872,8,low,established
4266,9.2,63.5,0.606,0,0.1049220118835746,1.4381420316483045,8,medium,long_tenure
4267,11.0,57.9,0.7,0,-0.03977192482279354,0.9427071440574536,2,medium,long_tenure
4268,6.9,23.9,0.408,0,-0.05738383695342564,-1.0823173355712163,2,medium,established
4269,0.1,1.0,0.539,0,0.08856720576828468,0.4270190483125589,7,low,new
4270,3.3,1.0,0.526,1,0.14946993136292985,0.4365690719793234,9,low,new
4271,6.4,10.3,0.395,1,0.17318761821103817,0.5292260717299813,10,medium,new
4272,9.9,65.4,0.53,0,0.03996093936705886,-0.5392700738379901,5,medium,long_tenure
4273,5.2,1.0,0.219,0,0.04350753217104608,-1.2572409281682342,5,low,new
4274,0.0,11.9,0.588,1,0.10885240524886465,0.35639920621775967,8,low,new
4275,19.2,1.0,0.796,0,0.03623293733433777,-0.8017100490568028,5,high,new
4276,19.7,13.1,0.735,2,0.17271705219727135,-0.7838053548119631,10,high,new
4277,8.4,85.5,0.654,1,-0.12495476220714266,1.5891034305586778,1,medium,long_tenure
4278,5.1,19.4,0.266,1,0.052842138385352844,-1.1427800554166652,5,low,established
4279,17.4,14.7,0.914,0,0.1380260623358035,-0.384106386626694,9,high,new
4280,12.9,41.1,0.553,4,-0.12020992503271534,-0.6358066059517633,1,high,established
4281,16.7,16.3,0.99,0,-0.043331585964278815,-0.5016115046286325,2,high,new
4282,7.5,59.4,0.732,0,0.02248524809692924,-0.4678456722504876,4,medium,long_tenure
4283,10.0,42.1,0.711,4,0.16068152560833082,0.8196634013127795,9,medium,established
4284,16.0,21.7,0.923,0,-0.07253181203261888,0.5517150247043145,1,high,established
4285,4.5,25.5,0.336,0,0.054868377425885954,2.345946834879312,6,low,established
4286,11.2,14.3,0.786,0,0.1149105414926116,-0.7214442525875757,8,medium,new
4287,5.9,17.8,0.372,2,0.009663350654543141,0.396166080284058,4,low,new
4288,19.2,27.0,0.99,0,0.13132589394902647,-0.47485896203774514,8,high,established
4289,7.3,18.0,0.403,1,0.2212051407511341,-1.0413596939800494,10,medium,new
4290,11.6,45.8,0.608,3,0.03235517441341467,0.48008117482607526,5,medium,established
4291,15.9,3.4,0.99,1,-0.008902480226960377,-0.7022253268040785,3,high,new
4292,16.4,33.2,0.928,0,0.1708881326190955,0.6148633000648489,9,high,established
4293,19.2,21.7,0.818,0,0.06533033802208925,0.46822744863260446,6,high,established
4294,11.3,19.4,0.67,4,0.06507220429414491,-0.4696099581757408,6,medium,established
4295,8.5,28.1,0.383,0,0.02771098148267469,2.282685219798704,4,medium,established
4296,6.2,54.2,0.672,0,0.01960895796559979,0.7862976417994476,4,medium,long_tenure
4297,6.2,62.4,0.696,0,0.1179632126812586,-2.19724741353398,8,medium,long_tenure
4298,8.1,25.2,0.536,6,0.03496013099881106,-0.22695539296975425,5,medium,established
4299,6.5,29.4,0.611,4,-0.03251605804034413,0.35449662542465377,2,medium,established
4300,5.4,42.3,0.766,3,0.13194987097704705,-0.7749300699282305,9,low,established
4301,9.3,68.2,0.571,0,-0.13192912584579602,-0.5866754809755089,1,medium,long_tenure
4302,10.1,17.5,0.735,1,0.2033898300912855,-0.7633983820886114,10,medium,new
4303,5.2,9.2,0.365,0,0.20506313567082438,0.5170190269696437,10,low,new
4304,9.0,65.2,0.838,0,-0.0142128088299632,0.8136462819863387,3,medium,long_tenure
4305,12.0,20.1,0.806,0,-0.025322390608900028,1.2624626434005863,3,medium,established
4306,14.7,7.9,0.857,0,0.0789640852395143,0.7723821938145545,7,high,new
4307,8.2,50.1,0.756,4,0.06344195711683585,0.8264853129617361,6,medium,long_tenure
4308,8.1,71.8,0.811,2,0.02279171634864934,-0.5136379848963905,4,medium,long_tenure
4309,0.6,14.5,0.52,0,0.04797989761088486,0.48257852067409995,5,low,new
4310,6.5,22.3,0.471,1,0.06065806396762387,-1.1692366040053637,6,medium,established
4311,7.8,28.3,0.599,1,0.06199602097556331,0.3172814854672017,6,medium,established
4312,7.4,18.0,0.43,1,-0.04077011293900012,-0.7352687399821191,2,medium,new
4313,16.7,31.1,0.806,0,0.1175461716800158,1.4347397748579693,8,high,established
4314,7.3,33.8,0.507,3,0.04570652078645513,-1.450560056837014,5,medium,established
4315,15.7,16.4,0.815,1,0.18423371916095294,1.3589202555421398,10,high,new
4316,9.0,39.1,0.448,3,0.09314663848682476,0.27805480956260586,7,medium,established
4317,5.8,31.9,0.252,0,-0.02205275063167473,0.2972588269974777,3,low,established
4318,4.0,22.7,0.618,1,0.07667182324096312,-1.0657111298120516,6,low,established
4319,2.8,26.8,0.374,1,0.04557697110580629,0.3223076098657629,5,low,established
4320,4.0,69.1,0.586,1,0.20961822766575647,-1.2453145263487666,10,low,long_tenure
4321,2.9,27.9,0.317,0,0.004548459185105606,0.30476185709885895,3,low,established
4322,11.3,21.7,0.74,1,-0.0794485866229372,-0.821006185664336,1,medium,established
4323,12.4,22.9,0.438,1,-0.027096074633561944,-1.0463063643221142,3,high,established
4324,13.9,12.5,0.768,0,-0.04649817918879279,1.062474505877454,2,high,new
4325,11.3,7.5,0.865,1,0.039785341549869215,0.8602095530717978,5,medium,new
4326,11.5,13.3,0.588,0,0.014262391358315273,0.6494450469448065,4,medium,new
4327,16.2,24.1,0.972,2,0.03276898696135938,0.558214053461243,5,high,established
4328,0.9,26.2,0.356,2,0.04635089460098401,0.434297515324737,5,low,established
4329,0.0,5.9,0.6,1,0.131457401540474,0.43747510388109057,8,low,new
4330,1.9,19.1,0.356,1,0.18183012200316873,-1.4005698590158269,10,low,established
4331,14.8,13.8,0.789,0,0.16074775892235568,-0.7957850411849872,9,high,new
4332,1.4,24.2,0.309,0,-0.028886024190128885,0.321475233249807,2,low,established
4333,17.9,3.0,0.815,0,0.015042388867346788,-1.0756521559273153,4,high,new
4334,5.8,45.8,0.511,0,0.04872463874037995,0.6891901176053403,5,low,established
4335,4.5,28.2,0.513,1,-0.017966178757619126,0.4468301753471535,3,low,established
4336,22.4,1.0,0.79,0,0.18491471035110144,-0.49484288705742807,10,high,new
4337,16.3,13.2,0.885,0,0.013357160751056224,-0.5067877077702916,4,high,new
4338,15.7,12.1,0.787,1,0.06885882702784085,-0.7362463426873449,6,high,new
4339,7.7,60.5,0.511,0,0.1022727069705263,-0.449854036870139,7,medium,long_tenure
4340,6.3,25.0,0.552,1,0.07988829443622086,-0.7306149914183759,7,medium,established
4341,17.5,35.2,0.99,1,-0.03564468180510953,-0.5149351189840616,2,high,established
4342,13.3,1.0,0.99,0,-0.06333827476039582,1.0772576468561754,2,high,new
4343,7.9,41.5,0.428,3,0.027442756344868327,0.41806661926845756,4,medium,established
4344,14.2,1.0,0.753,2,0.08191157612540814,-0.6034969249584109,7,high,new
4345,3.7,38.7,0.648,0,0.12473570881032782,0.6556685453668025,8,low,established
4346,9.4,1.0,0.402,0,0.07353410290184557,-0.6261649104219519,6,medium,new
4347,6.2,51.2,0.279,0,0.17919102741845108,-0.8645135681571321,10,medium,long_tenure
4348,4.3,17.3,0.549,1,0.2599176829273709,0.4576304191886485,10,low,new
4349,11.4,77.5,0.647,0,0.03820248419461107,-0.45943365312731144,5,medium,long_tenure
4350,5.0,35.0,0.493,0,-0.06010560918234483,2.214007839575668,2,low,established
4351,11.6,10.8,0.654,0,-0.035177778434589364,0.9203033305630303,2,medium,new
4352,20.5,11.7,0.864,1,0.18847074143318024,0.7556858521627889,10,high,new
4353,8.6,21.0,0.694,2,0.02303754907179696,-1.138641304921484,4,medium,established
4354,9.9,25.4,0.83,0,0.06728229764051663,0.8724483179088008,6,medium,established
4355,0.2,16.9,0.566,2,0.2743862732261789,2.2234211616177255,10,low,new
4356,12.0,21.2,0.445,0,-0.11549171311614236,-1.4229877316237984,1,medium,established
4357,0.2,28.4,0.418,1,0.14078818865178125,0.3106383747345569,9,low,established
4358,11.6,51.2,0.821,0,-0.024707711464625522,-0.47133620392848347,3,medium,long_tenure
4359,8.2,58.1,0.513,1,-0.08129240750770939,-0.8434472433918687,1,medium,long_tenure
4360,6.4,23.3,0.46,1,0.09487356135930307,0.45221810294945725,7,medium,established
4361,15.3,8.3,0.964,0,0.05582499347614844,1.0106866352627693,6,high,new
4362,10.4,25.1,0.6,2,0.04979828318677632,0.5429259502739959,5,medium,established
4363,9.9,49.4,0.562,1,0.1427463802193106,-0.9444519352887188,9,medium,long_tenure
4364,4.4,19.5,0.334,0,0.1023440629876015,-0.9209409479140321,7,low,established
4365,1.6,17.7,0.452,0,0.07212550159246754,-1.026961570505519,6,low,new
4366,17.0,13.9,0.889,0,-0.13016343218405763,-1.4308160025302015,1,high,new
4367,3.1,67.5,0.482,1,0.010849753436773054,-2.0269023773777324,4,low,long_tenure
4368,11.5,18.6,0.711,4,0.012424547298743567,0.8044222926252508,4,medium,established
4369,16.5,21.1,0.8,0,-0.05625859041159755,-0.551018685583974,2,high,established
4370,9.3,65.1,0.485,1,-0.2152942026267658,1.6075866922950741,1,medium,long_tenure
4371,8.9,1.0,0.834,0,0.12743203908969883,-0.8040275865580997,8,medium,new
4372,13.0,37.5,0.802,0,0.06063417354997258,0.7193633023034152,6,high,established
4373,6.6,79.5,0.612,0,0.035860362091159524,-0.5407171447176551,5,medium,long_tenure
4374,17.8,6.4,0.763,0,0.06852103033111152,-1.6937827854971712,6,high,new
4375,6.5,17.5,0.639,2,0.12948350750581467,0.431200524423314,8,medium,new
4376,22.9,18.7,0.99,1,-0.16296527998320584,-1.1072262501667698,1,high,established
4377,3.8,4.9,0.442,1,0.13561396789952068,0.45415044560107765,9,low,new
4378,13.3,32.4,0.741,0,0.13551429880755275,1.1273996761232117,9,high,established
4379,4.0,16.4,0.33,1,0.14911072729806926,0.33160226113220725,9,low,new
4380,13.4,35.5,0.924,0,0.1964057003735611,0.9502328135001054,10,high,established
4381,5.8,21.1,0.374,1,-0.07724782109588321,0.3771744886507549,1,low,established
4382,10.7,60.7,0.504,0,0.03396872158924762,0.8151043672530645,5,medium,long_tenure
4383,17.4,31.2,0.719,1,0.008618193865680837,-0.9637615971717742,4,high,established
4384,9.4,58.1,0.653,0,0.08761131550205249,0.8699310572832231,7,medium,long_tenure
4385,7.9,25.3,0.668,1,0.08720467731821928,-1.07502420275365,7,medium,established
4386,5.8,35.1,0.291,1,0.010172000704268429,0.6518218465608356,4,low,established
4387,5.1,55.3,0.73,1,0.15195505733110462,-0.7187440857395708,9,low,long_tenure
4388,17.9,1.0,0.838,1,0.17203519538574694,0.9171823196397115,9,high,new
4389,1.5,4.5,0.285,0,0.11652598830105433,-1.3220712129921115,8,low,new
4390,7.7,38.0,0.762,1,0.17313389979151947,0.7568183854722573,10,medium,established
4391,15.9,20.7,0.99,0,0.018433867214671273,0.7274314928522381,4,high,established
4392,4.1,34.7,0.475,1,-0.019729715689772467,-1.049677244131964,3,low,established
4393,3.2,58.7,0.68,0,0.0372503872274121,0.7366975344653128,5,low,long_tenure
4394,6.4,13.8,0.597,2,0.1751052434384275,-0.7237502271609267,10,medium,new
4395,7.9,33.8,0.624,0,0.005060585096419749,0.810202284798829,3,medium,established
4396,6.4,96.4,0.677,1,0.07549838753427267,-1.4524832218449042,6,medium,long_tenure
4397,19.0,22.3,0.974,0,0.08146706299708416,1.2491024706201932,7,high,established
4398,8.0,23.6,0.613,1,0.20981404340318105,0.6965189883968136,10,medium,established
4399,13.0,19.3,0.842,0,0.10236791946064651,-0.41923982259172177,7,high,established
4400,4.7,4.8,0.444,0,0.25521588971912174,2.002886484034336,10,low,new
4401,8.8,12.5,0.42,0,0.016860090363223782,0.4098376001937186,4,medium,new
4402,4.1,42.9,0.543,4,-0.08815317017952619,-0.486613905901736,1,low,established
4403,14.9,23.9,0.99,1,0.1202044235166826,0.5358600979576572,8,high,established
4404,18.3,6.8,0.99,2,-0.08784805050304334,-1.1761220650662674,1,high,new
4405,7.3,47.3,0.728,0,0.1301025218545663,-0.44372947875721047,8,medium,established
4406,12.4,24.8,0.69,2,0.03647887605512375,-0.9724053881420887,5,high,established
4407,2.9,18.2,0.569,0,0.18513787291352032,0.48120426949076933,10,low,established
4408,6.7,86.6,0.906,1,0.16600143152714902,-0.8145762254253837,9,medium,long_tenure
4409,6.6,19.7,0.245,1,0.18270152032185916,0.5133583449706461,10,medium,established
4410,16.3,1.7,0.966,0,0.0536242045557314,0.8532998176416309,5,high,new
4411,8.3,61.3,0.356,0,-0.07573295810373525,-0.5382206879815032,1,medium,long_tenure
4412,10.8,19.2,0.99,0,-0.07421933291491468,1.393110608808397,1,medium,established
4413,3.5,6.6,0.491,0,0.19644642053891112,-1.0231933102007837,10,low,new
4414,18.3,20.8,0.84,0,0.0390933631036776,0.3107109308644731,5,high,established
4415,13.9,30.5,0.606,2,0.1261244336815704,1.099629828522592,8,high,established
4416,6.4,23.7,0.428,0,0.07549847318479969,-0.8359319132051137,6,medium,established
4417,9.7,21.4,0.615,5,-0.06677482015800239,-0.45316601941523893,2,medium,established
4418,15.5,9.7,0.893,0,0.20467650157134085,-0.5233179437762542,10,high,new
4419,19.7,1.0,0.832,0,0.11774415834094716,-0.4215708925956401,8,high,new
4420,7.1,60.4,0.541,0,-0.1946631030769105,-0.5105525484210269,1,medium,long_tenure
4421,7.3,65.7,0.634,0,-0.030083438006833562,-1.6576080226028729,2,medium,long_tenure
4422,15.4,5.2,0.812,0,-0.09957532469517001,-1.4298063092719333,1,high,new
4423,9.2,54.3,0.679,2,0.04828010885420407,1.6238170827586675,5,medium,long_tenure
4424,18.1,25.5,0.891,0,0.07489459067356562,0.5564663811624884,6,high,established
4425,5.0,9.5,0.4,0,0.10218608991207133,0.5158678386553681,7,low,new
4426,10.3,40.7,0.659,1,-0.0497403136781171,1.4269761820793923,2,medium,established
4427,16.2,4.2,0.946,2,-0.09870905276136692,1.202535642172316,1,high,new
4428,17.5,34.9,0.99,1,0.023135250481555895,-1.235651758752287,4,high,established
4429,22.5,26.7,0.99,1,0.12215977005688053,0.41862022895887613,8,high,established
4430,14.6,35.5,0.801,1,0.10328585527442057,0.7825401811074514,8,high,established
4431,4.7,62.1,0.797,0,0.11809785705805367,-1.861759990015658,8,low,long_tenure
4432,5.0,19.5,0.278,1,0.18896125843477998,2.100185440872781,10,low,established
4433,5.5,7.0,0.433,0,0.25641809952596223,0.6194969897335685,10,low,new
4434,10.4,66.2,0.723,1,-0.022673755137073745,0.9482471071380798,3,medium,long_tenure
4435,7.5,28.6,0.75,4,0.13842500153442808,0.607893894963916,9,medium,established
4436,6.8,28.2,0.798,0,0.21425300311047177,0.7337644352142693,10,medium,established
4437,0.4,41.4,0.57,0,0.15950385705867812,-1.464234275562374,9,low,established
4438,12.3,14.5,0.885,1,0.24054380332503247,-0.8027472713265134,10,high,new
4439,14.9,32.0,0.964,0,0.21247229655359975,-0.659935232696903,10,high,established
4440,7.7,42.9,0.665,0,0.22228339964219596,0.7777560627288171,10,medium,established
4441,21.6,48.3,0.822,2,0.1462511051752891,-0.5995613554900697,9,high,long_tenure
4442,3.4,57.5,0.627,0,0.05406467357400246,-2.1483114146287896,5,low,long_tenure
4443,5.4,30.5,0.628,2,0.033561594633117524,2.0151746632559933,5,low,established
4444,2.5,32.4,0.501,1,0.09008603014677066,0.6576846263801912,7,low,established
4445,16.6,10.0,0.99,0,0.15791094653806115,-0.4551918760202114,9,high,new
4446,6.5,71.8,0.521,0,0.10029918745272093,0.684843839494039,7,medium,long_tenure
4447,10.8,72.5,0.598,1,-0.09332360161385925,1.37448000480782,1,medium,long_tenure
4448,10.8,53.4,0.686,0,0.045010413330533273,0.9132994646171035,5,medium,long_tenure
4449,8.7,22.6,0.672,2,0.09477250555240872,0.5860872662405068,7,medium,established
4450,19.9,16.5,0.887,1,0.028086208640975864,1.1781728470083972,4,high,new
4451,6.6,20.6,0.518,3,0.13661251509721165,-0.6071056281384701,9,medium,established
4452,8.3,38.7,0.517,1,0.12186061150883631,-0.7085112473290178,8,medium,established
4453,8.9,39.4,0.437,2,0.09669759964643372,0.4462173346874842,7,medium,established
4454,11.6,30.2,0.673,2,0.06896284119651766,0.4562559629816451,6,medium,established
4455,6.9,38.3,0.708,6,0.13052482257898979,0.8253857091132983,8,medium,established
4456,5.7,37.4,0.673,0,0.15737768584956988,-0.5973898364485887,9,low,established
4457,21.9,8.6,0.698,0,0.031715182191153955,0.6119470731556956,5,high,new
4458,6.1,34.5,0.56,2,0.016185510172948312,1.931600767946646,4,medium,established
4459,14.8,29.4,0.948,1,0.020810519951861183,1.0041911426810406,4,high,established
4460,0.0,24.4,0.335,1,-0.06829705445026749,0.2567451100380291,2,low,established
4461,5.7,79.5,0.741,0,0.0346412945966019,0.6054793534716694,5,low,long_tenure
4462,5.3,72.4,0.72,1,0.05232403192450212,0.8341914752036867,5,low,long_tenure
4463,6.2,56.1,0.655,0,0.1609116882945074,-0.5287432273227863,9,medium,long_tenure
4464,5.3,20.3,0.432,0,0.06043382313795482,0.86758196366672,6,low,established
4465,17.5,20.9,0.921,0,0.0975648708575505,-0.49791980756030196,7,high,established
4466,13.3,10.6,0.9,0,0.04043844053102948,-0.30167768395507066,5,high,new
4467,13.9,34.4,0.759,0,-0.026806998810681878,-0.6367417245844134,3,high,established
4468,11.9,17.7,0.543,3,0.08051279032949486,-1.2442621567588485,7,medium,new
4469,9.1,25.8,0.438,0,-0.010788669460939811,1.3969673590092886,3,medium,established
4470,19.4,24.8,0.99,0,0.06685323250856659,0.3409933052044541,6,high,established
4471,0.1,18.2,0.506,0,0.2395244569330475,0.38580718438928796,10,low,established
4472,19.2,9.5,0.99,0,0.13721835108792593,-0.6310229834308377,9,high,new
4473,14.0,30.1,0.435,5,-0.13263283405272763,-0.30731988545208055,1,high,established
4474,11.4,25.7,0.861,0,0.13667397759735375,-0.3727075207382947,9,medium,established
4475,10.9,56.0,0.868,0,0.04236202765038698,0.9777585306926507,5,medium,long_tenure
4476,9.6,18.2,0.508,4,-0.0043704196609812,-0.3381547731815644,3,medium,established
4477,8.1,44.8,0.506,3,0.02069687189646515,1.8648803871532325,4,medium,established
4478,16.3,20.8,0.87,0,-0.039219215042872235,-0.5741015661377733,2,high,established
4479,5.7,34.1,0.652,1,-0.005003085467279627,0.5485621867573922,3,low,established
4480,7.6,31.1,0.356,3,0.12831385857083305,0.2979094092684113,8,medium,established
4481,11.0,88.2,0.701,0,-0.2405795002968602,-0.3698453650397072,1,medium,long_tenure
4482,4.9,44.4,0.633,2,0.016393938361492125,1.8387426339824129,4,low,established
4483,2.7,13.3,0.218,0,0.2818308634579138,0.4499411038219166,10,low,new
4484,16.3,21.6,0.898,0,-0.033069477139618234,0.6836068133825266,2,high,established
4485,8.7,15.3,0.369,1,0.0798859947790203,0.5766838511954002,7,medium,new
4486,8.6,10.6,0.975,0,0.09040254811574332,-0.3240354529864052,7,medium,new
4487,2.9,5.0,0.621,1,0.22654297058864642,0.5904637043026578,10,low,new
4488,11.9,12.6,0.862,0,0.15078010818804713,-0.5092845363708479,9,medium,new
4489,12.3,22.5,0.862,0,0.1837101565140246,1.0423141008052486,10,high,established
4490,11.7,30.2,0.867,2,0.05966624955981978,0.9708241675899099,6,medium,established
4491,7.6,17.8,0.512,5,0.0132363146509537,1.505300902284172,4,medium,new
4492,0.0,3.7,0.282,0,0.12828464901484862,0.355731435311791,8,low,new
4493,4.1,47.3,0.582,2,0.027853767255796573,0.5111145738714138,4,low,established
4494,21.5,19.9,0.894,1,0.047410314008361445,-0.9423370710321308,5,high,established
4495,11.1,6.1,0.931,2,0.08788590390702894,0.8057778868630767,7,medium,new
4496,9.4,67.5,0.885,1,-0.06205492287522682,-0.5413318389866554,2,medium,long_tenure
4497,12.2,88.3,0.486,0,0.19262164090804973,-0.5970403306251633,10,high,long_tenure
4498,7.9,69.4,0.618,0,0.1067056528425181,-0.7217877400633886,8,medium,long_tenure
4499,9.7,1.0,0.294,2,0.056678431479380044,0.5961213290944181,6,medium,new
4500,2.7,53.8,0.467,0,0.07608518578984942,0.5062544809258163,6,low,long_tenure
4501,19.9,1.0,0.839,0,0.024453294607785964,0.3519275488501485,4,high,new
4502,11.3,59.5,0.511,0,-0.07071691641261776,-0.4928949935897362,1,medium,long_tenure
4503,8.9,17.4,0.671,0,0.1227883702776554,0.7172055562348862,8,medium,new
4504,4.0,53.1,0.641,1,0.1711412674952562,2.439998357562621,9,low,long_tenure
4505,13.3,19.4,0.762,1,0.17131757364684316,-1.4577814704261451,9,high,established
4506,1.7,37.1,0.509,0,0.2576135486564567,0.5064270885433508,10,low,established
4507,9.6,60.9,0.663,1,0.03180603552953201,-0.4782432875232765,5,medium,long_tenure
4508,17.3,29.8,0.716,0,0.039188583753484114,-0.5040597240875209,5,high,established
4509,4.7,11.9,0.455,1,0.017563060163435253,0.5806796626414168,4,low,new
4510,7.7,45.3,0.787,0,0.1466134613887064,-0.6477642481419337,9,medium,established
4511,12.7,29.3,0.663,3,0.1965968574567614,0.7942239282305876,10,high,established
4512,8.8,57.9,0.571,0,-0.08683826500184956,1.4011747542592339,1,medium,long_tenure
4513,3.0,14.9,0.46,0,0.3217712063226573,0.43955696333433797,10,low,new
4514,16.4,1.7,0.762,0,0.11183418759377074,0.6119798703033097,8,high,new
4515,21.5,22.2,0.915,0,0.097944609615151,-1.6888317113433673,7,high,established
4516,9.7,69.1,0.604,1,-0.16052518988661896,0.855196943265155,1,medium,long_tenure
4517,6.9,49.2,0.526,2,-0.010455972162198145,-1.051997685739214,3,medium,long_tenure
4518,15.9,4.9,0.969,0,0.15666114137672135,0.6468272964178224,9,high,new
4519,5.8,23.6,0.212,1,0.07079019559056927,0.5026039415251359,6,low,established
4520,14.9,4.4,0.77,0,0.010911607885677339,0.7486335233511905,4,high,new
4521,14.6,18.1,0.783,0,0.012175794431676368,-0.3461294472237594,4,high,established
4522,8.0,79.6,0.584,0,-0.16840712581609982,1.6182313858328137,1,medium,long_tenure
4523,8.6,21.3,0.573,2,-0.062004134271915444,0.4944063142363584,2,medium,established
4524,6.6,7.4,0.513,2,0.013649041715931558,0.503385684563138,4,medium,new
4525,3.4,26.7,0.442,3,0.020237189341969126,-0.35331883887487286,4,low,established
4526,11.3,28.9,0.596,1,0.12287230959048323,-1.1579283935133784,8,medium,established
4527,4.5,20.2,0.429,1,-0.062378949956723384,-0.9640236603800697,2,low,established
4528,9.9,36.7,0.741,0,0.054611888843430094,-0.7728791881844593,6,medium,established
4529,16.7,24.3,0.7,0,0.011779776755280587,-0.6337503525958829,4,high,established
4530,3.3,31.4,0.675,2,0.01257797562455383,1.8238471183429554,4,low,established
4531,0.0,21.3,0.374,1,0.06232906704971754,-2.04036962919737,6,low,established
4532,8.6,86.8,0.695,1,0.028436112621256584,-0.6973816357009559,4,medium,long_tenure
4533,6.7,45.4,0.646,2,0.16531106897628337,-0.9790212350517697,9,medium,established
4534,3.6,72.0,0.721,0,0.049452729140981484,0.6047920516773406,5,low,long_tenure
4535,5.8,63.6,0.814,0,0.10676532198755219,0.9392872824836765,8,low,long_tenure
4536,18.5,3.9,0.749,0,0.0319384383765317,-0.6654719325756523,5,high,new
4537,10.0,44.5,0.701,3,0.029037972881116366,1.4515108750251118,4,medium,established
4538,6.6,23.7,0.423,0,0.08365364948906849,-0.9192852758060425,7,medium,established
4539,17.2,9.1,0.849,0,0.07922707936431017,-0.32500783496203384,7,high,new
4540,5.5,59.1,0.864,1,-0.057627449806024876,0.826872328615608,2,low,long_tenure
4541,18.1,4.4,0.977,0,0.03962010249786723,-1.3876230508845206,5,high,new
4542,17.6,28.7,0.854,0,0.14739583630882647,0.36713840822029203,9,high,established
4543,4.2,30.2,0.535,1,0.159656340534573,0.4406689149285119,9,low,established
4544,8.2,64.2,0.635,0,-0.015596388937355519,-0.5737428850734315,3,medium,long_tenure
4545,10.1,61.5,0.592,0,0.021188511923664614,-0.5997940040237412,4,medium,long_tenure
4546,14.0,7.8,0.833,0,0.031783888330733374,-0.4752472297872216,5,high,new
4547,7.4,1.0,0.464,0,0.040898512942127395,0.4364232888981004,5,medium,new
4548,17.5,1.0,0.832,0,0.13500078752830866,0.5619233631407964,9,high,new
4549,4.5,13.1,0.447,0,0.14233871041955248,2.5266451065832487,9,low,new
4550,20.1,5.3,0.99,0,-0.037771566941922415,-1.4944984751648682,2,high,new
4551,12.5,19.5,0.912,0,0.021741629888846696,1.0770815041587065,4,high,established
4552,7.8,40.7,0.807,2,0.18090222057694932,0.9433364912240093,10,medium,established
4553,14.2,14.5,0.901,0,0.08205455174901237,0.8664999694093045,7,high,new
4554,10.0,47.9,0.738,1,-0.03671224891785309,1.463151490800307,2,medium,established
4555,19.2,6.6,0.99,1,-0.03907364760695491,-1.694179515613198,2,high,new
4556,1.8,20.4,0.598,2,-0.10617822480997462,-0.8495363107808543,1,low,established
4557,13.4,21.4,0.647,1,0.16595894677894868,-0.724889494543772,9,high,established
4558,2.7,35.1,0.236,0,0.076909385569156,-0.9092389896622498,6,low,established
4559,17.0,17.3,0.929,0,0.13478147352707792,-0.27729987208817863,9,high,new
4560,9.0,32.6,0.578,0,-0.09062661279220764,-0.630934681338151,1,medium,established
4561,4.6,2.1,0.442,0,0.12693387885143848,0.6032542663321276,8,low,new
4562,13.9,5.2,0.856,1,0.07359644700705592,0.7096095465310628,6,high,new
4563,18.9,29.2,0.84,1,0.1289776803795811,-1.4899472255744401,8,high,established
4564,2.2,1.0,0.309,0,0.18924591588784093,-0.9801537240350038,10,low,new
4565,11.2,32.1,0.911,0,0.16466356541944877,1.3185378489224742,9,medium,established
4566,6.0,37.0,0.693,0,0.15756242757036423,0.6196687183114868,9,low,established
4567,8.4,13.0,0.376,0,0.10776462025373909,0.6865074667908306,8,medium,new
4568,19.4,6.0,0.864,1,0.16808939254089614,0.3981350466853844,9,high,new
4569,3.6,53.8,0.513,1,-0.06390703472939516,-0.72243248878752,2,low,long_tenure
4570,11.2,47.9,0.481,2,0.03892417124458643,0.5369693184107285,5,medium,established
4571,2.6,60.6,0.614,1,0.10525789376489388,0.5876877637428035,8,low,long_tenure
4572,4.4,23.6,0.468,0,-0.11188231484922251,-0.885247598875339,1,low,established
4573,12.7,8.2,0.99,1,-0.055817192389708135,0.7581663187922103,2,high,new
4574,10.4,63.6,0.509,0,0.06428161120043012,1.4526767014455535,6,medium,long_tenure
4575,6.0,13.9,0.427,0,0.10428465284234481,0.5782665215043921,8,low,new
4576,18.6,15.1,0.99,1,-0.10886884868824363,-1.0886237737663396,1,high,new
4577,3.7,43.7,0.3,0,0.002083845779500631,0.378438430160319,3,low,established
4578,15.5,14.9,0.99,0,0.049070727995275246,0.9123636191702746,5,high,new
4579,4.0,49.4,0.592,0,0.20563457301935684,2.443999022674755,10,low,long_tenure
4580,13.2,1.0,0.978,1,0.23497213606935408,0.6788594814631119,10,high,new
4581,11.6,32.5,0.566,2,-0.04478634631809875,-1.1270725834750126,2,medium,established
4582,5.5,12.9,0.48,0,0.09367450792392985,-0.9644433990817215,7,low,new
4583,4.8,25.0,0.607,2,0.18684806915143826,-1.0500740847917285,10,low,established
4584,7.9,2.6,0.417,1,0.08241169670601094,0.40100861438412516,7,medium,new
4585,5.5,39.3,0.7,4,0.05358383685106928,1.4830650833547234,5,low,established
4586,6.4,9.3,0.46,1,0.21878761312507872,0.5540179313437196,10,medium,new
4587,4.8,62.6,0.554,0,0.17225698902385145,0.7005281152763405,9,low,long_tenure
4588,8.5,17.9,0.414,1,0.14433040221863166,0.8505722119247077,9,medium,new
4589,10.5,51.6,0.567,3,-0.12297072246758556,-1.3243342478694236,1,medium,long_tenure
4590,7.1,24.1,0.275,1,0.0942424338612695,0.7393541084172346,7,medium,established
4591,14.1,39.3,0.95,1,0.24425021087390836,0.7430087354767195,10,high,established
4592,13.9,68.7,0.712,0,-0.1092701422333778,-0.4618729332249538,1,high,long_tenure
4593,9.9,39.1,0.519,1,0.045497397491341386,-1.018453856617828,5,medium,established
4594,17.2,13.5,0.99,0,0.04002456382015942,0.5825402797241164,5,high,new
4595,19.2,20.1,0.99,0,-0.06516618078158994,-0.5325972929788596,2,high,established
4596,3.7,36.6,0.364,1,0.1996702209653967,-1.2586224169910423,10,low,established
4597,4.6,72.9,0.597,0,-0.01840000249966104,-0.6783366417580472,3,low,long_tenure
4598,18.1,22.4,0.99,0,-0.09855095107658732,0.4440972306146946,1,high,established
4599,5.5,58.1,0.683,0,0.021437118156901497,-0.6356531233398556,4,low,long_tenure
4600,11.5,60.1,0.638,0,-0.04449101788161798,1.0847745823735413,2,medium,long_tenure
4601,11.8,44.7,0.494,3,0.02698195856338425,-0.4567814818097052,4,medium,established
4602,5.1,38.2,0.372,1,0.07734861068013478,-1.1059412024431918,6,low,established
4603,5.0,14.9,0.494,2,0.033438309562626424,0.4411549134504408,5,low,new
4604,11.7,22.1,0.375,2,-0.004721656408863208,-0.44456470003076454,3,medium,established
4605,9.7,20.2,0.333,3,0.07252774109432324,-1.5757786924911545,6,medium,established
4606,6.9,72.0,0.716,0,0.03552451534343132,-0.6004784285870619,5,medium,long_tenure
4607,0.4,10.8,0.371,0,0.04280321580339972,0.3968738216698603,5,low,new
4608,18.6,25.8,0.952,1,0.03536025482587468,-0.32462885675847175,5,high,established
4609,17.0,22.5,0.99,0,-0.0330888528852602,-0.41170711905759283,2,high,established
4610,11.9,15.5,0.319,0,0.14639564492022658,-0.929394802264057,9,medium,new
4611,4.2,40.8,0.246,1,0.016992831830623473,-1.4071564625210928,4,low,established
4612,8.8,44.5,0.61,1,-0.06851877912342763,-1.8793606344212836,2,medium,established
4613,9.9,50.9,0.515,1,-0.020645818951670145,-1.18243433154458,3,medium,long_tenure
4614,9.8,65.8,0.637,0,-0.028813821139309716,-0.500840406989966,2,medium,long_tenure
4615,5.4,37.1,0.699,2,0.2007199558285222,0.8119568144591681,10,low,established
4616,15.8,35.1,0.936,2,0.027664797351139116,-0.9282297075117198,4,high,established
4617,18.2,27.7,0.905,0,0.10606798158163205,0.452544518400908,8,high,established
4618,8.1,25.9,0.706,4,0.1152050020284397,1.4556012439585402,8,medium,established
4619,10.1,50.4,0.714,1,0.010619904326404762,-0.5902732273685337,4,medium,long_tenure
4620,8.3,43.2,0.62,1,0.04741745541698262,0.7342976748888901,5,medium,established
4621,17.1,45.0,0.97,0,0.05289107155483985,-0.48172177173164077,5,high,established
4622,7.6,10.9,0.26,1,0.23414014199327104,-1.1275880808996375,10,medium,new
4623,8.4,15.8,0.707,4,0.09623639111007067,-0.6153096113967192,7,medium,new
4624,0.6,25.2,0.432,0,0.07178686645730142,0.560098073772023,6,low,established
4625,15.3,1.0,0.768,0,-0.04816545522929848,0.8475315983096933,2,high,new
4626,6.8,19.2,0.544,3,0.11549359047859499,-0.30945587906619054,8,medium,established
4627,0.0,33.9,0.544,1,-0.08994109927494533,0.6781426580090991,1,low,established
4628,7.7,67.6,0.556,0,0.05247140476932071,0.8373132619816672,5,medium,long_tenure
4629,16.5,11.4,0.945,1,0.10122892077172195,0.6106062039987294,7,high,new
4630,18.8,16.2,0.99,0,0.05156885547340083,0.7755918786230942,5,high,new
4631,12.9,10.7,0.903,1,0.03694583990996867,1.272268160149814,5,high,new
4632,8.2,61.3,0.545,0,-0.022752038080746214,-0.5288550718290637,3,medium,long_tenure
4633,11.0,52.9,0.633,1,0.0066769559489832766,0.6409142798110892,4,medium,long_tenure
4634,14.4,9.0,0.745,1,0.007281792756863135,1.131206842961775,4,high,new
4635,10.4,23.7,0.536,1,-0.031279617032846166,-0.7789166712411363,2,medium,established
4636,20.3,7.3,0.778,2,-0.06324236043997032,-0.8581257772391848,2,high,new
4637,3.0,74.5,0.635,2,0.07868070790551517,0.6724711973902855,7,low,long_tenure
4638,9.7,40.2,0.45,5,0.12128608595555847,0.4450127179048414,8,medium,established
4639,19.1,4.8,0.909,0,0.075708545753437,0.535894584735358,6,high,new
4640,15.1,1.7,0.99,1,-0.021576821630269406,-0.8251977457403856,3,high,new
4641,19.7,14.1,0.99,0,0.14939048913672337,0.3920935533829703,9,high,new
4642,17.7,41.9,0.763,1,0.06148299680165382,-1.319477066595215,6,high,established
4643,12.8,49.7,0.567,1,-0.04273630910527132,0.716349509023283,2,high,long_tenure
4644,17.6,14.1,0.99,0,0.09939069865999194,-0.6503026346917219,7,high,new
4645,21.0,17.1,0.977,0,0.126514553724223,-0.43382785235001725,8,high,new
4646,5.3,20.7,0.362,1,0.16291369381540258,1.7952885192049763,9,low,established
4647,0.8,16.5,0.376,1,0.00464909545809119,-0.6341416473062329,3,low,new
4648,14.3,29.9,0.909,0,0.03369546941910818,0.8435558594903427,5,high,established
4649,10.7,67.5,0.438,1,-0.05302669059898264,1.3748316342145341,2,medium,long_tenure
4650,10.7,72.1,0.698,0,0.08933795307213607,0.8218425086400745,7,medium,long_tenure
4651,3.7,29.1,0.549,1,-0.13234331788372605,0.38709359870097315,1,low,established
4652,9.4,32.7,0.387,1,-0.00687953641683092,1.861703412410997,3,medium,established
4653,15.0,35.0,0.744,0,0.11504924373267665,-0.5546488085029786,8,high,established
4654,17.2,32.0,0.99,0,0.14425325917951312,1.2743114793842505,9,high,established
4655,9.2,89.9,0.664,0,-0.0028889654607213108,0.7839100796158394,3,medium,long_tenure
4656,0.9,36.6,0.508,3,0.07077214601172324,-1.2291487237806398,6,low,established
4657,4.2,14.0,0.285,1,0.17684133347837996,-0.9494058148324143,10,low,new
4658,22.4,26.2,0.755,1,0.13380686806108966,1.5048349726553625,9,high,established
4659,6.5,39.5,0.636,3,0.0005227951469423508,0.38100763423348005,3,medium,established
4660,17.7,39.0,0.99,0,-0.048837311567503254,-1.686061810593633,2,high,established
4661,5.9,19.4,0.466,3,0.09454257845479551,0.34464086631896107,7,low,established
4662,2.0,28.7,0.419,1,0.0668360284576221,0.39412825609924285,6,low,established
4663,4.2,53.8,0.465,0,-0.07385393302258461,-0.658911832569696,1,low,long_tenure
4664,18.5,22.2,0.823,0,-0.01235879242569173,1.4266511568160472,3,high,established
4665,6.6,28.4,0.562,3,0.1185965510517413,0.20313656166043975,8,medium,established
4666,11.4,67.8,0.694,0,0.07935647300081089,0.886517197226878,7,medium,long_tenure
4667,3.1,5.1,0.198,1,0.18409342191837266,0.296210651404628,10,low,new
4668,8.3,71.5,0.785,0,-0.22839686021707284,0.8436108828711699,1,medium,long_tenure
4669,5.6,24.5,0.411,3,0.0689204231537357,-0.7003204303920829,6,low,established
4670,11.6,17.8,0.99,0,-0.1491031885118534,-1.2534939574794368,1,medium,new
4671,16.5,39.4,0.977,0,-0.11061734730091677,-0.6174438887504585,1,high,established
4672,8.9,57.4,0.734,0,-0.052795816892507015,0.8001993433865827,2,medium,long_tenure
4673,19.1,20.1,0.99,0,-0.1286146206266061,-0.5359395636188196,1,high,established
4674,13.4,17.2,0.814,1,0.07267722828854348,0.778449577087038,6,high,new
4675,6.8,33.4,0.605,3,0.0512899189915167,-0.4706322263186616,5,medium,established
4676,17.8,42.7,0.791,1,0.060108538247420275,-0.7591376254352685,6,high,established
4677,19.8,16.8,0.889,0,0.12907494167145822,-0.6864208178529803,8,high,new
4678,14.4,9.2,0.979,1,0.043933055677816295,0.5027607381843342,5,high,new
4679,12.7,38.5,0.99,0,-0.01026152572419293,0.7784685760407024,3,high,established
4680,3.6,18.3,0.388,2,0.08996873905770007,0.41351317350759154,7,low,established
4681,1.8,2.7,0.297,1,0.01867200342069079,0.46588821366275607,4,low,new
4682,17.1,7.1,0.908,0,0.13625119565045476,1.3449210540890484,9,high,new
4683,1.6,7.0,0.336,0,0.0739505318224024,-1.0059333681260032,6,low,new
4684,7.1,1.0,0.366,1,0.2804145887322132,-0.7470942877123208,10,medium,new
4685,5.1,17.6,0.504,1,0.03119901710330611,-1.1037820800027367,5,low,new
4686,10.7,61.2,0.693,0,0.02680212231348227,-0.43147877142762564,4,medium,long_tenure
4687,9.5,30.2,0.99,0,-0.012613738912226394,0.926248526929461,3,medium,established
4688,3.3,69.6,0.603,0,0.06513292663249469,-0.5864000897590709,6,low,long_tenure
4689,8.0,29.0,0.541,0,0.02194495061059028,0.590913164784145,4,medium,established
4690,2.6,11.3,0.432,0,0.3319020795131561,0.5245903090862463,10,low,new
4691,4.0,72.6,0.609,1,0.08630439618801507,0.6247235759904171,7,low,long_tenure
4692,15.5,32.7,0.779,1,0.18348693877534106,0.8953274250537369,10,high,established
4693,5.2,26.7,0.2,1,0.020279113862410946,-1.0457365962202814,4,low,established
4694,4.1,27.1,0.258,1,-0.01035099910260689,-1.0847459850885464,3,low,established
4695,9.3,46.8,0.664,1,0.16323597291846872,0.8957454467515686,9,medium,established
4696,9.9,43.7,0.49,2,0.09607279696930775,-0.6347768627605463,7,medium,established
4697,8.8,83.4,0.459,0,0.10652906495363416,0.8451561632664688,8,medium,long_tenure
4698,11.6,65.9,0.594,1,0.12032555883260213,-0.5685437969015272,8,medium,long_tenure
4699,9.0,23.9,0.621,0,0.08055435242867813,0.8661141966795289,7,medium,established
4700,4.4,20.1,0.476,0,0.18638873673193382,0.3610878659606146,10,low,established
4701,6.7,17.0,0.427,0,0.06307448216333132,-0.9755462694252474,6,medium,new
4702,9.5,57.7,0.633,0,-0.047643687234450866,0.9757488974286602,2,medium,long_tenure
4703,5.6,69.8,0.581,0,-0.08221734087074453,-0.6654136494798023,1,low,long_tenure
4704,7.8,65.4,0.71,0,-0.05206624119076903,-0.5754287819545513,2,medium,long_tenure
4705,17.2,28.0,0.881,0,0.08757477826662487,-0.2965434192681538,7,high,established
4706,14.4,20.5,0.892,0,0.07403607229079669,-1.489825577888295,6,high,established
4707,14.5,5.6,0.99,0,0.2312568696326035,-0.5790386672025696,10,high,new
4708,4.2,56.0,0.727,1,-0.07689136550321,-0.6258037678680644,1,low,long_tenure
4709,8.2,9.2,0.88,0,0.2428765251904501,1.076613297997044,10,medium,new
4710,7.0,59.8,0.604,0,-0.028928027878940554,-0.4635576840759367,2,medium,long_tenure
4711,4.8,43.5,0.393,0,-0.07371783334988227,-0.9332647466285384,1,low,established
4712,13.0,39.5,0.678,2,0.12456016348995308,1.1518758857856455,8,high,established
4713,12.7,41.0,0.711,2,0.06855470505934719,0.8188445683802759,6,high,established
4714,1.7,23.4,0.355,0,-0.04513019030387035,0.3600824745016573,2,low,established
4715,11.5,14.7,0.684,6,0.07452958594507131,0.7396473067693604,6,medium,new
4716,17.1,18.6,0.905,2,0.19134514024760477,-0.668776644857614,10,high,established
4717,13.9,52.5,0.793,1,0.04478027036362887,1.0695266084322994,5,high,long_tenure
4718,10.5,50.6,0.648,2,-0.02614266709625105,0.5759269985660664,3,medium,long_tenure
4719,4.1,42.7,0.74,1,0.1428462579741422,-0.7209545774670377,9,low,established
4720,18.8,20.6,0.835,0,0.007234070087805041,1.4635267819617412,4,high,established
4721,12.6,51.5,0.499,0,-0.3027094543315858,0.8762400892762441,1,high,long_tenure
4722,4.2,30.9,0.606,2,0.059891325922216285,0.5230932459953384,6,low,established
4723,17.7,24.0,0.689,1,0.12343139473948646,1.0218415735137376,8,high,established
4724,11.3,43.3,0.539,4,-0.06311218386770173,0.38771125571735676,2,medium,established
4725,15.4,15.3,0.769,1,0.11882639265675264,-0.9286739633621147,8,high,new
4726,1.5,71.1,0.548,2,0.07311461353647891,-1.8057684006358015,6,low,long_tenure
4727,3.7,14.1,0.496,2,0.3232596313762099,0.6865225042121572,10,low,new
4728,14.4,18.9,0.958,1,-0.0013449575668246121,0.6578584456397035,3,high,established
4729,13.1,43.0,0.572,1,-0.10723079327444303,1.4003854385206922,1,high,established
4730,7.8,66.0,0.675,1,0.12799378072723247,1.604197096483049,8,medium,long_tenure
4731,6.9,55.6,0.581,0,0.13053969815704963,-0.46504142435207396,8,medium,long_tenure
4732,2.9,18.7,0.697,0,0.09117562569978026,1.888699683037169,7,low,established
4733,8.9,74.2,0.673,0,0.06744954915035166,0.8501340979628299,6,medium,long_tenure
4734,16.2,2.9,0.835,0,0.04736469320009638,0.8747426472075602,5,high,new
4735,2.4,10.7,0.526,2,0.16628922252343253,0.33831612186676374,9,low,new
4736,5.2,29.2,0.566,0,-0.07230292948331335,-0.735287982903091,1,low,established
4737,7.5,25.7,0.505,0,-0.059378958834535624,-1.0524558105597497,2,medium,established
4738,9.0,1.0,0.744,1,0.02706619868508229,0.7831880224775258,4,medium,new
4739,17.8,32.2,0.766,0,0.050122456978478065,1.3072443065062413,5,high,established
4740,10.5,17.8,0.516,0,-0.013888363383749491,0.6505935693525998,3,medium,new
4741,16.5,13.6,0.894,0,-0.008558413824115773,-0.42374945406515335,3,high,new
4742,14.8,8.6,0.721,1,0.024859325013496414,1.052402547889915,4,high,new
4743,4.3,18.4,0.384,1,0.10259618693628884,0.4220092208956331,7,low,established
4744,18.2,5.4,0.877,0,0.12790908580909408,0.7195339927492849,8,high,new
4745,14.3,24.6,0.936,0,-0.03251322080313625,0.996890145051244,2,high,established
4746,18.3,17.3,0.967,0,-0.059119733757326265,-0.46169393017583005,2,high,new
4747,4.0,73.8,0.684,0,0.24986410158687378,2.131406705635746,10,low,long_tenure
4748,9.5,23.7,0.787,1,0.04058532703910144,0.9271221959709458,5,medium,established
4749,4.6,47.6,0.55,1,0.03519758157225012,0.4348620176730313,5,low,established
4750,18.7,1.0,0.924,0,0.16237653343116,-1.2292867629145243,9,high,new
4751,13.5,1.0,0.793,0,0.09872500743519608,0.6552456454620323,7,high,new
4752,6.8,52.0,0.516,3,-0.020645877802577286,0.3382937078533317,3,medium,long_tenure
4753,4.2,67.7,0.483,0,0.11161165273611684,2.4452414981190547,8,low,long_tenure
4754,6.5,66.1,0.657,0,-6.814341869094928e-05,0.9020934386649294,3,medium,long_tenure
4755,5.2,27.2,0.466,1,0.15044545882866628,0.4013503357830505,9,low,established
4756,4.1,37.9,0.688,1,0.1450783312997545,1.6462327258373406,9,low,established
4757,6.8,65.6,0.669,3,0.09677977818350492,-1.4967434835446487,7,medium,long_tenure
4758,6.1,10.4,0.546,1,0.10237884503967397,1.9657678644992493,7,medium,new
4759,15.7,25.8,0.99,0,0.013348726267868883,0.6832845348679681,4,high,established
4760,4.7,29.9,0.317,0,0.12975531790464037,0.7914814728644365,8,low,established
4761,3.9,79.1,0.583,1,0.034023932606461506,2.4727072277868416,5,low,long_tenure
4762,7.7,83.2,0.639,0,-0.15511020921103624,2.264385246291848,1,medium,long_tenure
4763,4.6,26.0,0.352,0,0.13893889811191718,0.5592051744042695,9,low,established
4764,7.6,47.3,0.613,0,-0.02281774953018517,0.8122378943724406,3,medium,established
4765,8.4,83.3,0.673,1,0.08131152102784793,-2.0004964122954063,7,medium,long_tenure
4766,15.2,3.8,0.886,1,-0.016467188537997737,1.3950227227862135,3,high,new
4767,7.8,35.1,0.59,1,0.13672925989435186,0.3889287190907399,9,medium,established
4768,6.2,27.9,0.486,3,0.006166094265228011,0.23600026891487716,4,medium,established
4769,18.6,10.8,0.956,2,-0.030159714764419844,0.5300776324936951,2,high,new
4770,5.7,40.2,0.638,3,0.04243016706940834,0.34115339132826616,5,low,established
4771,9.4,33.9,0.506,2,0.04441402518161549,-0.5151390491177481,5,medium,established
4772,12.9,68.2,0.498,1,-0.17382439305999856,-0.7624724219767159,1,high,long_tenure
4773,19.0,6.2,0.99,1,0.011969051800104118,-0.904625995602834,4,high,new
4774,9.4,59.9,0.832,0,-0.24584367506848126,1.1412568468311377,1,medium,long_tenure
4775,16.7,6.8,0.926,0,0.024937282979775835,1.0642265605745518,4,high,new
4776,15.7,13.6,0.86,0,-0.037951843108630194,1.2798953407121145,2,high,new
4777,5.6,60.6,0.755,0,-0.022949426662691987,-1.829851240926415,3,low,long_tenure
4778,15.3,38.1,0.952,0,0.08089328448410293,0.5764846013217785,7,high,established
4779,17.6,12.9,0.877,0,0.04513205802483373,-0.35429088709809703,5,high,new
4780,10.1,5.5,0.696,2,0.17907695288324066,0.8362152564467333,10,medium,new
4781,10.1,78.7,0.551,0,0.1913878434165345,1.348043696890899,10,medium,long_tenure
4782,7.8,27.4,0.354,0,0.03380329846782503,0.4354815917168586,5,medium,established
4783,4.1,20.4,0.47,1,-0.06383728582940791,0.294621284635707,2,low,established
4784,9.5,25.8,0.603,2,-0.02875627825058826,0.41948155346816474,2,medium,established
4785,0.0,10.6,0.5,2,0.06658463795161101,0.29723181573644214,6,low,new
4786,10.6,45.3,0.561,0,-0.05167836137716673,0.8064345036744587,2,medium,established
4787,6.9,62.6,0.469,1,-0.014830847632018553,-1.7775164886782688,3,medium,long_tenure
4788,6.3,1.1,0.434,0,0.09297215792062101,0.4884532704768669,7,medium,new
4789,14.9,19.9,0.99,1,-0.10173248983650046,1.049046554773366,1,high,established
4790,7.8,45.5,0.524,3,0.11646501971556873,0.35938954884438773,8,medium,established
4791,7.4,63.9,0.561,2,0.06669765792842726,-0.9308824669417903,6,medium,long_tenure
4792,12.6,5.2,0.653,0,-0.0010613756845512295,-0.4106289946716438,3,high,new
4793,9.3,4.1,0.911,0,0.05532363566183832,1.249335388425016,6,medium,new
4794,7.6,11.0,0.494,1,0.1937846569918779,-0.8082471227445743,10,medium,new
4795,9.5,80.3,0.704,0,0.09335102128355459,-0.7664619555912899,7,medium,long_tenure
4796,13.5,15.1,0.786,0,-0.0070856338580602,0.8802147023732535,3,high,new
4797,17.2,1.0,0.899,0,0.09031150480660519,1.429477265518356,7,high,new
4798,10.2,66.6,0.664,1,-0.06645605971903779,0.9486512122838742,2,medium,long_tenure
4799,2.6,23.7,0.436,0,0.08968611393370766,-1.4682224929958638,7,low,established
4800,5.6,16.6,0.31,1,0.07024427797887342,2.4044998874987287,6,low,new
4801,10.7,49.8,0.649,0,0.28553051629255566,0.9271464658209774,10,medium,long_tenure
4802,12.1,3.2,0.81,1,0.006048968365765903,1.2129859781106824,4,high,new
4803,17.4,29.0,0.694,0,0.10866866670605198,1.2466634763830577,8,high,established
4804,9.0,65.0,0.715,0,0.009614426010756252,-0.4277412483698023,4,medium,long_tenure
4805,9.6,27.7,0.445,3,-0.0696036539237502,-0.27039648906316877,2,medium,established
4806,6.0,24.9,0.495,1,0.1655511373049411,-0.7836003260443336,9,low,established
4807,6.9,65.9,0.581,0,0.08738030881841458,0.7401417747994035,7,medium,long_tenure
4808,8.2,25.4,0.659,0,0.03491701670309024,1.6177177747204996,5,medium,established
4809,13.5,59.5,0.752,0,0.04689193892321901,1.2906036300081833,5,high,long_tenure
4810,8.0,45.0,0.783,7,0.05498476329380203,-0.39454602864366606,6,medium,established
4811,9.6,79.0,0.73,0,-0.02471040001977857,0.9262589342895796,3,medium,long_tenure
4812,8.4,16.3,0.632,1,0.10244330194098779,-0.9249520250318031,7,medium,new
4813,10.9,59.5,0.488,0,-0.07966079437006474,1.6632708047754985,1,medium,long_tenure
4814,7.6,32.1,0.418,2,0.03829474173181448,0.3280480159520083,5,medium,established
4815,7.9,84.6,0.484,0,-0.18508984982543306,2.529034832202549,1,medium,long_tenure
4816,14.9,37.4,0.81,2,0.12019281301797718,0.6895224156535181,8,high,established
4817,14.8,6.5,0.99,2,-0.11058283846070358,-1.0286626598054214,1,high,new
4818,3.3,77.3,0.527,0,-0.033205507795483986,-0.763362564301395,2,low,long_tenure
4819,9.3,31.7,0.332,5,0.04425297734431259,-0.6467675092376842,5,medium,established
4820,9.2,43.5,0.679,2,0.09752949764876544,0.55935064644819,7,medium,established
4821,6.8,40.5,0.516,0,0.09296335767326361,2.0275245726164086,7,medium,established
4822,11.0,1.0,0.984,2,0.16005981989111262,-1.0431044486656258,9,medium,new
4823,9.6,37.6,0.461,2,-0.0026111390222884967,0.39880232445886554,3,medium,established
4824,9.9,43.1,0.543,2,-0.03607420836336306,1.832709222833027,2,medium,established
4825,9.1,61.8,0.772,0,-0.027673093176392247,0.9384332588593713,2,medium,long_tenure
4826,5.3,59.0,0.495,0,0.11356813532351297,-0.7313181661372847,8,low,long_tenure
4827,17.1,1.0,0.881,0,0.10889469516885657,-0.420541346179535,8,high,new
4828,7.5,70.2,0.672,0,0.11791934050811885,-1.6311140770667358,8,medium,long_tenure
4829,6.8,24.5,0.351,2,0.07479215404146822,0.4110858482202065,6,medium,established
4830,1.9,10.9,0.457,0,0.2759098089183193,-1.5576246647733845,10,low,new
4831,12.1,27.1,0.592,2,-0.023749030017800002,0.7601346746505787,3,high,established
4832,20.1,17.9,0.959,0,0.04649069727866877,-0.34062470214149515,5,high,new
4833,9.3,24.3,0.793,2,-0.02920623789068029,0.9761967551711237,2,medium,established
4834,5.6,22.0,0.724,1,0.09982774554349375,0.61472856900991,7,low,established
4835,10.1,41.0,0.691,0,-0.02772219353248096,1.1508407192248793,2,medium,established
4836,1.7,38.2,0.418,2,0.055157399913679274,-1.1030264356560564,6,low,established
4837,14.7,16.2,0.949,1,0.10076120608211514,1.0038753394065054,7,high,new
4838,16.5,2.8,0.874,0,0.18118037532441947,-1.8427736358207114,10,high,new
4839,21.5,1.0,0.725,0,0.10639988631152403,-0.9343356246853137,8,high,new
4840,12.8,28.3,0.895,0,0.043319171403908,1.0737190853187104,5,high,established
4841,8.9,28.7,0.549,1,-0.02306344253476106,-1.0979526031901892,3,medium,established
4842,7.5,64.5,0.479,0,0.01327047058270837,-0.655060340155877,4,medium,long_tenure
4843,15.9,26.4,0.792,0,0.023403687188297106,-0.4280428352364904,4,high,established
4844,11.3,72.3,0.576,0,0.006010883772751255,-0.6669435474654224,4,medium,long_tenure
4845,13.5,64.3,0.681,0,-0.004024630989700063,-0.48319527290890746,3,high,long_tenure
4846,9.1,58.9,0.901,0,-0.16141749803816827,-0.5954295983555071,1,medium,long_tenure
4847,19.1,11.0,0.811,0,0.07296015214467824,-0.7574366857863651,6,high,new
4848,6.5,36.1,0.6,1,0.14038629034091155,1.7948784302813543,9,medium,established
4849,14.6,32.8,0.901,1,0.12202384309859475,-1.2292578574801718,8,high,established
4850,0.8,20.8,0.397,1,0.09834779103646954,0.3863986411028604,7,low,established
4851,14.6,33.7,0.895,1,0.04825961738959038,-1.292555965906467,5,high,established
4852,6.0,26.5,0.379,1,0.019211636848089898,0.3366720394515662,4,low,established
4853,5.1,26.6,0.732,1,0.1454391688440695,0.6448622779722504,9,low,established
4854,20.7,44.9,0.982,1,0.03753960391973449,0.4355806957307372,5,high,established
4855,21.5,35.8,0.85,0,0.03079250297985246,0.4859190233734601,5,high,established
4856,4.1,42.1,0.56,0,0.01781453442573452,-0.9083423901731825,4,low,established
4857,6.2,52.4,0.668,0,0.004583893074027488,-0.4839127956605319,3,medium,long_tenure
4858,12.1,57.3,0.596,3,0.0711816268617342,0.4580177151890387,6,high,long_tenure
4859,19.4,15.0,0.88,0,0.23152876259778593,1.5551874854012693,10,high,new
4860,17.2,13.3,0.872,1,0.09150616653315037,0.5475570190219919,7,high,new
4861,9.9,36.1,0.506,0,0.1872326781993481,-0.6809759541166984,10,medium,established
4862,6.0,25.9,0.246,1,0.19258061723130412,-1.2747448353658817,10,low,established
4863,13.3,3.0,0.941,0,0.13292572139539643,-0.582884164721094,9,high,new
4864,1.2,26.9,0.409,2,-0.04796143567867277,0.2260984116459537,2,low,established
4865,8.9,17.1,0.687,3,0.1769953888390448,0.5175142592036441,10,medium,new
4866,15.5,37.6,0.802,1,0.10263834985258762,-0.709730680615203,7,high,established
4867,16.7,22.6,0.779,0,-0.09976116087579207,0.8007711733152544,1,high,established
4868,15.6,43.4,0.985,0,0.03559786472766566,-0.7900802766599333,5,high,established
4869,3.4,49.7,0.608,1,0.17108316743180982,-2.027656241192882,9,low,long_tenure
4870,3.3,49.6,0.684,2,0.19819500606669593,-1.1705633099683328,10,low,long_tenure
4871,10.0,40.4,0.644,0,-0.04892366657500171,0.9908758162998449,2,medium,established
4872,14.2,18.5,0.99,1,-0.018061410344386537,0.5012910791963295,3,high,established
4873,8.4,23.4,0.673,1,-0.01585087637695979,-0.6520106719074521,3,medium,established
4874,7.5,25.6,0.635,1,-0.018627852445308863,1.6660892456611698,3,medium,established
4875,5.5,55.8,0.728,0,0.14617411920264808,1.7371657621790082,9,low,long_tenure
4876,6.5,20.0,0.56,2,0.14920709275040372,0.49807020940893565,9,medium,established
4877,18.8,1.0,0.719,2,0.12824641070851464,1.3841465722241795,8,high,new
4878,8.4,25.7,0.63,5,0.010355864770237398,-0.2920005398457307,4,medium,established
4879,9.7,63.4,0.854,0,0.13574633907822586,-2.1099159024858887,9,medium,long_tenure
4880,10.1,76.0,0.388,2,0.2401516157152777,0.6615838229002179,10,medium,long_tenure
4881,16.9,19.5,0.952,0,0.10013430667831603,1.0840813683124328,7,high,established
4882,11.2,45.0,0.421,3,-0.05637161836192776,-0.4103273255689918,2,medium,established
4883,9.0,13.3,0.587,3,0.07404521833746823,-0.4516203042234518,6,medium,new
4884,11.7,56.8,0.649,0,-0.12431242673536232,1.1435900135062527,1,medium,long_tenure
4885,6.7,30.5,0.512,0,-0.019310961290815738,0.4722180997136499,3,medium,established
4886,7.1,26.1,0.453,1,0.13349493635708165,-0.634202348769932,9,medium,established
4887,13.5,5.7,0.99,1,-0.09698539174057863,0.9819903986432397,1,high,new
4888,9.7,42.2,0.718,2,0.019346486910632236,1.4662813149730676,4,medium,established
4889,3.0,55.6,0.618,0,0.15135185549949448,-0.4364993175090419,9,low,long_tenure
4890,8.3,12.7,0.55,0,0.028112110190319815,0.6024223294276978,4,medium,new
4891,14.3,21.8,0.866,1,0.02360264788988153,-0.8202945696563929,4,high,established
4892,14.7,16.1,0.847,0,0.048455182821568125,-0.5617783550915129,5,high,new
4893,4.3,55.7,0.508,1,0.22796906339224596,0.5111120324249085,10,low,long_tenure
4894,15.9,9.3,0.99,1,-0.03520486442240036,0.6861672747311355,2,high,new
4895,8.3,18.2,0.557,2,0.03038303172514066,0.45440164072270933,4,medium,established
4896,12.9,57.3,0.374,2,-0.039016011561084474,0.6864498455901831,2,high,long_tenure
4897,18.3,29.2,0.96,1,0.02373626565011201,-0.40021263180663963,4,high,established
4898,6.6,64.9,0.592,1,-0.019659056070539672,2.123243094803572,3,medium,long_tenure
4899,0.0,33.5,0.397,0,0.11154656586550692,-0.7835321797682981,8,low,established
4900,0.0,28.2,0.404,0,-0.015757727894752955,0.27936538861268123,3,low,established
4901,5.2,54.7,0.603,0,-0.21434682690358522,-0.6530855757658947,1,low,long_tenure
4902,12.4,1.0,0.99,0,0.009735599711473888,-0.606155889647738,4,high,new
4903,16.9,4.9,0.99,0,-0.09135461421672168,0.6379330458176549,1,high,new
4904,4.1,13.9,0.507,1,0.14979174766268905,-1.4361997061788554,9,low,new
4905,9.0,22.0,0.617,1,0.10708269355364838,1.8221079010059982,8,medium,established
4906,6.4,42.8,0.714,3,0.09128051655840144,-1.1820957058881845,7,medium,established
4907,4.9,33.6,0.457,1,-0.009161098251659101,0.5352262301711994,3,low,established
4908,12.2,42.5,0.99,1,0.09083282016166234,1.0009216824525453,7,high,established
4909,8.8,21.8,0.651,2,0.014878336948766517,-0.6406899585360755,4,medium,established
4910,18.2,35.2,0.914,0,0.015219531011848891,1.1083998099979218,4,high,established
4911,15.0,35.1,0.99,1,0.13657949597562408,0.9307722081642404,9,high,established
4912,9.2,59.2,0.594,0,0.06909733818350743,0.9126546593216236,6,medium,long_tenure
4913,2.7,67.7,0.646,1,0.08206938365353755,-0.6237397515197153,7,low,long_tenure
4914,0.0,36.9,0.322,3,-0.10541572784401165,0.29500479354458986,1,low,established
4915,8.9,61.3,0.545,0,-0.05965127213381989,1.473656001239442,2,medium,long_tenure
4916,7.3,20.4,0.152,4,0.12815880954917952,0.4931123445110991,8,medium,established
4917,3.9,14.5,0.48,0,0.06022370800290287,0.42515158705856526,6,low,new
4918,14.8,2.7,0.67,1,0.04918199510039021,0.7030775872987246,5,high,new
4919,0.6,22.8,0.549,1,-0.05619258233534495,0.32412173469955946,2,low,established
4920,6.2,53.5,0.519,0,0.03205055083040796,2.2459327729753547,5,medium,long_tenure
4921,8.4,49.1,0.688,0,-0.16748010884251363,-0.40141744923470474,1,medium,long_tenure
4922,17.3,21.1,0.9,0,-0.048944324139804624,-1.8421482426158673,2,high,established
4923,14.4,1.0,0.981,0,0.15062966406212128,-0.736131036013386,9,high,new
4924,1.6,31.7,0.358,0,0.12630174336723154,-0.717911922030465,8,low,established
4925,9.7,67.8,0.603,0,-0.038220472143204585,-0.43079747647383093,2,medium,long_tenure
4926,8.4,57.2,0.469,0,-0.07731144319673863,-0.5253043324981618,1,medium,long_tenure
4927,15.1,15.2,0.821,0,0.20665967217296188,1.2761181036218088,10,high,new
4928,9.3,47.7,0.64,0,0.024669091021500413,-0.5046667502408234,4,medium,established
4929,8.6,40.0,0.609,2,0.012778162858628133,0.5786509133879261,4,medium,established
4930,15.6,18.2,0.715,1,0.17080349911451173,-0.9786781382884988,9,high,established
4931,4.0,25.1,0.374,1,-0.02102760673591133,-1.1476837872479333,3,low,established
4932,6.8,37.0,0.608,0,0.18504940743839643,0.516626639452867,10,medium,established
4933,2.0,14.3,0.585,2,0.2729795802292282,2.27360677897354,10,low,new
4934,14.6,1.0,0.807,2,-0.05225517579820494,1.2307392053659718,2,high,new
4935,9.1,42.5,0.644,3,0.10593271061615417,-1.3734130475523587,8,medium,established
4936,10.9,24.3,0.838,0,0.014903391534112529,-0.5104176460756695,4,medium,established
4937,10.6,55.6,0.591,0,-0.17938840255707011,-0.492266175934159,1,medium,long_tenure
4938,4.5,26.9,0.333,1,0.1485021161690569,-0.8481712638333283,9,low,established
4939,6.1,46.1,0.475,1,0.039952981549302845,0.37520386964877545,5,medium,established
4940,20.4,29.7,0.848,0,0.1369373386867083,-0.19761232485887792,9,high,established
4941,4.6,15.2,0.545,0,0.21148550324287863,-0.8492329917944105,10,low,new
4942,12.4,1.0,0.817,1,0.17499435471685534,1.2479086529702443,10,high,new
4943,13.2,15.2,0.49,3,-0.04037875647259428,1.6707825387646473,2,high,new
4944,8.2,18.3,0.453,1,0.1887193499713387,0.5683193056224576,10,medium,established
4945,6.5,48.5,0.591,5,0.063078949938037,0.5509410607221874,6,medium,long_tenure
4946,3.6,13.3,0.422,0,0.16408202812811926,0.3913938635668981,9,low,new
4947,7.8,23.8,0.618,1,0.10897186025157637,1.6642131562408333,8,medium,established
4948,0.0,14.6,0.319,2,0.12659300823830874,0.3163411892658842,8,low,new
4949,9.9,24.6,0.491,1,-0.0996815504121564,0.5494512555519996,1,medium,established
4950,11.3,30.9,0.698,1,0.06072433089790516,0.5302587569208397,6,medium,established
4951,17.8,1.0,0.884,0,0.17792344346009958,0.39102110016350483,10,high,new
4952,4.6,35.0,0.496,1,0.17685858134508484,-0.7863381976075261,10,low,established
4953,18.5,14.3,0.99,1,-0.03065990681707816,0.5744397582396344,2,high,new
4954,1.4,51.7,0.523,0,0.04668892812851529,0.5173917406816482,5,low,long_tenure
4955,20.9,1.9,0.749,0,0.12562552692335208,-0.45013257784454397,8,high,new
4956,13.9,35.1,0.887,0,0.15803392606853087,-0.4819268016873379,9,high,established
4957,2.7,38.7,0.544,0,-0.061525387119727916,-0.9296327426544708,2,low,established
4958,14.4,11.1,0.958,1,0.019410244191585272,0.7326152620249865,4,high,new
4959,6.3,57.3,0.66,0,0.0463104678962019,-0.535913320460299,5,medium,long_tenure
4960,8.5,19.9,0.41,2,-0.08931962412205063,0.6117193987903056,1,medium,established
4961,15.4,5.1,0.832,0,0.08358195340400396,-1.5211726440125464,7,high,new
4962,16.4,16.0,0.908,2,0.06400248248039626,-0.6454734510968521,6,high,new
4963,5.8,62.2,0.483,0,0.040770449121433294,-0.4963549340896358,5,low,long_tenure
4964,16.4,1.0,0.987,0,0.1988240517553608,0.5231728869716741,10,high,new
4965,13.1,43.5,0.887,1,0.0038757078183844426,-0.6338781238963588,3,high,established
4966,18.0,12.9,0.682,0,-0.05840117311553034,-1.7259390473545793,2,high,new
4967,9.9,62.8,0.578,1,-0.06670332232261567,1.3745382903166599,2,medium,long_tenure
4968,8.0,54.5,0.609,1,0.12514137049167437,-0.8806414756880423,8,medium,long_tenure
4969,14.2,12.8,0.886,0,0.252074551953262,-0.52929518760822,10,high,new
4970,9.8,26.7,0.746,2,-0.0016693438921326594,0.9052630572464714,3,medium,established
4971,6.6,31.0,0.654,1,0.28691542296575745,-1.148956202941377,10,medium,established
4972,16.1,15.8,0.75,0,0.04393993263296944,1.1009435294115746,5,high,new
4973,7.6,71.7,0.476,1,-0.00902517175010937,-0.5672349809726416,3,medium,long_tenure
4974,11.6,24.7,0.401,2,-0.021126005252474774,0.7699290255600763,3,medium,established
4975,5.7,39.5,0.604,3,0.033379313360736546,1.841697767455711,5,low,established
4976,0.8,61.9,0.749,0,0.11766499099319679,0.7173086222746569,8,low,long_tenure
4977,6.3,64.8,0.83,1,0.05792846629842245,1.0425369754629927,6,medium,long_tenure
4978,11.4,13.1,0.99,0,0.08600150150423881,0.6491822085843291,7,medium,new
4979,2.5,34.0,0.381,0,0.09349733074386435,-1.4378866621142725,7,low,established
4980,1.0,25.9,0.533,3,-0.08049066699871957,0.3846451690308756,1,low,established
4981,2.1,20.1,0.477,0,0.0024169022481493265,0.566687340163945,3,low,established
4982,13.1,13.7,0.78,1,0.07176867151094919,1.0981088685102547,6,high,new
4983,10.6,60.7,0.432,1,-0.05977348812394481,0.6444834025235473,2,medium,long_tenure
4984,15.9,16.4,0.916,1,0.05018378013188708,0.6672341364214489,5,high,new
4985,10.9,61.3,0.476,0,0.10219520088825834,0.7729953938102857,7,medium,long_tenure
4986,8.1,55.3,0.546,0,0.07532911613260639,0.7974441825735988,6,medium,long_tenure
4987,11.5,40.2,0.515,6,0.21623466234003993,-1.8048171645831317,10,medium,established
4988,15.2,25.9,0.924,0,0.032086450783807174,0.5678709607262477,5,high,established
4989,8.8,43.4,0.571,2,-0.04967196699274142,-0.5241614390761572,2,medium,established
4990,17.3,8.8,0.901,0,0.10904213882082371,0.6736537345934439,8,high,new
4991,13.9,24.0,0.841,2,0.18227360671208254,-1.1532252244984291,10,high,established
4992,6.2,1.0,0.202,1,0.13130076435096844,0.4777186392663557,8,medium,new
4993,9.1,40.9,0.64,1,-0.11861271088557837,-1.1618305823571435,1,medium,established
4994,7.5,44.5,0.643,0,-0.08337521738011616,0.8530706514667368,1,medium,established
4995,9.3,19.2,0.53,4,-0.01646410172923072,0.33576941358154555,3,medium,established
4996,18.0,20.0,0.99,0,-0.07747924651729708,1.551282197606492,1,high,established
4997,10.3,8.5,0.769,0,0.096947226682376,-0.6561449355578393,7,medium,new
4998,7.1,52.9,0.565,0,0.009214256836441644,-0.5556283508182018,4,medium,long_tenure
4999,9.8,56.2,0.613,0,0.02167732040697983,-0.4416590097317767,4,medium,long_tenure
5000,9.7,39.8,0.528,1,-0.033306963814873185,-0.8825891746311838,2,medium,established
