customer_id,age,tenure_months,annual_income,avg_balance,baseline_sessions_30d,digital_transaction_share,support_tickets_90d,product_count,prior_nps,missed_payment_flag,metro_flag,treated,true_propensity,true_retention_effect,pre_avg_active_days,post_avg_active_days,post_sessions_total,retained_30d,churned_30d
1,27,40.1,45863.0,4265.37,3.1,0.306,0,1,39.0,1,1,0,0.29621,0.075,0.194,0.166,11.15,0,1
2,45,86.7,135997.0,12826.63,8.0,0.38,0,5,51.0,0,0,0,0.20444,0.03,1.622,1.555,40.22,1,0
3,37,24.8,53266.0,1739.07,6.3,0.617,1,3,7.0,0,0,1,0.33342,0.075,0.851,1.099,34.97,1,0
4,34,23.3,89841.0,6048.23,11.3,0.569,2,2,26.0,0,1,1,0.4464,0.03,1.709,1.532,31.02,1,0
5,27,13.3,95552.0,7504.7,16.9,0.99,1,2,53.0,0,1,1,0.51805,0.078,1.53,1.953,42.59,0,1
6,38,27.7,35946.0,3905.48,1.6,0.517,2,1,-11.0,0,1,0,0.34181,0.075,0.41,0.223,7.9,1,0
7,33,3.2,78235.0,4248.09,0.0,0.343,1,1,11.0,0,1,1,0.36923,0.105,0.622,0.77,23.27,0,1
8,37,15.1,50031.0,2947.08,4.0,0.155,1,1,6.0,0,1,0,0.29573,0.105,0.361,0.279,13.58,0,1
9,40,33.2,81007.0,2696.12,18.6,0.849,0,2,34.0,0,1,1,0.40474,0.048,2.341,2.263,58.03,0,1
10,48,49.5,107098.0,84184.59,9.2,0.636,0,3,40.0,0,0,0,0.25664,0.03,0.651,0.913,26.65,1,0
11,57,53.0,152545.0,20331.47,8.7,0.69,0,4,-2.0,0,1,1,0.35719,0.03,2.366,2.626,56.77,0,1
12,39,22.2,117496.0,3939.24,4.5,0.308,0,1,40.0,1,0,0,0.30803,0.075,0.925,0.585,19.12,0,1
13,28,34.4,74515.0,7437.79,9.8,0.61,2,4,4.0,0,1,0,0.46086,0.03,1.738,1.429,37.35,0,1
14,27,14.5,52111.0,4325.63,1.8,0.45,1,3,-25.0,0,0,1,0.32973,0.105,0.537,1.074,26.36,0,1
15,43,62.9,129615.0,21588.69,10.1,0.748,0,5,45.0,0,1,0,0.2475,0.03,0.684,0.412,10.75,0,1
16,23,23.3,51116.0,8920.19,18.3,0.866,1,2,52.0,1,1,0,0.61936,0.048,2.478,2.354,53.38,1,0
17,37,54.5,106472.0,19595.94,8.0,0.639,1,1,20.0,0,0,1,0.38546,0.03,1.412,1.345,35.4,1,0
18,33,14.5,82699.0,8571.45,17.2,0.932,0,1,77.0,0,1,1,0.40703,0.078,2.215,2.769,58.9,1,0
19,44,21.5,44449.0,3323.67,0.0,0.526,0,2,46.0,0,1,1,0.22569,0.075,0.572,0.772,20.58,1,0
20,40,49.3,54722.0,6029.17,9.5,0.5,2,4,-13.0,0,1,1,0.39529,0.03,0.112,0.311,15.8,0,1
21,32,15.4,59244.0,18783.62,4.1,0.092,0,2,20.0,0,1,0,0.21076,0.105,0.946,0.614,15.85,1,0
22,34,46.1,177486.0,16796.66,11.4,0.614,1,5,25.0,0,1,0,0.30219,0.03,1.785,0.808,22.54,0,1
23,35,25.0,43240.0,5319.67,4.0,0.405,2,2,29.0,0,1,0,0.33287,0.075,1.221,0.905,32.16,0,1
24,35,34.9,79691.0,3724.46,6.8,0.303,0,1,-31.0,1,0,0,0.26727,0.075,1.139,0.781,25.03,0,1
25,36,26.3,57558.0,2880.5,3.4,0.264,1,2,-14.0,0,1,0,0.25344,0.075,1.799,1.536,36.83,0,1
26,44,14.8,59120.0,5075.54,9.8,0.837,1,3,36.0,0,1,0,0.49052,0.078,1.702,1.59,38.93,1,0
27,58,44.6,121629.0,22967.86,7.4,0.627,0,3,33.0,0,0,0,0.29666,0.075,1.007,0.611,25.04,1,0
28,34,15.3,121856.0,5939.73,16.5,0.91,1,3,47.0,0,1,0,0.50152,0.078,1.771,1.8,40.35,1,0
29,22,30.8,52244.0,5529.04,16.4,0.649,0,2,68.0,0,1,0,0.35197,0.03,2.279,2.502,59.18,1,0
30,34,16.2,59090.0,45600.38,9.4,0.397,2,2,-20.0,0,1,0,0.33532,0.06,1.943,1.583,39.27,1,0
31,34,19.1,76305.0,6017.35,3.1,0.554,1,2,-15.0,0,0,1,0.3395,0.075,0.071,0.492,19.54,1,0
32,30,17.4,62551.0,4195.18,3.6,0.409,1,2,3.0,0,0,0,0.31853,0.105,0.609,0.695,19.72,0,1
33,53,53.6,111455.0,46518.46,5.0,0.64,0,5,22.0,0,1,0,0.28924,0.075,1.172,0.851,22.1,1,0
34,51,65.0,179065.0,105787.82,2.6,0.493,0,3,45.0,0,0,0,0.18199,0.075,0.165,0.14,13.49,1,0
35,41,67.3,181376.0,17029.7,7.7,0.64,1,5,63.0,0,1,0,0.25337,0.075,1.902,1.373,37.96,0,1
36,37,21.2,83114.0,3996.03,14.0,0.859,0,1,71.0,1,1,1,0.45976,0.048,2.317,1.932,45.2,0,1
37,30,4.3,64418.0,1302.7,18.9,0.832,0,2,65.0,0,1,0,0.3898,0.078,2.309,2.06,48.18,1,0
38,37,42.2,121938.0,46013.69,2.1,0.479,0,4,23.0,0,0,1,0.25354,0.075,1.208,1.43,40.55,0,1
39,29,19.1,82072.0,7809.89,16.8,0.804,0,3,41.0,0,1,1,0.42118,0.048,2.33,2.812,65.93,1,0
40,40,24.9,50524.0,4188.33,14.7,0.807,3,3,0.0,0,1,0,0.56784,0.023,2.38,2.045,48.76,0,1
41,56,84.1,197503.0,81331.87,7.5,0.602,0,4,19.0,0,0,1,0.35317,0.075,1.875,1.957,41.47,0,1
42,33,44.6,93372.0,1880.13,4.5,0.517,0,3,-3.0,0,1,0,0.25022,0.075,0.427,0.32,16.81,0,1
43,44,54.9,67556.0,6403.45,10.2,0.568,2,2,-1.0,1,1,0,0.44747,0.03,3.08,2.386,53.91,0,1
44,50,50.7,151927.0,34586.17,9.4,0.606,0,4,8.0,0,1,1,0.30929,0.03,1.154,1.158,24.99,1,0
45,26,28.8,81264.0,8455.69,3.4,0.36,1,1,31.0,0,0,0,0.18257,0.075,1.245,0.743,22.38,0,1
46,25,32.5,100037.0,1717.35,1.8,0.578,2,1,2.0,0,1,1,0.34531,0.075,0.682,0.79,17.99,0,1
47,57,71.1,210112.0,38669.32,9.8,0.681,1,3,44.0,0,0,1,0.20935,0.03,1.209,1.724,36.22,1,0
48,37,11.7,47567.0,7446.33,10.8,0.813,0,2,48.0,0,1,0,0.40172,0.078,1.776,1.514,42.83,0,1
49,40,46.3,66120.0,11576.15,11.2,0.547,2,3,16.0,0,1,0,0.35609,0.03,1.582,1.356,29.87,1,0
50,39,16.0,87001.0,6669.79,14.9,0.99,0,1,4.0,0,1,0,0.42869,0.078,2.553,2.35,51.43,1,0
51,36,17.5,66506.0,7382.06,16.0,0.588,1,2,68.0,0,1,0,0.40542,0.06,1.432,1.024,22.95,1,0
52,34,1.0,122987.0,3137.76,14.6,0.934,0,1,68.0,0,1,0,0.35138,0.078,2.533,2.079,48.69,1,0
53,29,29.7,91603.0,8986.01,8.4,0.489,1,1,15.0,0,0,1,0.32915,0.03,1.516,1.479,33.21,1,0
54,50,27.9,57764.0,7442.41,9.7,0.508,1,2,2.0,0,1,0,0.31046,0.03,2.423,2.152,42.49,1,0
55,42,36.6,68911.0,6827.37,8.1,0.607,3,4,3.0,1,1,1,0.40852,0.005,1.446,1.626,36.17,0,1
56,32,24.8,48190.0,7203.51,3.6,0.485,1,3,-7.0,0,1,1,0.29395,0.075,0.37,0.7,25.4,0,1
57,44,64.2,130918.0,21239.6,7.6,0.505,0,5,35.0,0,1,1,0.29913,0.075,2.029,2.672,55.4,1,0
58,40,30.5,67748.0,9851.49,15.5,0.683,5,1,9.0,1,1,1,0.69339,0.005,1.094,1.372,32.73,0,1
59,18,25.4,98335.0,2812.95,12.4,0.933,0,2,10.0,0,1,0,0.3845,0.048,1.17,1.144,34.81,1,0
60,34,13.6,59791.0,23140.42,18.9,0.883,0,1,53.0,0,1,1,0.45453,0.078,3.105,3.283,64.29,1,0
61,31,13.5,35522.0,35875.94,10.5,0.602,3,4,-6.0,1,1,1,0.51455,0.035,1.457,1.674,41.92,0,1
62,52,68.8,89481.0,29787.21,12.2,0.718,0,5,46.0,0,1,0,0.25138,0.03,1.397,1.634,41.58,1,0
63,34,21.3,54545.0,11216.08,10.7,0.845,1,2,-32.0,0,0,1,0.40377,0.048,2.188,2.837,61.32,1,0
64,33,6.1,49427.0,3010.16,4.5,0.497,0,2,-4.0,0,1,0,0.31109,0.105,0.743,0.867,24.78,0,1
65,33,18.7,75732.0,6377.98,11.8,0.679,0,1,-35.0,0,0,0,0.37805,0.03,0.928,0.769,22.22,0,1
66,37,34.4,53792.0,8646.91,9.6,0.611,3,2,-35.0,0,1,0,0.4754,0.005,1.497,0.678,22.47,0,1
67,51,29.8,51918.0,7791.63,11.0,0.799,2,2,8.0,0,1,0,0.39696,0.048,0.258,0.213,13.32,1,0
68,59,36.4,107372.0,11909.09,11.9,0.479,2,5,23.0,0,1,0,0.43893,0.03,1.774,1.323,36.48,0,1
69,31,11.4,56233.0,5339.02,16.2,0.709,0,3,31.0,0,1,0,0.46165,0.06,1.939,1.65,37.04,0,1
70,49,76.0,118812.0,31132.29,6.9,0.657,1,4,55.0,0,1,0,0.33315,0.075,0.908,0.854,22.63,0,1
71,35,10.6,64681.0,5512.44,14.3,0.973,1,2,37.0,0,1,1,0.55142,0.078,1.81,1.937,51.35,0,1
72,57,60.0,166218.0,30427.58,9.2,0.357,2,2,52.0,0,1,0,0.25967,0.03,1.995,1.351,32.58,0,1
73,29,34.5,45167.0,2373.56,2.1,0.43,2,3,-10.0,1,1,0,0.31383,0.075,0.706,0.659,23.02,0,1
74,28,25.5,69005.0,7946.8,15.1,0.88,1,2,37.0,0,1,0,0.47395,0.048,2.302,2.467,55.79,1,0
75,18,28.3,65600.0,6363.73,13.4,0.982,0,2,27.0,0,1,1,0.36785,0.048,1.962,2.382,54.76,1,0
76,37,1.0,94550.0,11150.77,17.4,0.947,0,4,54.0,0,1,0,0.48176,0.078,1.714,2.006,49.07,0,1
77,43,36.8,72899.0,6206.84,14.0,0.701,0,1,40.0,0,1,0,0.34444,0.03,2.278,2.086,49.15,1,0
78,39,38.6,95617.0,7035.7,5.5,0.471,3,3,6.0,0,0,0,0.41723,0.05,0.975,1.227,32.82,1,0
79,23,60.5,52748.0,11945.34,6.0,0.501,2,3,-5.0,0,1,0,0.37368,0.075,2.142,2.489,57.37,0,1
80,39,12.6,58219.0,827.96,3.0,0.511,1,2,-27.0,0,0,0,0.31442,0.105,0.787,1.131,32.98,0,1
81,32,9.8,61632.0,31400.8,7.7,0.631,0,3,-13.0,0,1,0,0.26796,0.105,1.242,0.914,29.39,1,0
82,44,62.1,99109.0,38247.68,8.7,0.572,1,5,5.0,1,1,0,0.42337,0.03,0.388,0.296,16.32,1,0
83,39,18.7,57934.0,12410.07,4.1,0.446,0,1,17.0,0,1,0,0.23618,0.075,0.611,0.718,21.38,1,0
84,31,23.8,121343.0,2557.43,17.0,0.784,0,3,55.0,0,1,1,0.41049,0.048,1.27,1.158,24.97,0,1
85,26,28.9,60367.0,2176.26,17.2,0.99,0,3,57.0,0,1,0,0.42803,0.048,2.383,2.113,55.46,1,0
86,24,15.0,73429.0,5708.0,18.0,0.963,0,2,42.0,0,1,1,0.49276,0.078,2.259,2.239,51.11,1,0
87,36,19.1,41398.0,3797.18,0.0,0.516,2,2,-21.0,0,1,1,0.29118,0.075,0.281,0.562,16.32,0,1
88,46,68.3,93062.0,39868.84,5.0,0.791,1,3,38.0,0,0,1,0.23115,0.093,1.333,1.921,43.35,1,0
89,21,12.9,61447.0,5077.73,17.5,0.99,0,2,52.0,0,1,0,0.47154,0.078,1.938,1.569,34.33,1,0
90,47,57.9,122212.0,21273.45,8.6,0.643,2,3,31.0,0,1,0,0.39097,0.03,1.695,1.436,36.31,1,0
91,31,28.4,68117.0,1713.6,18.6,0.88,0,2,46.0,0,0,0,0.44036,0.048,2.226,1.772,41.38,0,1
92,37,46.1,67737.0,9616.59,4.8,0.732,3,3,-44.0,0,1,0,0.42318,0.05,0.83,0.868,23.06,0,1
93,39,75.0,88429.0,13902.26,6.7,0.643,0,4,35.0,0,1,0,0.19772,0.075,2.232,1.804,40.68,1,0
94,56,60.0,116542.0,13074.74,7.2,0.558,1,4,32.0,1,1,0,0.35772,0.075,1.792,1.554,36.15,1,0
95,30,36.3,158021.0,24986.24,8.4,0.856,0,3,11.0,0,1,0,0.3718,0.048,2.18,1.879,45.46,1,0
96,35,29.2,49896.0,10584.28,9.1,0.487,3,3,2.0,0,0,1,0.42333,0.005,1.491,1.345,31.42,0,1
97,45,52.9,125382.0,116486.97,9.3,0.449,2,4,25.0,0,0,0,0.29506,0.03,0.603,0.209,10.41,0,1
98,30,14.4,82253.0,8504.5,15.7,0.99,1,3,48.0,0,1,0,0.4868,0.078,1.422,1.321,33.49,1,0
99,33,7.9,61530.0,11423.46,19.7,0.82,1,3,53.0,0,0,1,0.52051,0.078,1.204,1.27,26.76,1,0
100,43,21.8,64699.0,4588.22,9.1,0.478,1,1,16.0,0,1,1,0.34711,0.03,1.84,2.013,50.36,0,1
101,30,9.5,39128.0,3807.86,1.5,0.63,1,1,-15.0,0,0,0,0.27232,0.105,0.484,0.561,16.29,0,1
102,42,15.6,91519.0,40780.55,9.1,0.439,0,3,-15.0,0,1,0,0.35204,0.06,2.212,1.76,34.68,1,0
103,30,30.7,83889.0,1904.5,18.2,0.895,1,2,84.0,0,1,1,0.45695,0.048,2.854,3.223,69.02,1,0
104,23,10.4,59893.0,2293.35,6.1,0.593,0,2,37.0,0,0,0,0.31208,0.105,0.846,0.753,23.78,1,0
105,48,22.0,79937.0,2412.7,3.4,0.505,0,1,26.0,0,0,0,0.24637,0.075,1.512,1.164,30.55,0,1
106,28,42.5,65874.0,14299.92,9.7,0.57,6,2,-3.0,0,1,1,0.62386,0.005,1.453,1.614,39.28,0,1
107,52,73.0,116796.0,16937.52,3.7,0.903,1,5,15.0,0,0,0,0.28922,0.093,1.161,1.008,29.19,1,0
108,32,25.5,110092.0,7391.32,15.9,0.89,0,2,41.0,0,1,1,0.49928,0.048,2.271,2.64,59.85,1,0
109,31,19.6,124928.0,6559.08,12.1,0.944,1,3,36.0,0,0,1,0.44709,0.048,2.43,2.78,60.58,1,0
110,32,30.7,48926.0,5090.05,5.9,0.611,1,2,8.0,1,1,0,0.31931,0.075,1.396,0.947,30.17,0,1
111,55,78.5,133826.0,53658.02,5.0,0.748,1,5,7.0,0,1,0,0.32316,0.075,1.147,0.443,16.92,1,0
112,18,21.1,100775.0,12231.14,16.4,0.99,0,2,62.0,0,0,1,0.41134,0.048,1.663,1.742,41.51,0,1
113,49,40.0,135119.0,30992.64,8.9,0.541,0,5,-17.0,0,0,0,0.30377,0.03,1.549,1.362,39.3,0,1
114,34,24.7,84538.0,11291.43,9.2,0.725,5,4,8.0,1,1,1,0.6519,0.005,0.723,0.926,32.39,0,1
115,24,24.4,93826.0,2787.99,14.3,0.919,0,2,61.0,0,1,1,0.32908,0.048,2.713,2.644,57.72,0,1
116,38,14.5,50689.0,1602.39,3.9,0.348,1,1,54.0,0,1,0,0.19154,0.105,1.141,0.447,17.71,0,1
117,43,41.4,66072.0,9447.51,7.7,0.454,0,1,5.0,0,0,1,0.27401,0.075,0.675,1.087,27.99,1,0
118,36,30.2,71880.0,4718.85,7.9,0.611,4,3,-18.0,0,1,0,0.50442,0.05,1.572,1.579,36.59,1,0
119,54,63.0,99355.0,48549.74,8.1,0.845,0,3,36.0,0,1,1,0.3307,0.048,2.752,2.604,60.46,1,0
120,38,44.5,55117.0,11297.93,7.5,0.632,4,2,3.0,0,1,1,0.45771,0.05,0.753,0.82,23.66,0,1
121,32,28.8,60371.0,17170.27,11.8,0.504,1,2,-10.0,0,1,1,0.28663,0.03,1.051,1.303,27.74,1,0
122,36,33.1,92515.0,2722.66,9.2,0.479,5,3,-30.0,0,1,1,0.47844,0.005,0.674,0.792,27.57,0,1
123,27,26.8,98524.0,8031.42,13.9,0.895,0,4,55.0,0,0,0,0.32311,0.048,2.195,1.898,42.16,1,0
124,44,44.3,168972.0,30815.42,8.0,0.492,2,5,34.0,0,0,0,0.24976,0.03,1.322,1.269,39.53,1,0
125,32,12.6,85590.0,3046.94,15.3,0.821,0,1,25.0,0,1,0,0.42635,0.078,1.794,1.207,27.38,0,1
126,51,71.9,154272.0,27186.06,11.8,0.613,1,7,3.0,0,0,0,0.37706,0.03,1.913,1.618,37.45,1,0
127,38,62.8,148739.0,62780.02,7.9,0.594,0,4,81.0,0,0,0,0.27006,0.075,1.198,1.049,28.7,0,1
128,18,33.6,84841.0,7238.28,12.3,0.98,1,1,60.0,0,1,0,0.43158,0.048,1.492,1.366,37.7,1,0
129,32,1.0,86408.0,4140.96,17.3,0.819,0,1,55.0,0,1,0,0.41818,0.078,1.811,1.5,31.16,0,1
130,32,10.7,49278.0,3815.31,13.8,0.318,5,2,-10.0,1,0,1,0.68223,0.035,1.815,2.04,44.92,0,1
131,31,25.2,61397.0,2246.84,19.2,0.715,0,1,57.0,0,0,1,0.41409,0.03,3.0,2.539,60.55,1,0
132,40,32.4,44689.0,4894.35,1.5,0.428,0,2,-10.0,0,0,0,0.24224,0.075,0.84,0.8,25.31,0,1
133,29,28.7,97086.0,3486.54,8.3,0.525,1,1,-4.0,0,1,0,0.32176,0.03,1.4,1.157,27.82,1,0
134,39,66.8,215694.0,29634.39,7.9,0.504,1,5,39.0,0,1,1,0.26365,0.075,2.029,2.331,51.31,0,1
135,50,39.9,40086.0,45701.83,8.9,0.805,2,3,-28.0,1,1,0,0.47695,0.048,1.986,1.36,33.37,0,1
136,31,6.2,115959.0,6066.56,17.0,0.99,0,2,42.0,0,1,0,0.39946,0.078,2.377,2.392,51.78,1,0
137,32,13.5,60398.0,4860.17,3.6,0.424,1,2,2.0,0,1,0,0.33216,0.105,0.577,0.403,15.69,0,1
138,42,64.3,181397.0,16055.68,5.5,0.666,0,3,19.0,0,1,0,0.26118,0.075,0.559,0.315,12.83,0,1
139,31,32.8,67646.0,1351.03,7.1,0.401,0,1,-0.0,0,0,0,0.32048,0.075,0.598,0.158,13.97,1,0
140,21,2.0,112128.0,7548.6,13.0,0.762,1,3,12.0,0,0,0,0.42436,0.078,2.99,2.8,59.77,1,0
141,55,59.6,146041.0,26634.49,5.8,0.753,1,4,54.0,0,0,1,0.31108,0.093,0.803,1.41,32.5,1,0
142,44,59.1,95499.0,68620.4,4.9,0.734,0,4,64.0,0,1,0,0.17597,0.075,2.554,2.356,54.12,1,0
143,43,27.0,57340.0,3292.51,6.2,0.212,1,1,-8.0,0,1,1,0.32193,0.075,1.132,1.428,38.63,0,1
144,35,30.9,82756.0,80727.34,9.3,0.615,4,4,13.0,0,1,1,0.51509,0.005,1.609,1.752,49.26,0,1
145,42,55.4,130183.0,23540.63,10.4,0.677,1,5,33.0,0,0,0,0.2894,0.03,1.148,0.694,27.46,1,0
146,26,31.0,90769.0,5795.1,13.9,0.865,2,3,44.0,0,1,0,0.52582,0.048,1.09,1.574,37.75,0,1
147,31,55.5,135574.0,19097.19,4.6,0.871,1,4,9.0,1,0,1,0.44993,0.093,1.161,1.517,33.57,1,0
148,37,27.5,61306.0,16698.08,7.8,0.809,0,3,-19.0,0,1,0,0.33442,0.093,1.217,1.025,24.32,0,1
149,48,42.9,102929.0,45470.74,7.5,0.598,0,3,44.0,0,1,0,0.33675,0.075,1.592,1.184,27.97,0,1
150,35,7.4,68371.0,2571.02,16.6,0.875,0,3,25.0,0,1,0,0.37487,0.078,1.858,1.122,30.19,0,1
151,22,28.2,62351.0,2604.86,0.0,0.393,1,2,-4.0,0,0,1,0.24619,0.075,0.346,0.456,17.35,0,1
152,43,25.8,34761.0,7809.22,5.8,0.363,3,3,0.0,1,1,1,0.29869,0.05,1.469,1.642,36.7,1,0
153,35,23.2,61566.0,10833.99,13.6,0.799,2,2,-21.0,0,1,0,0.56843,0.048,2.872,2.437,60.65,0,1
154,47,37.6,41995.0,3404.45,7.3,0.646,2,2,-2.0,0,0,1,0.30832,0.075,1.082,1.403,32.86,0,1
155,29,41.1,64336.0,3547.34,19.2,0.99,0,3,56.0,0,1,0,0.34376,0.048,2.488,2.429,56.39,1,0
156,45,22.0,99478.0,27892.27,3.1,0.761,0,2,-1.0,0,1,0,0.30951,0.093,0.855,0.744,20.41,0,1
157,19,1.0,55173.0,4307.73,16.9,0.987,1,3,62.0,0,1,0,0.5581,0.078,2.059,2.3,52.11,1,0
158,43,18.4,87053.0,9618.29,9.9,0.325,2,4,-16.0,0,1,0,0.38426,0.03,1.218,0.905,29.89,0,1
159,30,13.6,127322.0,6240.86,2.3,0.225,0,3,44.0,0,0,0,0.21475,0.105,0.395,0.718,19.75,0,1
160,23,10.3,87356.0,1346.77,3.3,0.547,4,2,-6.0,0,1,0,0.5323,0.08,0.831,0.488,22.14,0,1
161,21,17.1,78790.0,2607.19,19.3,0.99,0,3,40.0,0,1,1,0.43894,0.078,2.63,2.797,59.3,1,0
162,35,37.0,74389.0,2594.02,9.8,0.491,2,1,4.0,0,1,1,0.33847,0.03,1.025,1.286,44.74,1,0
163,23,34.5,52506.0,10507.43,18.9,0.866,0,2,48.0,0,1,0,0.4989,0.048,1.815,1.702,39.6,1,0
164,32,22.1,49695.0,9317.78,21.1,0.99,1,2,39.0,0,1,1,0.5601,0.048,2.309,2.517,54.87,0,1
165,25,56.7,72560.0,13630.22,7.1,0.673,4,2,-10.0,1,0,0,0.5794,0.05,1.233,0.657,19.56,0,1
166,34,57.7,153681.0,31195.75,3.7,0.765,0,6,21.0,0,0,0,0.20288,0.093,0.628,0.78,26.52,1,0
167,45,2.4,79283.0,6671.42,4.4,0.226,0,1,2.0,0,1,0,0.196,0.105,0.207,0.172,15.34,0,1
168,41,34.6,50601.0,2899.08,6.7,0.468,0,1,-32.0,1,0,0,0.28904,0.075,1.109,1.049,31.84,0,1
169,42,39.9,145397.0,49720.39,3.0,0.835,0,4,49.0,0,1,0,0.28268,0.093,1.08,0.779,19.47,0,1
170,35,12.9,61590.0,5791.77,2.0,0.488,0,2,-9.0,0,1,1,0.32392,0.105,0.762,1.306,33.81,0,1
171,36,22.2,73351.0,14469.03,13.8,0.99,0,1,35.0,0,1,1,0.47908,0.048,2.568,2.387,54.46,0,1
172,52,60.8,135326.0,32921.47,9.0,0.644,0,4,14.0,0,1,1,0.31923,0.03,1.481,1.819,40.62,1,0
173,30,13.7,60338.0,3793.85,16.6,0.912,0,2,55.0,0,1,0,0.50589,0.078,2.048,1.531,34.39,1,0
174,43,7.8,63628.0,7429.15,2.4,0.584,0,1,-0.0,0,0,0,0.25656,0.105,1.055,0.568,15.88,1,0
175,24,15.9,80110.0,11713.96,16.5,0.826,0,3,-2.0,1,1,0,0.41695,0.078,1.463,1.044,25.53,0,1
176,29,28.0,67487.0,3373.27,12.9,0.816,0,1,49.0,0,0,1,0.28927,0.048,1.962,2.518,52.78,1,0
177,49,62.2,165176.0,16650.9,6.8,0.587,0,3,20.0,0,1,0,0.20258,0.075,1.422,1.382,33.58,0,1
178,33,12.0,77871.0,7070.88,1.1,0.433,2,2,10.0,0,1,0,0.22364,0.105,0.25,0.4,11.18,0,1
179,32,7.0,70840.0,1101.3,4.1,0.253,0,1,26.0,0,1,0,0.1941,0.105,0.825,1.202,36.15,0,1
180,36,12.3,44526.0,1065.34,2.3,0.51,1,1,-9.0,0,1,1,0.26643,0.105,0.302,0.653,24.48,1,0
181,35,26.7,60609.0,2689.14,6.4,0.412,0,1,9.0,0,0,1,0.30522,0.075,1.683,2.191,52.7,0,1
182,28,26.1,46129.0,3206.56,4.4,0.524,2,2,-5.0,0,1,1,0.36486,0.075,0.852,0.537,20.55,0,1
183,55,52.4,141645.0,16066.99,7.4,0.407,0,4,53.0,0,1,0,0.29743,0.075,2.003,1.775,39.5,0,1
184,42,35.5,108009.0,36964.12,12.8,0.734,1,5,36.0,0,0,0,0.3317,0.03,1.154,1.356,37.24,0,1
185,33,27.0,83294.0,3567.33,5.5,0.577,1,1,10.0,0,0,0,0.33889,0.075,0.722,0.86,34.7,0,1
186,36,20.2,88958.0,5854.38,8.0,0.638,2,3,-32.0,0,0,1,0.51014,0.03,1.149,1.545,35.66,0,1
187,52,70.3,188399.0,119999.51,6.4,0.643,0,5,48.0,0,1,1,0.21603,0.075,1.397,1.432,34.1,0,1
188,18,6.9,100957.0,5950.18,12.8,0.99,0,3,61.0,0,1,1,0.38184,0.078,1.505,1.368,36.11,0,1
189,41,10.1,54843.0,6247.18,4.3,0.57,1,1,-5.0,0,1,0,0.40772,0.105,1.216,1.275,35.72,0,1
190,24,17.8,67750.0,1746.37,16.8,0.958,0,2,47.0,0,1,0,0.42895,0.078,2.172,1.888,43.24,0,1
191,44,50.3,94425.0,1157.73,0.0,0.496,1,3,21.0,0,0,0,0.28659,0.075,0.142,0.213,11.82,1,0
192,26,25.0,72686.0,6068.54,12.3,0.99,0,3,86.0,0,1,0,0.28644,0.048,1.368,1.115,32.62,1,0
193,29,17.6,52720.0,15025.29,14.6,0.984,0,2,51.0,0,1,1,0.51011,0.078,1.139,1.994,47.6,0,1
194,48,26.3,77444.0,1556.06,1.5,0.342,0,2,10.0,1,1,1,0.32158,0.075,1.18,0.439,20.83,0,1
195,27,1.0,79008.0,4939.54,16.1,0.99,0,2,41.0,0,1,1,0.41831,0.078,2.188,2.148,49.58,1,0
196,38,2.5,114130.0,2016.3,16.5,0.886,0,2,42.0,0,1,0,0.44067,0.078,2.06,1.792,45.16,1,0
197,38,1.0,76882.0,5014.52,8.7,0.594,2,3,7.0,0,1,1,0.36517,0.06,0.668,0.743,17.94,1,0
198,38,42.8,58682.0,3401.22,6.0,0.442,0,2,-7.0,0,0,1,0.25129,0.075,0.91,0.946,27.64,1,0
199,29,34.3,114753.0,3267.03,14.4,0.99,0,1,62.0,0,1,1,0.31252,0.048,2.462,2.676,56.83,1,0
200,55,66.7,91092.0,13696.57,7.9,0.832,1,4,5.0,0,1,0,0.25825,0.093,2.411,1.915,44.58,1,0
201,30,23.6,50375.0,1265.5,1.8,0.433,1,1,23.0,0,1,0,0.21028,0.075,0.179,0.269,14.91,0,1
202,28,3.4,46430.0,880.48,5.3,0.62,2,1,28.0,0,1,0,0.42744,0.105,1.958,1.561,38.21,0,1
203,45,59.4,76293.0,43619.98,8.2,0.658,1,4,49.0,0,1,0,0.21822,0.03,2.704,2.484,58.0,1,0
204,30,37.5,96206.0,6635.97,12.8,0.99,1,2,49.0,0,1,0,0.4918,0.048,1.813,1.874,46.19,0,1
205,27,17.6,65381.0,6614.32,15.6,0.922,2,2,52.0,0,1,1,0.55378,0.078,1.966,2.635,56.58,1,0
206,34,9.2,97046.0,2492.07,15.9,0.846,1,3,36.0,0,1,0,0.55318,0.078,2.51,2.467,53.65,1,0
207,38,1.0,84419.0,8653.34,16.8,0.99,0,2,23.0,0,1,1,0.51363,0.078,2.048,2.046,41.12,1,0
208,31,47.6,84825.0,12665.07,9.9,0.525,2,4,-3.0,1,1,1,0.53116,0.03,1.481,2.022,44.24,0,1
209,24,15.2,67207.0,4521.39,14.1,0.828,0,3,45.0,0,0,0,0.32876,0.078,1.464,1.471,36.43,1,0
210,39,40.9,112270.0,28898.72,10.1,0.502,0,3,52.0,0,0,0,0.3454,0.03,2.403,1.591,38.28,1,0
211,52,19.9,73766.0,5246.27,10.4,0.729,2,2,-11.0,0,0,1,0.62737,0.03,1.79,2.222,48.2,1,0
212,40,15.7,92281.0,9064.33,7.0,0.755,1,2,-5.0,0,1,0,0.3726,0.123,1.706,1.605,40.0,1,0
213,32,14.4,74973.0,12875.01,12.9,0.941,0,2,49.0,0,1,0,0.39774,0.078,1.705,1.561,36.3,1,0
214,26,24.5,48814.0,6285.33,2.7,0.322,3,2,21.0,0,0,0,0.2795,0.05,0.584,0.929,26.19,1,0
215,38,25.0,52088.0,6772.73,5.0,0.589,2,3,10.0,0,0,1,0.35806,0.075,0.932,0.936,27.12,0,1
216,39,31.3,62344.0,4257.65,5.1,0.397,1,1,-8.0,0,0,1,0.31168,0.075,0.491,0.621,21.75,0,1
217,27,16.9,65440.0,2199.32,19.2,0.787,0,4,57.0,0,1,0,0.32357,0.078,2.158,1.957,55.91,1,0
218,37,28.7,74542.0,7232.76,19.8,0.846,0,2,41.0,0,1,1,0.49458,0.048,3.033,3.231,72.85,1,0
219,51,17.7,55316.0,1748.14,1.6,0.486,2,2,22.0,0,1,0,0.35675,0.105,0.643,0.621,22.8,0,1
220,42,98.5,122395.0,50119.09,10.1,0.573,1,4,62.0,0,1,0,0.22166,0.03,2.612,1.864,37.43,1,0
221,42,55.2,149393.0,220441.6,8.2,0.672,1,4,-6.0,0,1,0,0.32331,0.03,1.05,1.247,34.65,0,1
222,43,51.2,160288.0,22092.27,1.5,0.445,0,5,57.0,0,1,0,0.21657,0.075,0.71,0.363,14.3,1,0
223,49,18.7,122400.0,53477.64,8.1,0.775,2,4,-10.0,0,0,1,0.39212,0.048,0.436,1.357,29.63,0,1
224,42,19.5,72399.0,4126.9,3.3,0.387,1,2,-6.0,0,1,0,0.32882,0.075,0.444,0.232,9.78,0,1
225,28,1.0,116866.0,2764.39,19.3,0.99,0,2,36.0,0,1,1,0.53025,0.078,3.332,3.797,77.58,1,0
226,35,25.5,47300.0,1788.84,2.1,0.451,0,3,-10.0,0,0,0,0.36303,0.075,1.129,0.858,22.69,0,1
227,23,1.0,49327.0,20932.41,17.5,0.944,0,3,54.0,0,0,1,0.46265,0.078,2.252,2.549,58.53,1,0
228,44,32.9,71720.0,11021.9,8.7,0.465,1,3,-28.0,0,0,0,0.33867,0.03,1.41,0.921,29.87,1,0
229,35,14.8,90770.0,5536.94,5.1,0.506,1,3,15.0,0,0,1,0.32879,0.105,0.286,0.672,20.59,1,0
230,27,11.4,91840.0,3942.55,14.5,0.819,0,2,57.0,0,1,0,0.40588,0.078,1.383,0.839,28.91,1,0
231,33,23.3,105405.0,5954.11,20.1,0.903,1,4,48.0,0,1,1,0.60187,0.048,1.401,1.922,50.11,1,0
232,48,89.6,69574.0,31819.12,7.5,0.786,0,4,-5.0,0,1,0,0.35385,0.093,0.244,0.216,17.3,0,1
233,33,9.1,82751.0,3756.35,6.9,0.478,0,2,-15.0,0,0,0,0.29292,0.105,0.527,0.431,16.38,0,1
234,38,29.2,78826.0,25337.58,11.3,0.491,4,3,-10.0,0,0,0,0.49662,0.005,1.181,1.451,33.7,0,1
235,41,13.3,38887.0,1441.14,3.3,0.44,0,2,10.0,0,1,0,0.23431,0.105,1.387,0.997,27.36,0,1
236,47,11.6,71729.0,4561.37,1.0,0.421,1,1,28.0,0,1,0,0.22381,0.105,0.037,0.396,14.98,0,1
237,53,53.4,144462.0,30519.09,4.9,0.601,0,4,-21.0,0,1,0,0.15879,0.075,0.204,0.087,8.48,0,1
238,41,31.9,65397.0,2168.93,8.4,0.428,0,2,-4.0,0,1,0,0.388,0.03,0.474,0.981,23.94,0,1
239,28,10.1,99533.0,9033.96,16.4,0.984,0,2,60.0,0,1,1,0.40921,0.078,2.325,2.67,54.72,1,0
240,24,43.0,85363.0,1740.46,11.3,0.821,0,2,38.0,0,1,1,0.31974,0.048,1.902,2.144,53.14,1,0
241,40,27.0,39641.0,644.31,6.8,0.392,1,2,1.0,0,1,1,0.46215,0.075,1.157,1.458,37.15,0,1
242,36,9.9,56765.0,3471.4,0.0,0.538,2,2,-21.0,0,1,0,0.30263,0.105,0.005,0.102,6.88,0,1
243,19,11.6,49105.0,4113.44,13.8,0.952,0,2,64.0,0,1,0,0.3941,0.078,2.329,2.054,47.19,1,0
244,36,21.4,85791.0,3320.42,9.2,0.731,2,3,-17.0,0,0,1,0.46636,0.03,1.227,1.797,47.5,0,1
245,37,40.6,105017.0,2631.57,15.8,0.748,5,2,13.0,0,1,0,0.62239,0.005,2.281,1.857,46.02,0,1
246,31,2.3,42197.0,10522.59,6.7,0.28,1,3,38.0,0,1,1,0.27424,0.105,0.62,1.135,28.74,1,0
247,48,14.9,60062.0,10809.24,7.7,0.622,0,3,17.0,0,1,0,0.37963,0.105,1.836,1.667,35.33,0,1
248,52,54.9,108746.0,32411.25,8.1,0.584,1,5,33.0,0,1,0,0.30982,0.03,1.941,2.0,47.01,0,1
249,59,70.2,122083.0,133305.71,10.5,0.508,0,3,25.0,0,1,0,0.28006,0.03,1.086,0.398,13.68,1,0
250,51,76.8,154255.0,62182.68,11.8,0.553,0,4,24.0,0,1,0,0.25817,0.03,1.21,1.163,31.25,0,1
251,39,47.6,63882.0,25266.3,8.3,0.557,4,2,29.0,0,1,0,0.41577,0.005,0.454,0.335,17.92,0,1
252,28,28.4,70367.0,1393.25,3.9,0.398,1,2,6.0,0,1,0,0.329,0.075,0.735,0.262,19.17,0,1
253,49,61.0,183995.0,14504.09,5.8,0.573,1,4,54.0,0,1,0,0.30017,0.075,1.217,0.932,21.23,1,0
254,29,25.5,102331.0,6720.59,17.8,0.898,0,3,53.0,0,0,1,0.41422,0.048,1.338,1.604,39.84,1,0
255,19,2.3,56195.0,5891.45,18.8,0.99,1,2,36.0,0,0,1,0.5041,0.078,2.642,3.18,69.22,0,1
256,31,1.0,85776.0,6759.12,0.0,0.24,1,1,5.0,0,0,0,0.29317,0.105,1.152,0.697,21.24,0,1
257,33,27.2,87652.0,1039.35,3.4,0.555,1,1,32.0,0,1,0,0.29322,0.075,1.157,0.988,29.62,0,1
258,32,3.9,115579.0,7109.38,12.7,0.898,1,2,45.0,0,1,1,0.49544,0.078,1.379,1.721,37.06,1,0
259,32,15.2,72830.0,8560.02,16.4,0.852,0,2,35.0,0,1,1,0.38996,0.078,2.336,2.303,57.76,0,1
260,34,32.4,58772.0,14701.56,5.7,0.368,2,3,-23.0,1,1,0,0.40185,0.075,1.727,1.288,31.31,0,1
261,32,19.0,58264.0,3454.67,12.4,0.984,0,1,50.0,0,1,0,0.44131,0.048,2.4,2.035,51.41,1,0
262,34,33.3,43819.0,4202.64,7.5,0.271,1,1,0.0,0,0,0,0.2727,0.075,0.21,0.214,14.53,0,1
263,29,72.0,138436.0,19328.08,7.6,0.731,0,5,45.0,0,1,0,0.34337,0.075,0.446,0.401,17.28,1,0
264,26,18.3,95550.0,3719.77,15.8,0.99,1,2,92.0,0,1,1,0.5298,0.048,1.384,2.143,48.97,0,1
265,43,16.7,83957.0,1523.03,5.7,0.289,0,2,20.0,0,1,0,0.25054,0.105,0.961,0.903,24.38,1,0
266,18,17.3,66662.0,2748.2,18.6,0.99,3,3,78.0,0,1,0,0.5576,0.053,1.159,1.095,26.72,0,1
267,30,8.8,75210.0,3847.61,14.9,0.903,1,2,30.0,0,1,0,0.5001,0.078,2.161,1.672,38.25,0,1
268,40,13.6,73892.0,3270.58,14.9,0.67,1,4,57.0,0,1,0,0.42886,0.06,0.924,0.746,22.76,1,0
269,24,47.4,64021.0,2747.97,14.9,0.767,0,2,68.0,0,1,0,0.40904,0.048,2.046,2.081,50.14,1,0
270,29,18.2,92702.0,1933.51,18.9,0.92,0,2,70.0,0,1,1,0.40103,0.048,2.5,2.962,62.15,0,1
271,20,21.4,83823.0,16099.52,15.8,0.944,0,3,68.0,0,1,0,0.36611,0.048,2.993,2.771,55.06,0,1
272,40,7.5,78967.0,3250.18,15.2,0.726,2,3,44.0,0,1,1,0.5048,0.06,1.572,1.955,48.96,1,0
273,28,28.2,83720.0,5576.46,17.1,0.903,2,1,61.0,0,1,0,0.52576,0.048,1.963,1.939,39.0,1,0
274,38,40.1,85016.0,2550.04,13.9,0.681,1,3,-27.0,0,1,0,0.44672,0.03,2.332,1.973,49.4,0,1
275,47,40.2,84786.0,19334.93,9.2,0.7,3,4,23.0,1,1,0,0.53283,0.005,1.669,1.658,37.54,0,1
276,54,64.6,110042.0,35672.87,7.3,0.595,0,5,16.0,0,0,0,0.32782,0.075,1.131,1.008,28.98,1,0
277,43,74.4,175785.0,23979.94,13.2,0.688,0,4,58.0,0,0,0,0.33146,0.03,1.682,1.661,35.97,1,0
278,44,77.3,147851.0,24116.45,11.6,0.758,2,5,54.0,0,0,0,0.37656,0.048,2.404,1.864,45.85,0,1
279,38,25.4,52467.0,5278.96,7.7,0.524,2,1,30.0,0,0,0,0.34962,0.075,0.513,0.492,25.04,0,1
280,31,20.6,62852.0,440.04,3.1,0.528,1,2,49.0,0,0,0,0.27155,0.075,0.386,0.208,14.16,0,1
281,18,26.7,83408.0,2633.6,14.4,0.912,1,2,64.0,0,1,0,0.35455,0.048,2.136,1.689,44.64,0,1
282,29,5.2,101780.0,4164.82,11.0,0.89,0,2,19.0,0,0,1,0.3457,0.078,1.135,1.473,30.82,0,1
283,19,7.4,57298.0,4133.73,18.6,0.93,2,2,55.0,0,1,0,0.61936,0.078,2.878,2.679,59.46,1,0
284,40,15.4,108688.0,22931.93,16.2,0.816,2,4,8.0,0,1,1,0.63043,0.078,2.015,2.288,48.21,1,0
285,39,10.1,72452.0,6423.77,4.1,0.712,3,2,-10.0,0,1,0,0.36167,0.08,1.32,0.992,30.99,0,1
286,43,71.9,120373.0,60909.15,11.2,0.472,1,5,26.0,0,0,0,0.33481,0.03,0.235,0.139,14.21,0,1
287,24,4.4,65747.0,14609.25,15.1,0.845,0,2,56.0,0,1,0,0.34112,0.078,1.58,1.733,41.3,0,1
288,36,56.3,105307.0,49483.29,7.4,0.636,1,4,18.0,0,1,0,0.39339,0.075,2.273,1.713,45.04,1,0
289,30,28.4,44998.0,5162.71,4.9,0.642,2,3,-23.0,0,0,1,0.38277,0.075,0.064,0.625,21.4,0,1
290,36,16.5,91253.0,1952.6,17.3,0.972,1,1,54.0,0,1,1,0.6275,0.078,1.571,2.212,43.96,0,1
291,51,17.9,100723.0,4870.2,5.9,0.594,1,2,32.0,0,1,1,0.29069,0.105,1.88,1.813,39.15,1,0
292,34,15.2,49106.0,13109.59,15.9,0.909,0,2,44.0,0,1,1,0.40856,0.078,1.643,2.117,56.93,1,0
293,34,21.3,45646.0,4278.01,3.4,0.351,1,1,54.0,0,1,1,0.26425,0.075,1.262,1.192,32.66,0,1
294,26,10.6,93099.0,10032.39,23.1,0.884,0,2,37.0,0,1,1,0.58274,0.078,2.115,2.259,48.91,1,0
295,28,12.7,58277.0,16173.56,1.3,0.395,0,3,23.0,0,1,0,0.26475,0.105,0.821,0.643,20.92,1,0
296,49,35.0,73909.0,5170.17,2.6,0.487,1,1,16.0,1,0,0,0.36025,0.075,1.052,0.606,17.21,0,1
297,34,1.0,57402.0,1466.97,6.4,0.313,0,1,3.0,0,1,0,0.28625,0.105,0.22,0.239,10.76,0,1
298,50,19.5,50439.0,3101.24,1.8,0.411,0,2,35.0,0,1,1,0.26409,0.075,0.494,0.644,25.67,0,1
299,45,16.4,55510.0,7310.06,1.6,0.608,1,1,-7.0,0,0,0,0.41929,0.105,1.058,0.655,21.27,1,0
300,26,36.0,37845.0,6805.52,12.1,0.61,4,3,-47.0,1,1,0,0.65239,0.005,0.753,0.759,22.75,0,1
301,30,4.5,43328.0,7983.05,6.1,0.314,0,1,8.0,0,1,0,0.25099,0.105,1.153,1.086,24.55,0,1
302,24,10.0,98177.0,4308.41,17.3,0.863,0,1,39.0,0,1,0,0.48075,0.078,2.668,2.491,65.04,0,1
303,37,29.8,99333.0,9941.99,9.5,0.344,2,2,12.0,0,1,0,0.27345,0.03,1.265,1.057,26.0,0,1
304,49,74.8,201728.0,25476.44,6.1,0.634,0,3,10.0,0,1,0,0.28257,0.075,1.483,1.29,31.18,1,0
305,56,26.0,66458.0,3327.8,3.8,0.611,1,2,20.0,0,1,0,0.22927,0.075,2.187,1.688,41.49,1,0
306,41,47.8,75047.0,36738.55,7.8,0.509,0,3,42.0,0,1,0,0.29054,0.075,2.719,2.58,52.47,1,0
307,51,56.2,116257.0,11247.92,10.3,0.48,1,3,40.0,0,0,0,0.30439,0.03,1.432,1.439,45.03,1,0
308,42,41.6,102958.0,6003.88,10.1,0.518,2,3,12.0,0,0,1,0.43696,0.03,0.795,0.919,27.98,0,1
309,29,1.6,117796.0,2018.78,13.5,0.99,3,2,44.0,0,1,1,0.55672,0.053,2.422,2.709,55.51,1,0
310,30,15.1,109799.0,3453.74,18.1,0.99,0,3,45.0,0,1,1,0.5516,0.078,2.437,2.278,55.12,1,0
311,42,61.9,129472.0,19084.56,3.5,0.689,0,5,43.0,0,0,0,0.24798,0.075,2.084,1.896,44.01,0,1
312,50,57.4,96977.0,61770.11,7.1,0.499,1,4,32.0,0,1,0,0.33132,0.075,0.771,0.73,20.98,0,1
313,33,48.3,75171.0,8752.04,12.9,0.898,0,3,18.0,0,1,0,0.36051,0.048,1.074,1.418,34.9,1,0
314,51,57.0,138553.0,46059.18,5.7,0.837,1,3,26.0,1,1,0,0.33813,0.093,1.02,0.764,24.1,0,1
315,53,67.4,210599.0,14037.94,13.2,0.606,0,5,29.0,0,0,0,0.25281,0.03,1.457,1.033,30.28,0,1
316,59,52.8,146754.0,30022.54,4.0,0.655,1,4,23.0,0,1,0,0.23061,0.075,1.792,1.555,42.44,0,1
317,56,68.3,138623.0,13330.58,5.8,0.666,0,5,28.0,0,1,0,0.25126,0.075,1.425,1.12,26.81,1,0
318,38,41.4,73443.0,7269.6,10.4,0.42,1,2,-5.0,0,0,0,0.354,0.03,1.227,1.034,29.27,0,1
319,21,8.9,84664.0,6854.47,14.7,0.99,0,2,39.0,0,1,0,0.46671,0.078,2.992,2.929,67.86,1,0
320,31,21.3,69873.0,5717.21,4.9,0.524,1,1,26.0,0,0,0,0.27088,0.075,0.885,0.856,19.53,0,1
321,33,11.3,48517.0,4079.45,8.4,0.211,0,3,27.0,0,1,0,0.28472,0.06,1.749,1.216,31.84,1,0
322,51,48.3,103720.0,72511.3,9.8,0.494,2,4,-11.0,0,1,0,0.46003,0.03,0.676,0.396,11.56,0,1
323,46,74.4,199798.0,37885.84,6.7,0.533,1,3,7.0,0,1,0,0.30008,0.075,1.161,0.818,25.3,0,1
324,31,24.4,46228.0,6873.18,8.6,0.672,3,3,-54.0,0,1,0,0.50639,0.005,0.46,0.33,11.77,0,1
325,27,1.0,91811.0,5293.56,5.9,0.347,1,1,5.0,0,1,0,0.34225,0.105,0.361,0.857,24.88,0,1
326,26,52.2,42982.0,14420.5,10.7,0.634,2,3,-14.0,0,0,0,0.48361,0.03,1.039,0.738,21.14,0,1
327,33,12.4,50386.0,2133.79,4.6,0.41,0,2,13.0,0,1,1,0.2786,0.105,0.94,1.191,25.98,0,1
328,28,28.0,93603.0,10234.66,10.0,0.598,2,3,8.0,0,1,0,0.3857,0.03,1.716,1.744,44.59,0,1
329,31,50.7,72007.0,6607.05,10.0,0.645,3,3,-9.0,0,1,1,0.41825,0.005,1.873,1.253,37.45,0,1
330,26,14.3,53265.0,1219.56,15.8,0.93,0,3,33.0,0,0,0,0.4189,0.078,2.816,2.857,60.96,0,1
331,26,20.0,66200.0,3993.55,2.9,0.428,1,2,10.0,0,1,1,0.25789,0.075,1.153,1.372,30.23,1,0
332,32,1.3,77387.0,1939.9,18.0,0.936,0,3,35.0,0,1,1,0.53435,0.078,1.555,2.253,52.27,0,1
333,43,11.4,67920.0,9902.5,9.8,0.614,3,2,-36.0,0,0,0,0.6033,0.035,1.172,0.936,26.67,0,1
334,31,20.0,49853.0,1105.9,0.0,0.407,1,1,28.0,0,1,0,0.22412,0.075,0.864,0.438,16.62,0,1
335,26,20.4,75293.0,2818.75,13.8,0.853,0,2,52.0,0,1,0,0.3435,0.048,3.034,2.62,57.23,1,0
336,42,34.7,61531.0,6035.16,7.7,0.797,2,3,20.0,0,1,1,0.33055,0.093,1.432,1.845,39.03,1,0
337,24,10.2,146651.0,9827.64,15.5,0.851,0,1,20.0,0,1,0,0.54423,0.078,1.5,1.452,32.37,1,0
338,30,22.2,55298.0,2120.87,7.8,0.58,2,1,-21.0,0,0,0,0.46792,0.075,1.929,1.346,39.37,0,1
339,37,1.0,68705.0,2237.47,24.6,0.825,0,2,26.0,0,1,0,0.52814,0.078,3.06,2.632,58.66,1,0
340,41,27.5,50973.0,3801.66,0.0,0.519,3,2,18.0,1,1,1,0.37318,0.05,1.196,0.774,28.08,0,1
341,33,17.9,122794.0,3908.07,16.8,0.99,0,2,60.0,0,1,0,0.51833,0.078,2.866,2.85,58.86,1,0
342,41,45.7,37901.0,5015.22,4.7,0.393,2,1,15.0,0,1,1,0.29691,0.075,1.011,1.34,36.3,0,1
343,21,22.1,65013.0,1554.09,4.0,0.357,1,3,13.0,0,1,0,0.321,0.075,1.03,0.844,29.79,0,1
344,47,19.7,67495.0,9175.13,10.5,0.543,2,2,8.0,0,1,1,0.41316,0.03,1.524,1.325,35.6,0,1
345,38,21.4,40174.0,14936.84,4.9,0.428,1,1,1.0,0,0,1,0.29478,0.075,0.057,0.045,5.73,1,0
346,42,18.1,47294.0,2567.88,3.5,0.465,0,1,30.0,1,0,0,0.18793,0.075,0.378,0.101,10.67,0,1
347,38,27.2,64271.0,3387.14,4.6,0.426,1,2,48.0,0,1,1,0.24863,0.075,1.042,1.119,32.08,1,0
348,29,16.3,60180.0,1528.67,17.5,0.854,1,2,24.0,0,1,1,0.47424,0.078,1.386,2.237,44.98,0,1
349,36,15.9,77227.0,4595.17,10.2,0.805,3,2,-13.0,0,1,0,0.54671,0.053,1.406,1.204,31.34,1,0
350,32,1.0,121220.0,6067.19,16.5,0.878,1,3,18.0,0,1,0,0.53275,0.078,2.413,1.984,48.42,1,0
351,36,34.2,75394.0,6455.99,7.4,0.522,2,3,-26.0,0,1,0,0.40282,0.075,0.728,0.187,16.68,0,1
352,35,32.6,51330.0,6709.06,23.6,0.99,0,2,51.0,0,1,1,0.56765,0.048,1.936,1.942,45.84,1,0
353,27,32.0,57285.0,10545.0,10.0,0.683,3,2,-40.0,0,1,0,0.37564,0.005,0.431,0.228,13.82,0,1
354,34,40.8,66660.0,3396.42,11.1,0.745,2,3,-23.0,0,1,1,0.45579,0.03,0.659,1.362,32.86,0,1
355,63,74.2,125480.0,61910.2,6.6,0.852,2,4,54.0,0,1,0,0.26441,0.093,0.621,0.874,27.46,0,1
356,34,34.2,75017.0,3566.9,9.5,0.628,4,2,-4.0,0,1,0,0.4248,0.005,1.239,1.167,33.85,0,1
357,33,12.2,64193.0,1824.7,5.0,0.398,0,1,25.0,0,1,1,0.25321,0.105,1.613,2.306,47.79,0,1
358,29,24.3,94140.0,3482.59,0.0,0.221,0,2,-15.0,0,1,0,0.21652,0.075,0.996,0.569,19.68,0,1
359,51,76.5,137861.0,88614.97,6.1,0.537,0,3,35.0,0,0,0,0.24453,0.075,1.383,1.232,38.41,0,1
360,33,37.4,52751.0,4165.86,7.0,0.613,7,3,28.0,1,1,1,0.62398,0.05,1.053,1.401,33.17,1,0
361,34,31.0,80565.0,3302.26,2.9,0.3,3,1,-3.0,0,1,0,0.29373,0.05,0.225,0.109,12.91,0,1
362,35,10.4,106885.0,4980.3,13.1,0.726,0,3,35.0,0,1,1,0.37948,0.06,3.325,3.27,75.58,1,0
363,24,13.6,80923.0,6898.9,16.1,0.907,1,3,55.0,0,1,1,0.54902,0.078,1.932,2.01,50.7,1,0
364,35,14.6,71108.0,9715.25,19.8,0.985,0,2,27.0,0,1,1,0.59841,0.078,2.66,3.005,65.35,1,0
365,44,30.4,85179.0,6152.09,9.4,0.563,6,3,6.0,1,0,1,0.59532,0.005,0.041,0.217,15.26,0,1
366,56,76.0,130355.0,61771.24,4.8,0.739,0,5,-0.0,0,1,0,0.26097,0.075,1.081,1.179,32.72,1,0
367,36,1.0,33869.0,7122.95,1.7,0.498,0,3,-36.0,0,1,0,0.25878,0.105,0.498,0.342,20.19,1,0
368,61,31.4,83831.0,25508.58,8.0,0.716,4,1,-2.0,1,1,0,0.599,0.005,1.256,0.949,24.51,0,1
369,56,61.0,175592.0,44344.38,4.2,0.879,1,4,15.0,0,1,0,0.42113,0.093,0.137,0.427,16.84,0,1
370,37,5.5,87063.0,3323.26,5.3,0.718,0,1,-1.0,0,0,1,0.30783,0.105,0.776,1.828,41.88,1,0
371,29,30.1,48435.0,2203.69,8.2,0.51,2,2,27.0,0,1,1,0.42301,0.03,1.907,1.918,44.75,0,1
372,28,7.3,80786.0,1743.22,14.4,0.849,0,2,56.0,0,1,1,0.44818,0.078,3.017,3.348,77.18,1,0
373,59,57.7,147549.0,26710.75,8.2,0.647,0,4,11.0,0,0,0,0.2832,0.03,2.223,1.884,39.19,1,0
374,61,84.2,141218.0,34424.05,6.8,0.813,0,4,44.0,0,1,0,0.21984,0.093,2.492,1.873,46.06,1,0
375,39,28.1,78394.0,4190.87,14.3,0.802,0,2,38.0,0,1,0,0.52545,0.048,2.974,2.606,54.39,1,0
376,34,22.9,76766.0,6636.56,16.5,0.99,0,3,52.0,0,1,1,0.48032,0.048,3.308,3.825,81.51,0,1
377,26,26.6,62471.0,1165.79,2.7,0.411,0,1,10.0,0,0,0,0.28217,0.075,0.335,0.13,12.0,0,1
378,52,60.0,168551.0,28430.22,5.8,0.665,0,4,5.0,0,0,1,0.26147,0.075,1.368,1.583,39.18,0,1
379,40,86.0,191853.0,117018.97,3.6,0.551,1,3,20.0,0,0,0,0.23559,0.075,0.484,0.063,8.16,0,1
380,25,31.6,48102.0,5730.21,4.7,0.284,1,1,-36.0,0,1,1,0.25162,0.075,1.208,0.693,21.31,0,1
381,40,22.0,68727.0,11940.85,11.9,0.559,0,3,-4.0,0,1,1,0.41111,0.03,1.546,1.534,35.83,0,1
382,39,5.2,52638.0,3867.3,6.4,0.573,1,2,18.0,0,0,0,0.32981,0.105,1.33,1.015,28.47,0,1
383,41,28.8,50643.0,2365.72,8.5,0.353,2,2,-3.0,0,0,1,0.31873,0.03,0.815,1.374,32.99,0,1
384,52,61.3,89204.0,10232.72,6.2,0.817,1,5,32.0,0,1,0,0.26645,0.093,0.266,0.124,9.01,1,0
385,53,44.9,138905.0,43071.84,10.3,0.577,0,3,15.0,0,1,0,0.43856,0.03,0.639,0.261,16.24,1,0
386,28,27.1,67152.0,610.87,1.5,0.312,0,1,34.0,0,1,0,0.19561,0.075,1.154,1.029,25.55,1,0
387,37,27.8,69047.0,6474.23,10.9,0.618,5,2,-32.0,1,1,1,0.65191,0.005,0.701,1.031,25.0,0,1
388,24,28.4,58857.0,2992.87,8.9,0.505,1,1,4.0,0,1,0,0.29505,0.03,2.007,1.511,38.64,1,0
389,18,21.3,85090.0,3364.92,17.3,0.921,1,2,19.0,0,1,0,0.49865,0.048,1.611,1.778,37.98,0,1
390,40,14.7,86361.0,12305.07,9.0,0.447,0,2,14.0,0,1,0,0.2564,0.06,0.276,0.296,15.5,0,1
391,33,38.6,64285.0,26187.03,7.4,0.766,1,3,12.0,0,1,1,0.37077,0.093,0.672,0.677,27.01,0,1
392,35,10.0,55390.0,8805.75,15.6,0.91,1,3,5.0,0,1,0,0.46257,0.078,1.178,1.209,34.53,1,0
393,46,25.8,70263.0,4384.08,6.5,0.538,5,3,4.0,1,1,0,0.5841,0.05,0.472,0.267,10.21,0,1
394,34,24.6,119729.0,27892.6,9.1,0.465,1,2,23.0,0,0,0,0.25683,0.03,0.897,0.625,27.41,0,1
395,33,29.6,55550.0,6728.87,16.7,0.99,0,2,46.0,0,1,1,0.40399,0.048,2.694,2.351,54.14,1,0
396,44,58.6,164480.0,17347.51,8.1,0.593,0,4,21.0,0,0,1,0.32989,0.03,1.592,1.576,41.4,0,1
397,22,38.5,80654.0,3064.48,3.2,0.394,1,1,9.0,0,1,1,0.33443,0.075,0.594,1.408,33.3,0,1
398,30,37.4,40127.0,8390.93,14.7,0.99,1,1,34.0,0,1,1,0.45376,0.048,2.467,2.841,67.86,0,1
399,46,53.1,154164.0,21681.61,8.9,0.866,0,4,71.0,0,1,0,0.26852,0.048,2.108,2.022,50.07,0,1
400,46,26.9,162418.0,35060.74,7.6,0.668,0,4,50.0,0,0,0,0.296,0.075,0.486,0.551,18.9,1,0
401,63,74.5,128390.0,39308.69,4.9,0.625,0,5,51.0,0,1,1,0.3011,0.075,0.232,0.596,16.45,0,1
402,24,17.9,49551.0,1466.76,0.0,0.429,1,2,51.0,0,1,1,0.21956,0.105,0.558,0.458,22.61,0,1
403,38,11.6,50303.0,2516.96,2.9,0.38,2,2,36.0,0,1,0,0.29989,0.105,1.057,0.676,25.86,0,1
404,22,8.9,69548.0,2310.65,12.3,0.861,0,2,42.0,0,1,1,0.34102,0.078,1.62,1.919,41.35,1,0
405,41,17.0,54379.0,5276.41,2.2,0.391,0,1,10.0,0,1,1,0.21716,0.105,1.178,1.493,35.25,1,0
406,37,37.6,51678.0,1662.59,3.4,0.53,1,1,55.0,0,1,1,0.2697,0.075,0.409,0.754,23.16,0,1
407,32,17.9,69250.0,5439.84,15.6,0.89,0,3,30.0,0,1,1,0.48705,0.078,2.949,3.399,79.05,1,0
408,28,37.4,81374.0,1215.32,2.7,0.58,1,2,7.0,0,1,1,0.29659,0.075,1.126,1.601,42.08,0,1
409,24,21.9,54753.0,2154.04,21.9,0.887,2,3,25.0,0,1,1,0.63766,0.048,2.024,2.471,56.49,1,0
410,41,18.3,36792.0,1391.51,1.1,0.39,0,2,-25.0,0,1,0,0.21536,0.075,0.381,0.253,14.75,0,1
411,50,26.3,99733.0,6627.43,12.3,0.731,1,2,-25.0,0,1,0,0.39247,0.03,1.974,1.292,32.44,1,0
412,41,37.7,68362.0,8995.19,8.6,0.592,2,3,-24.0,1,1,0,0.50841,0.03,1.95,1.763,47.88,0,1
413,23,25.8,68437.0,5704.0,14.2,0.886,0,3,32.0,0,1,0,0.38417,0.048,1.94,1.422,35.72,0,1
414,37,34.0,57255.0,948.06,6.1,0.434,1,2,22.0,0,0,0,0.24256,0.075,0.707,0.357,20.64,0,1
415,46,12.9,80418.0,4032.8,14.8,0.99,0,3,44.0,0,1,1,0.44777,0.078,2.036,2.664,57.36,1,0
416,30,18.1,65973.0,2762.69,13.8,0.934,0,3,63.0,1,1,0,0.45255,0.048,1.594,1.19,31.03,0,1
417,39,23.0,87124.0,6368.05,20.8,0.99,2,2,47.0,0,1,1,0.56536,0.048,3.064,3.254,74.16,1,0
418,30,17.4,45501.0,2520.98,0.0,0.404,1,1,13.0,0,1,1,0.32321,0.105,0.9,1.271,31.69,1,0
419,29,2.4,70052.0,4269.67,15.3,0.99,0,1,38.0,0,1,0,0.56381,0.078,2.645,2.535,52.57,0,1
420,39,12.3,32446.0,1848.54,5.0,0.456,0,1,47.0,0,0,0,0.29936,0.105,1.562,1.62,35.22,1,0
421,41,28.1,98807.0,24543.88,12.8,0.687,3,3,-16.0,0,1,1,0.54449,0.005,1.088,1.261,30.49,0,1
422,24,23.9,72471.0,1953.75,14.9,0.99,2,3,61.0,1,1,1,0.61771,0.048,2.288,2.266,52.23,0,1
423,23,31.1,91073.0,3470.33,23.2,0.796,1,3,22.0,0,1,1,0.55821,0.048,2.576,2.977,70.01,1,0
424,36,1.0,86436.0,4825.99,18.0,0.908,1,3,39.0,0,1,1,0.51313,0.078,3.34,3.354,81.75,1,0
425,46,23.8,83522.0,6794.12,2.6,0.695,1,2,30.0,0,1,0,0.26712,0.075,0.82,0.494,20.21,0,1
426,46,17.7,58876.0,1825.87,0.6,0.553,1,1,23.0,0,0,0,0.23499,0.105,0.194,0.07,6.34,0,1
427,42,25.5,84399.0,1386.08,16.6,0.99,0,2,17.0,0,1,0,0.51783,0.048,1.529,1.894,44.22,0,1
428,36,15.7,45513.0,1913.88,1.4,0.442,2,1,-10.0,0,1,0,0.25397,0.105,1.157,0.713,22.93,0,1
429,27,10.8,55396.0,2412.05,17.5,0.99,0,3,74.0,0,1,0,0.41471,0.078,2.756,2.53,53.64,1,0
430,44,5.1,57411.0,8936.18,3.3,0.358,1,2,12.0,0,0,1,0.27634,0.105,0.69,1.161,28.6,0,1
431,40,27.8,49107.0,13074.51,1.3,0.266,0,2,5.0,0,0,0,0.16842,0.075,0.183,0.072,10.31,0,1
432,28,20.1,86696.0,2902.57,1.9,0.399,1,1,-5.0,0,1,0,0.26256,0.075,0.835,0.8,28.11,0,1
433,31,23.2,79675.0,3210.25,11.3,0.722,1,2,-14.0,0,1,0,0.43718,0.03,2.074,1.48,37.31,0,1
434,38,18.9,48623.0,4846.91,0.0,0.311,0,1,37.0,0,0,1,0.23729,0.075,0.814,0.879,28.35,0,1
435,28,29.5,70627.0,2378.28,18.8,0.738,0,3,31.0,0,0,0,0.41356,0.03,1.922,1.667,38.22,0,1
436,29,3.9,78779.0,3149.1,18.9,0.711,1,4,33.0,0,1,0,0.51363,0.06,2.542,1.964,52.32,1,0
437,37,5.9,74617.0,2990.15,15.1,0.981,0,1,55.0,0,1,1,0.35968,0.078,1.593,1.638,37.43,0,1
438,54,77.0,148506.0,23113.28,4.2,0.481,0,4,14.0,0,1,0,0.17327,0.075,1.397,1.643,39.98,0,1
439,44,22.9,60104.0,2382.25,6.0,0.49,0,1,-8.0,0,1,0,0.21907,0.075,0.67,0.785,21.7,0,1
440,24,39.0,49461.0,3406.43,7.7,0.554,4,2,-8.0,1,1,1,0.56578,0.05,0.411,0.487,14.49,0,1
441,37,26.8,33009.0,1900.85,0.4,0.345,2,1,11.0,0,1,0,0.25836,0.075,1.871,1.649,46.6,0,1
442,34,15.6,68708.0,8732.41,21.2,0.79,1,2,29.0,0,1,0,0.54917,0.078,1.796,1.93,46.94,0,1
443,24,17.8,68640.0,2935.27,2.1,0.453,1,2,19.0,0,1,0,0.2968,0.105,0.442,0.162,12.44,0,1
444,24,26.0,68916.0,4881.88,12.0,0.817,1,2,48.0,0,1,1,0.4412,0.048,1.179,1.416,41.5,0,1
445,23,29.9,106124.0,1054.55,16.8,0.899,0,2,7.0,0,1,0,0.5692,0.048,1.684,1.893,48.8,0,1
446,38,44.0,71094.0,14812.94,8.8,0.634,0,2,7.0,0,0,0,0.31091,0.03,1.699,1.614,38.53,0,1
447,46,7.8,85113.0,1921.34,8.5,0.497,1,1,-1.0,0,1,0,0.33877,0.06,0.259,0.105,9.67,1,0
448,52,46.7,98266.0,16610.27,8.0,0.693,2,3,7.0,0,1,1,0.41765,0.03,1.343,1.344,35.12,1,0
449,23,11.7,100946.0,4974.65,15.0,0.918,0,3,84.0,0,1,0,0.52492,0.078,1.746,1.643,41.16,1,0
450,42,21.9,52025.0,5551.71,9.9,0.474,2,1,-9.0,0,1,0,0.38777,0.03,1.105,0.456,15.94,1,0
451,33,14.0,76353.0,1512.12,16.5,0.951,0,2,32.0,0,1,0,0.41816,0.078,1.159,0.813,22.18,0,1
452,38,32.0,82079.0,12332.8,5.1,0.502,0,1,36.0,0,1,0,0.16085,0.075,1.043,0.979,23.55,1,0
453,41,37.5,77494.0,13484.65,9.7,0.57,4,3,-24.0,0,1,0,0.38873,0.005,0.081,0.403,23.61,0,1
454,31,12.9,88271.0,7885.9,16.4,0.868,0,2,80.0,0,1,1,0.48531,0.078,1.888,2.133,52.2,0,1
455,41,26.1,52248.0,14677.5,14.9,0.99,0,1,35.0,0,1,0,0.42019,0.048,2.28,2.14,45.33,1,0
456,37,17.7,127588.0,5205.59,18.2,0.758,1,3,32.0,0,1,0,0.42772,0.078,0.931,0.428,20.99,0,1
457,28,15.1,47649.0,7225.9,3.5,0.484,0,1,55.0,0,0,0,0.23837,0.105,1.374,0.668,26.82,1,0
458,55,53.5,80540.0,23445.11,10.2,0.755,1,4,41.0,1,1,0,0.53474,0.048,0.7,0.236,7.75,1,0
459,41,26.9,53664.0,4845.44,8.2,0.392,1,2,41.0,0,1,0,0.3037,0.03,2.604,2.112,47.98,0,1
460,40,30.0,37183.0,5311.52,7.2,0.571,1,2,-8.0,0,1,0,0.45027,0.075,0.595,1.195,36.94,0,1
461,46,14.5,53714.0,5765.74,15.5,0.546,1,2,-10.0,0,1,0,0.41534,0.06,1.465,1.365,29.64,0,1
462,30,26.2,151643.0,4792.86,14.1,0.9,1,1,-12.0,0,1,1,0.56691,0.048,1.634,1.983,43.17,1,0
463,36,16.2,53246.0,1316.27,2.6,0.529,0,1,29.0,1,0,0,0.26912,0.105,0.679,0.245,12.66,0,1
464,50,81.1,93855.0,39640.91,9.5,0.618,0,3,41.0,0,1,1,0.22533,0.03,0.271,0.587,24.76,1,0
465,24,14.2,72493.0,6531.71,10.2,0.932,1,2,-10.0,0,1,1,0.40561,0.078,2.008,2.072,44.64,1,0
466,37,28.8,56501.0,2197.95,9.2,0.54,2,1,3.0,0,1,1,0.38165,0.03,0.864,1.198,28.77,0,1
467,33,22.6,90930.0,5941.5,11.2,0.742,3,2,-7.0,0,1,1,0.56133,0.005,1.337,1.353,34.42,0,1
468,27,10.3,46403.0,2397.26,5.2,0.49,1,1,-8.0,0,1,0,0.31534,0.105,0.827,0.407,13.2,1,0
469,39,10.2,81764.0,7833.59,21.6,0.912,0,2,51.0,0,0,1,0.56581,0.078,2.117,2.072,43.42,0,1
470,53,83.2,101245.0,38517.57,7.9,0.802,0,5,30.0,0,1,0,0.2371,0.093,0.936,0.946,29.47,1,0
471,49,63.7,278381.0,81989.64,5.7,0.464,0,5,48.0,0,1,0,0.21409,0.075,1.778,1.307,33.6,1,0
472,45,52.5,158101.0,44871.69,6.5,0.687,0,4,29.0,0,1,0,0.24837,0.075,1.814,1.23,32.21,1,0
473,31,1.0,73072.0,3139.31,17.3,0.821,0,1,35.0,0,1,1,0.5652,0.078,1.9,2.181,50.95,1,0
474,36,1.0,70220.0,4332.5,17.3,0.852,0,3,34.0,0,1,0,0.49975,0.078,2.698,2.674,58.67,1,0
475,23,9.6,65448.0,3588.9,16.6,0.847,0,3,27.0,0,1,1,0.47285,0.078,1.996,2.406,56.94,0,1
476,49,54.4,112371.0,43944.1,5.7,0.534,0,3,24.0,0,1,1,0.23638,0.075,1.547,2.191,48.23,1,0
477,55,59.3,111540.0,33268.81,11.0,0.458,0,3,42.0,0,0,0,0.2486,0.03,2.506,2.028,46.43,1,0
478,24,3.7,113275.0,5316.83,14.2,0.633,2,1,-22.0,0,0,0,0.47108,0.06,1.993,1.685,38.01,0,1
479,38,29.9,62020.0,8044.85,9.1,0.583,0,2,-30.0,0,1,0,0.42299,0.03,1.586,1.363,31.69,1,0
480,46,74.3,77658.0,43185.44,12.9,0.607,0,4,49.0,0,1,0,0.2225,0.03,1.276,0.974,27.11,0,1
481,48,81.5,100730.0,16635.88,10.3,0.724,0,5,31.0,0,0,0,0.26683,0.03,1.953,1.697,38.64,0,1
482,25,1.0,97633.0,5529.7,22.0,0.95,0,3,59.0,0,1,1,0.57044,0.078,2.248,3.149,67.87,1,0
483,39,21.4,67258.0,2867.09,10.3,0.561,3,3,-12.0,0,1,0,0.38623,0.005,1.656,1.12,30.35,0,1
484,62,51.7,133093.0,65651.29,8.4,0.976,1,4,23.0,0,1,1,0.37667,0.048,2.473,2.462,60.38,0,1
485,27,17.7,104228.0,6339.15,18.3,0.99,0,3,11.0,0,1,0,0.45529,0.078,2.145,1.6,42.95,1,0
486,51,47.4,111879.0,92274.69,6.8,0.909,1,4,13.0,0,1,0,0.35448,0.093,0.749,0.489,16.48,0,1
487,63,82.2,163695.0,15486.18,9.1,0.594,1,5,17.0,0,0,0,0.28945,0.03,1.518,1.561,45.18,0,1
488,25,16.5,63460.0,9401.05,19.6,0.927,0,2,49.0,0,1,0,0.35838,0.078,2.187,1.735,44.15,0,1
489,51,29.5,84112.0,14697.81,11.2,0.454,1,3,-10.0,1,0,0,0.47033,0.03,2.206,1.83,39.03,0,1
490,38,50.1,64784.0,7106.36,8.9,0.554,1,2,-27.0,0,0,1,0.31067,0.03,1.299,1.334,36.69,1,0
491,50,30.8,67454.0,6262.77,9.5,0.526,1,3,-61.0,0,1,1,0.38435,0.03,1.251,1.334,37.01,0,1
492,43,35.8,89846.0,3951.51,11.0,0.92,4,2,1.0,0,1,1,0.55039,0.023,1.38,1.446,37.29,0,1
493,40,22.0,88114.0,3335.64,11.0,0.514,4,2,9.0,0,0,0,0.51981,0.005,1.315,1.199,32.52,0,1
494,49,45.6,131972.0,19637.35,10.0,0.614,3,5,52.0,0,0,0,0.41935,0.005,0.685,0.433,16.2,1,0
495,31,14.7,51946.0,1326.25,5.4,0.27,0,3,-8.0,0,0,0,0.31112,0.105,0.514,0.319,8.88,0,1
496,39,57.2,110879.0,22570.89,6.8,0.649,2,2,12.0,0,1,1,0.23425,0.075,1.415,1.794,43.38,0,1
497,55,69.6,161802.0,12054.07,6.2,0.541,0,4,45.0,0,1,1,0.24499,0.075,0.964,1.25,33.74,0,1
498,38,34.3,64784.0,8812.96,10.2,0.691,6,3,3.0,0,0,1,0.58448,0.005,1.05,1.106,30.92,1,0
499,47,50.3,115691.0,42476.21,10.2,0.443,0,4,22.0,0,1,0,0.26244,0.03,1.578,1.425,36.6,1,0
500,47,72.9,181994.0,40370.95,9.9,0.627,0,4,31.0,0,0,0,0.2877,0.03,1.152,0.77,32.09,1,0
501,42,5.7,60867.0,4007.03,2.7,0.227,4,1,45.0,0,1,1,0.39489,0.08,0.683,1.135,29.02,0,1
502,44,3.2,56451.0,5549.86,4.1,0.376,1,1,42.0,0,0,0,0.2455,0.105,0.448,0.327,17.42,0,1
503,30,15.3,60860.0,2245.13,1.3,0.398,2,2,9.0,0,1,0,0.36965,0.105,0.091,0.215,16.23,0,1
504,44,85.5,151178.0,33873.87,4.2,0.574,0,5,38.0,0,0,0,0.24687,0.075,1.602,1.073,30.33,0,1
505,41,53.8,70906.0,6610.28,9.2,0.535,3,3,-50.0,0,1,0,0.47196,0.005,2.178,1.385,35.7,0,1
506,46,16.6,81657.0,6995.41,8.2,0.537,1,1,33.0,0,0,1,0.28168,0.06,1.692,1.728,39.6,0,1
507,57,53.9,193887.0,125292.22,8.3,0.879,0,3,48.0,0,1,0,0.40406,0.048,1.847,2.003,45.5,1,0
508,26,2.3,68112.0,1380.65,9.7,0.467,1,2,17.0,0,1,1,0.39113,0.06,1.703,1.967,40.61,0,1
509,47,62.9,200022.0,8546.49,7.6,0.545,0,4,23.0,1,1,0,0.31082,0.075,1.379,1.397,35.65,1,0
510,22,17.9,76175.0,6514.39,16.1,0.907,1,2,45.0,0,1,1,0.47977,0.078,2.072,2.333,59.5,1,0
511,27,25.5,91572.0,9023.39,13.3,0.861,0,2,72.0,0,1,0,0.39089,0.048,1.516,1.249,33.73,1,0
512,46,32.9,77381.0,10704.32,3.6,0.528,0,1,17.0,0,0,0,0.29238,0.075,1.274,0.735,22.63,0,1
513,19,13.6,100070.0,7269.64,12.8,0.932,1,2,94.0,0,1,0,0.39844,0.078,2.204,1.901,41.25,1,0
514,18,22.7,97325.0,11148.84,11.8,0.726,1,3,59.0,0,1,0,0.31598,0.03,1.406,1.11,31.31,1,0
515,43,53.6,163641.0,94139.28,4.8,0.761,0,4,17.0,0,1,0,0.31682,0.093,1.205,0.762,18.14,0,1
516,31,22.4,128916.0,11660.22,16.2,0.99,0,3,36.0,0,0,0,0.40536,0.048,0.934,0.926,24.22,0,1
517,53,55.9,119287.0,56740.61,6.0,0.804,0,5,21.0,0,1,1,0.23908,0.093,1.884,1.805,37.92,1,0
518,38,27.5,56578.0,1303.66,3.2,0.373,1,2,26.0,0,0,0,0.25804,0.075,1.575,1.275,30.39,1,0
519,37,20.5,71723.0,4475.61,17.1,0.933,0,1,66.0,0,1,0,0.40429,0.048,1.42,1.536,38.33,1,0
520,23,22.8,53419.0,3646.02,0.3,0.3,1,3,43.0,0,1,0,0.23471,0.075,1.183,1.073,31.64,1,0
521,43,31.5,34487.0,2811.55,4.7,0.424,1,1,4.0,0,0,0,0.3197,0.075,1.417,1.258,30.51,1,0
522,47,43.2,200030.0,31217.13,10.3,0.684,0,5,43.0,0,1,1,0.28737,0.03,0.964,1.234,37.2,0,1
523,34,3.2,57610.0,12463.14,18.5,0.83,0,2,68.0,0,1,0,0.45737,0.078,0.914,1.339,36.04,1,0
524,29,27.8,75378.0,4891.51,10.4,0.628,2,2,21.0,0,1,1,0.38579,0.03,1.598,1.183,32.29,1,0
525,29,1.0,51771.0,7564.46,15.9,0.918,1,2,21.0,0,1,1,0.55667,0.078,2.101,2.306,49.79,1,0
526,51,57.1,163179.0,39307.8,6.3,0.591,0,3,46.0,0,1,0,0.26292,0.075,1.174,1.253,31.41,0,1
527,43,17.5,47726.0,1718.1,4.3,0.584,0,1,-13.0,0,1,1,0.33616,0.105,1.683,1.832,50.88,1,0
528,24,37.7,43416.0,1490.07,9.0,0.404,2,1,-1.0,0,0,1,0.3559,0.03,0.961,1.012,31.31,0,1
529,35,23.7,62179.0,992.78,5.2,0.445,2,4,-15.0,0,1,0,0.3726,0.075,2.554,1.944,45.72,0,1
530,41,74.4,114212.0,43875.71,7.7,0.479,0,3,22.0,0,1,0,0.26426,0.075,0.533,0.667,24.54,1,0
531,42,34.6,61660.0,7677.8,10.5,0.647,4,1,-36.0,0,0,1,0.5764,0.005,0.471,0.761,22.18,1,0
532,43,24.6,75418.0,4677.14,9.1,0.538,5,3,-30.0,0,1,1,0.58537,0.005,0.664,0.749,24.06,0,1
533,58,63.6,171272.0,9452.39,8.6,0.745,2,3,17.0,0,1,0,0.36068,0.03,1.336,0.899,28.47,1,0
534,34,39.8,57725.0,10598.41,8.3,0.446,1,1,-2.0,0,1,1,0.27663,0.03,1.718,2.024,49.63,0,1
535,35,30.3,58155.0,4019.49,14.9,0.947,0,1,45.0,0,0,0,0.43675,0.048,1.323,0.85,28.57,0,1
536,39,14.4,76483.0,2829.72,18.7,0.66,2,2,13.0,0,0,0,0.56703,0.06,1.225,1.355,38.06,0,1
537,26,11.2,83285.0,4275.13,3.7,0.658,1,2,44.0,0,0,0,0.25439,0.105,0.707,0.339,20.54,0,1
538,33,1.0,112807.0,3853.58,17.3,0.881,1,3,35.0,0,1,0,0.56088,0.078,2.247,1.722,38.38,1,0
539,36,12.1,56910.0,6107.85,14.7,0.944,0,2,19.0,0,1,1,0.46006,0.078,2.156,2.544,60.17,1,0
540,33,1.0,54146.0,2420.86,0.0,0.364,2,2,21.0,0,0,0,0.28379,0.105,0.425,0.104,13.05,0,1
541,27,43.5,81045.0,1385.51,1.9,0.326,0,1,10.0,0,0,0,0.21901,0.075,0.326,0.033,6.85,0,1
542,45,38.2,122658.0,7703.39,8.9,0.542,5,2,-23.0,0,1,0,0.57535,0.005,0.851,0.965,26.38,1,0
543,27,14.4,45123.0,5919.3,4.8,0.451,2,1,17.0,0,1,1,0.4214,0.105,1.482,2.048,44.75,0,1
544,34,8.7,48330.0,3079.56,6.5,0.493,1,1,-3.0,0,1,0,0.3489,0.105,1.318,1.244,30.64,0,1
545,29,28.3,84237.0,4704.66,18.2,0.933,1,1,38.0,0,1,1,0.48399,0.048,1.959,2.563,62.16,1,0
546,54,48.6,118068.0,25895.03,3.8,0.537,0,5,62.0,0,1,0,0.23598,0.075,1.276,0.885,25.67,1,0
547,45,49.8,112422.0,17947.56,9.0,0.842,1,4,36.0,0,1,0,0.28466,0.048,1.761,1.733,46.15,1,0
548,24,6.8,81186.0,2469.94,18.0,0.937,0,1,56.0,0,1,0,0.51329,0.078,2.602,2.386,49.72,1,0
549,36,23.4,89647.0,1018.58,5.1,0.362,0,2,0.0,0,1,0,0.21415,0.075,1.725,1.469,38.69,1,0
550,56,69.4,96901.0,68960.42,9.4,0.687,2,3,37.0,0,1,0,0.28082,0.03,1.48,1.421,34.09,1,0
551,65,76.3,206811.0,43221.2,2.8,0.668,0,4,19.0,0,1,0,0.28316,0.075,0.449,0.162,8.89,1,0
552,18,28.5,65075.0,4747.86,13.3,0.881,1,2,29.0,0,0,0,0.32823,0.048,0.713,0.818,36.32,0,1
553,31,16.0,83437.0,5453.22,19.7,0.868,0,3,36.0,0,1,0,0.55479,0.078,2.575,2.445,64.4,1,0
554,27,34.2,90656.0,3740.83,3.7,0.538,0,1,-3.0,0,0,1,0.33843,0.075,0.314,0.439,12.43,0,1
555,36,7.9,82978.0,2791.62,22.0,0.99,0,3,64.0,0,0,0,0.5338,0.078,2.814,2.624,58.42,1,0
556,22,1.0,70134.0,3642.45,12.5,0.676,0,3,55.0,0,1,0,0.402,0.06,1.693,1.072,28.88,1,0
557,24,7.9,92263.0,3306.34,20.2,0.99,1,1,0.0,0,1,0,0.5021,0.078,1.514,0.982,24.05,0,1
558,45,52.3,131696.0,163720.63,6.4,0.642,0,4,67.0,0,1,0,0.22063,0.075,1.945,1.248,36.1,1,0
559,37,23.4,82883.0,15526.88,11.3,0.616,3,2,4.0,0,1,0,0.50003,0.005,1.05,0.536,21.67,0,1
560,51,50.5,130580.0,35689.6,7.2,0.789,0,3,56.0,0,1,1,0.28732,0.093,1.879,2.274,48.9,1,0
561,32,10.5,95894.0,10934.98,16.3,0.608,0,1,41.0,0,1,1,0.43031,0.06,2.338,2.393,49.38,1,0
562,29,23.4,52159.0,10073.16,17.6,0.99,0,3,16.0,0,1,0,0.50088,0.048,1.232,1.055,29.28,1,0
563,26,42.6,44875.0,1222.96,2.8,0.571,0,4,-15.0,0,1,0,0.26217,0.075,1.715,1.23,31.44,0,1
564,43,10.3,49218.0,6921.18,11.2,0.514,2,2,24.0,0,1,1,0.35981,0.06,2.351,2.607,51.4,1,0
565,38,15.5,70911.0,7915.56,8.3,0.437,2,3,-39.0,0,1,0,0.44396,0.06,1.506,1.362,30.13,1,0
566,46,21.5,47641.0,11904.72,9.5,0.77,1,3,-35.0,0,1,0,0.37672,0.048,1.572,1.768,41.06,1,0
567,30,31.2,48947.0,2593.52,0.0,0.237,1,1,2.0,0,1,0,0.21487,0.075,0.076,0.057,10.07,0,1
568,18,13.5,56357.0,4220.83,15.1,0.946,0,3,18.0,1,0,0,0.58648,0.078,2.37,2.178,54.64,1,0
569,49,53.3,205771.0,23709.11,11.4,0.753,0,6,44.0,0,1,0,0.24826,0.048,2.758,2.189,49.52,1,0
570,47,39.6,55102.0,15819.6,10.9,0.634,2,2,4.0,0,1,1,0.41178,0.03,0.393,0.673,20.22,0,1
571,50,73.5,97503.0,12522.97,10.4,0.702,0,5,42.0,0,1,0,0.32162,0.03,1.313,1.127,25.34,1,0
572,34,21.8,63092.0,2272.39,4.6,0.401,0,1,-2.0,0,0,0,0.29966,0.075,0.904,0.32,16.63,1,0
573,43,52.2,217608.0,9653.75,12.5,0.691,2,3,39.0,0,0,1,0.41715,0.03,2.248,2.377,59.16,0,1
574,47,25.2,57180.0,1536.25,5.3,0.352,1,1,44.0,1,1,0,0.28296,0.075,0.404,0.376,14.3,0,1
575,28,19.2,58386.0,3686.87,2.7,0.366,1,2,-17.0,0,1,0,0.35644,0.075,1.09,0.288,15.75,0,1
576,44,59.1,195539.0,39814.7,10.3,0.644,0,4,55.0,0,0,0,0.22816,0.03,0.835,0.501,21.26,1,0
577,39,15.9,74788.0,2447.43,7.0,0.261,1,2,25.0,1,1,1,0.3815,0.105,1.014,1.052,26.76,0,1
578,25,42.1,80764.0,16610.45,10.7,0.653,5,3,-10.0,0,0,1,0.55525,0.005,1.816,1.632,35.45,0,1
579,44,25.0,50416.0,7233.62,3.4,0.157,4,3,13.0,0,1,1,0.31163,0.05,0.118,0.184,7.59,0,1
580,53,74.4,156079.0,30591.99,8.8,0.68,1,5,41.0,0,0,0,0.27754,0.03,1.924,1.077,30.32,1,0
581,55,78.0,95568.0,37656.94,11.8,0.69,2,5,15.0,0,0,1,0.47905,0.03,0.743,1.298,34.1,0,1
582,42,36.5,60842.0,5961.29,10.3,0.503,3,2,-39.0,0,1,0,0.40977,0.005,2.024,2.119,50.85,0,1
583,28,9.9,111858.0,6763.59,12.0,0.764,0,2,61.0,0,1,0,0.27747,0.078,2.006,1.537,29.69,1,0
584,42,74.5,196133.0,14725.73,6.3,0.595,0,4,10.0,0,1,0,0.22483,0.075,1.097,1.145,31.07,0,1
585,34,27.6,66397.0,9639.84,2.7,0.5,0,1,-11.0,0,1,0,0.28218,0.075,0.556,0.618,19.55,1,0
586,31,62.2,42766.0,16784.1,7.0,0.628,4,2,-18.0,1,1,0,0.57187,0.05,1.265,0.777,25.96,0,1
587,32,19.7,54845.0,2064.27,10.3,0.778,0,3,49.0,0,1,0,0.3434,0.048,0.894,0.59,23.7,0,1
588,55,70.4,114869.0,19160.94,13.1,0.652,0,5,25.0,0,0,1,0.24701,0.03,1.585,2.222,46.24,1,0
589,39,19.5,72557.0,5917.35,13.6,0.929,2,2,30.0,0,1,1,0.50184,0.048,1.149,1.67,36.02,0,1
590,32,14.8,54224.0,3611.83,13.8,0.924,0,3,62.0,0,1,1,0.44355,0.078,1.748,2.015,47.32,1,0
591,41,18.9,55204.0,4274.22,0.0,0.321,1,1,4.0,0,1,0,0.2608,0.075,1.561,1.614,35.38,1,0
592,47,65.5,222388.0,25333.52,10.3,0.657,0,4,19.0,0,1,0,0.32316,0.03,2.094,2.335,58.55,1,0
593,46,68.3,153773.0,86216.67,7.8,0.741,0,3,41.0,0,1,0,0.19356,0.075,2.361,2.538,66.38,1,0
594,41,44.9,76382.0,8043.31,8.1,0.649,2,3,-7.0,0,1,0,0.32216,0.03,1.643,1.77,42.66,0,1
595,26,19.7,57742.0,21702.73,15.2,0.945,0,3,45.0,0,1,1,0.41888,0.048,2.706,2.525,57.35,1,0
596,31,10.4,48823.0,6657.98,17.6,0.99,1,3,52.0,0,0,1,0.56944,0.078,3.088,3.374,67.99,1,0
597,31,27.1,51679.0,3327.86,7.7,0.608,3,2,-11.0,0,0,1,0.40058,0.05,1.003,1.664,42.76,0,1
598,32,15.1,45752.0,31052.03,3.6,0.497,3,3,8.0,1,1,1,0.44024,0.08,1.142,1.444,36.16,0,1
599,39,41.9,60208.0,6127.3,1.0,0.338,1,3,-17.0,0,1,1,0.25781,0.075,1.396,1.82,43.27,0,1
600,44,24.5,79863.0,10242.42,5.4,0.609,1,2,16.0,0,1,0,0.27395,0.075,1.456,0.969,28.71,0,1
601,42,73.6,106338.0,48717.96,8.7,0.482,0,3,17.0,0,1,0,0.22707,0.03,1.642,1.502,40.49,0,1
602,40,25.3,61404.0,1385.04,7.0,0.396,1,1,-21.0,0,1,0,0.33875,0.075,0.942,1.169,32.97,0,1
603,31,25.6,87721.0,928.46,8.5,0.481,0,2,-5.0,0,1,0,0.30218,0.03,1.024,0.944,28.82,0,1
604,35,20.6,100095.0,2919.68,0.1,0.559,0,1,3.0,0,1,0,0.27813,0.075,1.102,0.792,25.38,1,0
605,45,12.5,72642.0,7350.83,6.2,0.26,0,2,-4.0,0,1,0,0.26303,0.105,1.484,1.373,41.15,1,0
606,41,10.4,56280.0,3879.95,2.8,0.441,1,1,-8.0,0,1,0,0.34909,0.105,0.424,0.189,7.08,0,1
607,41,42.7,72011.0,9111.83,12.4,0.422,2,3,29.0,0,1,0,0.36359,0.03,1.284,1.167,28.29,0,1
608,42,17.4,109478.0,10621.4,19.7,0.904,0,3,27.0,0,1,1,0.49577,0.078,2.941,2.883,61.66,1,0
609,30,35.5,34315.0,3040.46,9.1,0.446,0,1,-33.0,0,1,1,0.37231,0.03,1.583,1.208,36.7,0,1
610,42,78.6,205904.0,69073.97,10.2,0.637,0,4,27.0,0,1,0,0.27257,0.03,1.214,1.458,32.82,1,0
611,33,26.1,62155.0,21523.14,10.0,0.743,2,3,31.0,0,1,0,0.3937,0.03,1.935,1.226,28.75,1,0
612,36,36.1,62316.0,7593.73,7.9,0.727,1,2,-28.0,1,1,0,0.43756,0.075,0.264,0.187,11.13,0,1
613,19,22.5,53608.0,2610.8,2.9,0.666,1,2,-7.0,0,0,1,0.36582,0.075,0.797,0.946,26.46,0,1
614,34,8.1,64326.0,3286.77,2.3,0.429,0,1,2.0,0,1,0,0.27673,0.105,0.893,0.625,26.36,0,1
615,25,13.8,56300.0,938.32,17.7,0.855,1,3,73.0,0,0,0,0.35311,0.078,2.005,1.518,36.74,0,1
616,40,29.1,54633.0,3599.85,8.7,0.324,0,1,3.0,0,1,0,0.26078,0.03,1.831,1.415,37.76,1,0
617,37,16.0,67990.0,4791.76,3.5,0.373,0,1,-9.0,0,0,0,0.23792,0.105,0.34,0.298,12.73,0,1
618,45,58.1,146389.0,35151.53,6.0,0.719,1,4,41.0,0,1,0,0.31462,0.075,2.172,1.795,40.96,0,1
619,33,13.9,84230.0,5630.04,12.0,0.99,0,4,49.0,0,1,0,0.30188,0.078,1.622,1.291,31.09,0,1
620,34,41.3,69635.0,4374.61,16.7,0.974,0,2,53.0,0,0,1,0.43032,0.048,2.683,2.476,54.08,0,1
621,30,1.0,71153.0,819.18,7.8,0.357,1,4,-10.0,0,1,1,0.3958,0.105,0.536,1.058,26.28,1,0
622,46,68.0,183550.0,94294.47,11.5,0.568,0,4,23.0,0,1,0,0.32605,0.03,2.715,1.7,36.89,0,1
623,19,19.0,77214.0,2362.04,8.2,0.645,0,1,31.0,0,1,0,0.31259,0.03,1.233,1.124,28.32,0,1
624,41,54.3,154889.0,21417.01,9.1,0.548,0,3,42.0,0,1,0,0.20568,0.03,1.131,1.048,26.27,1,0
625,30,18.7,76023.0,7252.17,4.7,0.586,0,2,25.0,0,0,0,0.26645,0.075,1.37,0.572,21.81,1,0
626,50,70.0,174590.0,60454.51,11.5,0.685,0,4,33.0,0,1,0,0.3731,0.03,1.676,1.771,42.12,1,0
627,28,30.7,121534.0,3582.66,1.5,0.349,0,2,30.0,0,0,0,0.18814,0.075,0.773,0.837,21.36,1,0
628,25,18.2,105595.0,7419.92,14.8,0.77,0,4,50.0,0,1,0,0.51259,0.048,2.352,1.937,51.16,1,0
629,29,44.1,70295.0,3776.13,13.6,0.514,1,3,-18.0,0,1,1,0.45241,0.03,1.538,1.818,49.31,0,1
630,36,37.2,46126.0,2846.33,1.6,0.476,0,2,24.0,0,1,0,0.21494,0.075,0.494,0.312,18.2,0,1
631,38,31.8,54983.0,6960.3,4.4,0.33,3,2,-7.0,0,1,0,0.36739,0.05,0.242,0.052,7.82,0,1
632,38,15.4,53944.0,1931.83,6.2,0.601,2,2,39.0,1,1,0,0.42983,0.105,1.723,1.112,27.51,0,1
633,29,21.9,87253.0,2351.75,16.2,0.877,0,1,63.0,0,1,0,0.38029,0.048,2.365,2.277,57.58,1,0
634,38,68.0,114227.0,33677.45,11.1,0.717,0,5,28.0,0,1,0,0.28737,0.03,3.342,2.503,54.57,1,0
635,25,6.2,104859.0,4808.64,20.1,0.968,0,2,40.0,0,0,1,0.61875,0.078,2.332,2.548,61.82,1,0
636,26,1.0,52224.0,6855.14,17.3,0.99,1,3,47.0,1,1,1,0.65201,0.078,2.435,3.028,66.64,0,1
637,35,6.7,46334.0,3266.25,12.8,0.542,5,3,-11.0,1,1,1,0.63327,0.035,1.513,1.151,29.87,0,1
638,39,31.8,69421.0,1525.54,6.5,0.602,2,3,17.0,0,1,1,0.32176,0.075,1.272,1.748,45.9,1,0
639,45,25.6,46995.0,5459.8,4.1,0.276,1,1,-0.0,0,1,1,0.21359,0.075,0.434,0.955,26.13,0,1
640,41,7.8,42006.0,1483.9,11.0,0.441,0,1,-19.0,0,1,1,0.48943,0.06,1.497,1.465,37.09,0,1
641,28,34.6,49676.0,2018.02,9.7,0.555,0,2,5.0,0,0,1,0.3756,0.03,1.038,1.937,42.77,1,0
642,40,23.8,48035.0,725.79,1.1,0.454,0,2,24.0,0,1,0,0.27679,0.075,1.095,0.845,23.32,1,0
643,33,32.2,76208.0,8749.27,16.0,0.99,0,2,63.0,0,1,1,0.383,0.048,3.062,3.478,71.53,1,0
644,23,20.4,64277.0,5650.8,16.4,0.957,1,2,46.0,0,1,0,0.44721,0.048,2.637,2.177,51.94,1,0
645,44,18.2,62246.0,9787.13,10.1,0.531,3,1,-20.0,1,0,1,0.48482,0.005,0.345,0.467,19.15,0,1
646,34,27.5,58923.0,3654.13,7.9,0.48,1,1,9.0,0,1,0,0.20088,0.075,0.677,0.289,11.53,0,1
647,19,24.0,99941.0,1179.36,21.0,0.739,1,1,32.0,0,0,1,0.46611,0.03,2.835,3.218,65.96,1,0
648,52,55.4,205276.0,16867.32,8.1,0.552,1,5,-10.0,0,1,0,0.34603,0.03,0.536,0.473,16.82,0,1
649,40,13.7,74931.0,5964.46,12.0,0.456,3,3,-24.0,0,1,0,0.51615,0.035,1.446,1.175,29.24,0,1
650,27,17.2,80772.0,2765.98,17.8,0.902,0,2,54.0,0,0,0,0.41401,0.078,1.414,1.679,43.63,1,0
651,49,50.0,131341.0,26822.83,7.9,0.633,0,5,29.0,0,1,1,0.31102,0.075,3.181,3.593,65.07,0,1
652,30,35.5,67187.0,3520.64,0.0,0.563,2,2,4.0,0,1,0,0.26052,0.075,0.131,0.038,5.81,0,1
653,42,26.1,80000.0,15388.59,11.7,0.579,4,3,13.0,0,1,1,0.55075,0.005,1.291,1.469,33.77,0,1
654,29,36.7,108713.0,1719.35,17.6,0.79,1,2,26.0,0,1,1,0.50994,0.048,2.651,2.617,61.4,0,1
655,36,1.0,35431.0,2982.82,5.6,0.602,1,1,-6.0,0,1,0,0.40984,0.105,0.877,0.633,23.32,0,1
656,51,63.6,129533.0,50817.42,5.4,0.316,0,5,40.0,0,0,0,0.20776,0.075,0.854,0.473,15.06,0,1
657,27,39.2,64658.0,1645.36,9.8,0.434,0,1,-4.0,0,0,0,0.27491,0.03,1.099,0.569,16.42,1,0
658,23,5.3,75463.0,3969.88,16.4,0.924,0,3,30.0,0,1,1,0.40423,0.078,1.63,1.998,50.01,1,0
659,23,29.1,55873.0,10834.12,5.9,0.589,3,3,21.0,0,0,1,0.28303,0.05,0.53,1.047,21.03,0,1
660,53,57.2,97166.0,32234.0,4.5,0.695,0,3,14.0,0,0,0,0.29104,0.075,0.776,0.769,23.2,0,1
661,21,7.8,94485.0,6974.82,17.8,0.912,0,1,30.0,0,1,1,0.39033,0.078,3.261,3.516,80.34,1,0
662,36,24.9,48094.0,3190.46,6.4,0.485,0,1,18.0,0,0,0,0.2757,0.075,2.192,2.175,47.1,1,0
663,32,1.0,47319.0,3674.32,14.7,0.834,1,4,43.0,0,1,0,0.48031,0.078,3.254,3.257,69.41,0,1
664,33,14.7,95776.0,2099.75,17.2,0.74,0,2,18.0,0,1,0,0.39353,0.06,1.682,1.974,44.91,1,0
665,41,68.2,156207.0,37577.12,9.8,0.635,0,3,68.0,0,1,0,0.25015,0.03,1.635,1.561,32.9,1,0
666,38,28.4,69782.0,8537.12,9.4,0.477,1,3,-23.0,0,1,0,0.39301,0.03,1.189,1.282,31.72,1,0
667,47,10.0,46091.0,1573.45,2.6,0.35,1,1,5.0,0,0,0,0.27197,0.105,0.043,0.292,13.5,1,0
668,47,34.4,57220.0,4379.56,7.1,0.558,0,1,18.0,0,0,0,0.30894,0.075,0.368,0.336,16.63,0,1
669,36,24.8,105524.0,10259.74,18.3,0.99,0,3,85.0,0,0,1,0.4061,0.048,1.347,1.432,32.55,0,1
670,51,49.5,89236.0,20835.86,9.5,0.766,0,3,26.0,0,1,1,0.30357,0.048,1.723,1.795,40.4,1,0
671,22,1.0,49822.0,2804.19,13.7,0.99,1,2,27.0,0,1,1,0.44378,0.078,1.109,1.496,43.94,1,0
672,43,19.6,60774.0,4868.3,5.4,0.597,1,3,1.0,0,1,1,0.33069,0.075,1.209,0.98,26.96,0,1
673,34,28.5,58577.0,1007.51,4.7,0.542,1,2,50.0,0,1,0,0.27752,0.075,1.238,0.876,21.89,0,1
674,42,34.3,62971.0,29440.01,11.5,0.629,3,2,-5.0,1,1,1,0.48315,0.005,0.298,0.614,20.01,0,1
675,34,40.5,85646.0,5975.49,11.8,0.804,4,3,-13.0,0,1,1,0.57045,0.023,2.462,2.377,54.26,0,1
676,48,58.1,185163.0,18315.37,9.6,0.539,0,5,41.0,0,0,0,0.17744,0.03,1.532,1.179,29.33,1,0
677,36,10.9,63612.0,1442.26,3.3,0.504,0,1,-29.0,0,0,1,0.3526,0.105,0.606,0.954,23.12,0,1
678,51,73.0,160544.0,24867.38,5.8,0.501,0,4,22.0,0,0,0,0.17898,0.075,0.706,0.798,28.56,0,1
679,32,9.4,81794.0,2863.92,16.0,0.975,0,2,9.0,0,0,1,0.54138,0.078,1.715,2.297,53.91,1,0
680,45,64.2,138355.0,81490.26,8.0,0.451,0,5,27.0,0,0,0,0.2754,0.03,0.857,0.388,22.44,1,0
681,20,1.0,53596.0,1998.5,19.0,0.767,0,2,34.0,0,1,0,0.53585,0.078,2.988,2.605,55.79,1,0
682,40,9.2,57580.0,1655.38,14.7,0.759,0,2,-6.0,0,1,0,0.38995,0.078,2.588,2.042,47.06,0,1
683,46,28.1,52772.0,6441.34,14.9,0.928,0,1,47.0,0,1,1,0.39734,0.048,1.816,1.807,47.7,1,0
684,52,53.4,132576.0,29846.03,13.5,0.679,1,3,46.0,1,1,0,0.43425,0.03,1.592,1.566,42.07,0,1
685,29,40.8,76660.0,6920.77,13.2,0.86,6,3,-12.0,1,0,0,0.71524,0.023,1.7,1.67,37.16,0,1
686,44,34.0,93312.0,46039.49,5.6,0.63,0,4,5.0,0,1,0,0.3302,0.075,1.77,1.285,34.54,0,1
687,53,55.3,140732.0,34973.77,12.0,0.725,0,4,58.0,0,1,0,0.33946,0.03,1.71,1.654,39.28,1,0
688,44,19.9,46583.0,2910.08,1.5,0.448,2,1,46.0,0,1,1,0.29922,0.075,0.397,0.514,17.25,0,1
689,27,42.9,44206.0,1203.15,3.3,0.506,0,3,18.0,0,1,0,0.25713,0.075,0.842,0.67,22.97,0,1
690,37,17.0,60814.0,2705.21,8.1,0.606,3,2,-15.0,1,0,0,0.55587,0.035,0.476,0.431,19.73,0,1
691,30,24.1,56160.0,2854.22,15.8,0.99,0,3,38.0,0,0,0,0.44154,0.048,2.566,1.643,39.64,1,0
692,41,34.7,69501.0,1482.57,6.2,0.314,0,3,18.0,0,0,0,0.30105,0.075,0.705,0.365,15.98,0,1
693,27,7.3,72630.0,5360.52,16.3,0.631,1,3,46.0,0,1,1,0.44437,0.06,1.478,1.841,39.82,0,1
694,38,57.5,171977.0,9940.04,9.7,0.686,1,3,42.0,0,0,0,0.24718,0.03,1.498,1.87,42.54,1,0
695,39,23.7,52342.0,2243.32,3.4,0.231,0,2,19.0,0,1,1,0.27747,0.075,1.199,1.118,32.8,1,0
696,46,13.2,64530.0,7148.79,10.0,0.734,1,2,-22.0,0,1,0,0.46249,0.06,0.633,0.697,22.18,0,1
697,34,16.5,97842.0,2923.66,4.7,0.37,1,3,-6.0,0,1,1,0.30266,0.105,0.589,0.649,17.94,0,1
698,41,46.3,46453.0,10368.46,5.3,0.476,3,3,-13.0,1,0,1,0.43295,0.05,1.119,1.314,30.04,0,1
699,35,37.3,101847.0,6470.09,10.3,0.887,1,2,1.0,0,1,1,0.49525,0.048,0.885,1.487,39.4,0,1
700,23,14.1,118802.0,2915.98,16.3,0.898,0,4,14.0,0,1,1,0.47212,0.078,1.837,2.296,49.6,0,1
701,36,17.4,93457.0,10104.59,14.1,0.877,0,2,40.0,0,0,0,0.49271,0.078,1.636,1.406,31.75,1,0
702,52,69.0,126220.0,25990.07,6.9,0.722,0,5,33.0,0,1,0,0.2803,0.075,1.193,0.848,23.53,0,1
703,32,25.3,111720.0,11319.33,14.9,0.99,0,3,35.0,0,1,0,0.41105,0.048,1.554,1.299,35.04,1,0
704,46,15.3,54091.0,2428.51,3.8,0.555,3,2,37.0,0,1,1,0.29896,0.08,0.844,1.173,31.99,0,1
705,22,34.4,62814.0,4452.66,20.7,0.753,1,2,67.0,0,1,1,0.47386,0.048,1.866,2.375,58.15,1,0
706,34,46.8,64834.0,7310.09,14.6,0.649,4,3,-0.0,0,1,1,0.611,0.005,1.16,1.54,37.65,0,1
707,36,30.1,50581.0,3486.52,0.0,0.398,0,1,44.0,1,1,0,0.20937,0.075,1.24,1.117,30.13,0,1
708,31,11.9,45693.0,2283.5,5.8,0.329,1,2,27.0,0,0,0,0.31377,0.105,0.577,0.457,15.5,0,1
709,54,49.8,186225.0,34063.4,10.6,0.645,1,4,37.0,0,1,0,0.41905,0.03,1.759,1.689,36.5,0,1
710,48,58.1,111991.0,86553.7,7.4,0.441,0,5,25.0,0,0,0,0.18358,0.075,1.69,1.856,42.5,1,0
711,28,22.7,58530.0,5932.03,7.0,0.532,1,2,2.0,0,0,1,0.36251,0.075,1.175,1.117,28.02,0,1
712,38,9.8,48757.0,15889.71,13.5,0.558,2,3,-1.0,0,0,1,0.51126,0.06,1.706,1.569,38.46,1,0
713,36,27.9,59493.0,1254.02,0.8,0.377,0,1,3.0,0,1,0,0.23812,0.075,0.35,0.479,18.15,0,1
714,42,37.4,43183.0,1393.1,4.9,0.415,0,2,-19.0,0,1,0,0.20429,0.075,0.893,1.403,32.37,1,0
715,38,28.9,42897.0,3456.13,9.8,0.412,0,2,3.0,0,1,0,0.28028,0.03,1.546,1.516,41.19,0,1
716,32,7.9,73790.0,7426.52,12.7,0.99,0,1,64.0,0,1,1,0.29667,0.078,2.68,3.031,67.4,1,0
717,40,21.5,95779.0,5708.77,8.7,0.469,3,2,-57.0,0,1,1,0.41075,0.005,1.5,1.746,41.18,0,1
718,28,19.6,85597.0,2859.5,14.8,0.858,0,2,71.0,0,1,1,0.43211,0.048,2.364,2.303,54.46,1,0
719,33,29.2,82610.0,19795.2,11.8,0.566,0,3,3.0,0,1,1,0.34056,0.03,2.87,3.86,75.98,0,1
720,37,27.3,56966.0,4685.31,7.7,0.313,2,2,6.0,0,1,0,0.39157,0.075,1.803,1.274,39.15,0,1
721,47,69.2,126044.0,63651.78,8.4,0.658,3,5,39.0,0,1,1,0.40549,0.005,1.994,2.081,47.64,0,1
722,61,75.1,170863.0,24017.76,8.1,0.56,0,5,52.0,0,0,1,0.19389,0.03,1.249,0.951,25.71,0,1
723,38,2.4,65279.0,3209.34,11.4,0.746,1,1,45.0,0,1,1,0.42078,0.06,1.269,1.498,32.22,1,0
724,39,24.7,73909.0,5558.85,8.3,0.488,3,2,28.0,0,1,0,0.32247,0.005,1.131,1.233,31.02,0,1
725,32,11.6,106106.0,3793.56,15.0,0.99,0,3,60.0,0,1,0,0.44192,0.078,1.516,1.649,46.53,0,1
726,28,14.8,60555.0,3025.33,15.6,0.905,0,2,47.0,0,1,0,0.45255,0.078,2.323,1.816,40.12,0,1
727,20,26.4,63006.0,2485.56,18.6,0.889,0,2,23.0,0,1,1,0.45837,0.048,1.944,2.405,67.07,1,0
728,27,27.7,65588.0,3227.59,16.5,0.886,0,2,42.0,0,0,0,0.33924,0.048,2.558,2.515,53.35,0,1
729,50,78.8,92868.0,56516.93,10.7,0.583,2,5,-5.0,0,1,1,0.2972,0.03,2.145,2.576,60.55,0,1
730,51,67.1,121573.0,11994.57,9.6,0.769,1,4,42.0,0,1,1,0.45336,0.048,1.944,1.843,44.01,0,1
731,52,60.7,196104.0,48164.39,8.6,0.65,0,5,26.0,0,0,1,0.30986,0.03,1.083,1.661,37.91,1,0
732,35,13.0,57307.0,2839.8,16.8,0.66,2,3,32.0,0,1,0,0.48862,0.06,3.352,2.412,50.94,1,0
733,24,1.0,108694.0,3925.06,13.0,0.99,0,2,56.0,1,1,1,0.52607,0.078,1.382,1.438,43.99,0,1
734,44,78.1,122759.0,29098.2,7.6,0.745,0,4,10.0,1,1,1,0.3966,0.075,0.957,0.913,36.02,0,1
735,39,12.1,134494.0,3898.51,18.9,0.966,1,2,46.0,0,1,0,0.58906,0.078,2.405,2.217,51.53,1,0
736,43,37.1,59894.0,6637.99,6.6,0.287,0,4,-14.0,0,0,0,0.26258,0.075,1.352,0.73,22.7,0,1
737,26,24.1,73102.0,3371.12,14.1,0.9,1,3,41.0,0,1,1,0.42545,0.048,2.176,2.267,54.8,1,0
738,48,47.1,107932.0,22071.99,5.6,0.738,0,5,39.0,1,0,0,0.35004,0.075,0.327,0.236,13.66,0,1
739,48,50.9,114615.0,75458.94,8.4,0.682,0,3,69.0,0,1,0,0.25308,0.03,0.974,0.968,33.75,1,0
740,49,80.6,198058.0,32525.29,11.8,0.663,0,3,42.0,0,1,0,0.34035,0.03,2.399,2.293,48.51,0,1
741,32,19.5,86389.0,4146.28,17.5,0.99,0,2,70.0,0,1,1,0.44556,0.048,3.244,3.284,64.86,1,0
742,47,9.0,100335.0,2959.6,10.1,0.915,0,3,71.0,0,0,1,0.39335,0.078,2.386,2.182,46.97,0,1
743,36,20.5,41361.0,2301.24,6.3,0.562,0,2,25.0,1,1,0,0.38928,0.075,0.501,0.625,17.89,1,0
744,34,29.0,90698.0,2966.3,14.8,0.918,0,2,9.0,0,1,1,0.36823,0.048,1.956,1.682,40.64,1,0
745,37,73.2,106162.0,52625.96,9.4,0.649,0,5,29.0,0,1,0,0.2811,0.03,1.284,1.461,38.94,1,0
746,46,44.4,96176.0,19607.19,7.6,0.738,0,4,13.0,0,1,0,0.36428,0.075,1.097,0.604,19.69,0,1
747,58,81.6,147189.0,7431.12,5.7,0.596,1,5,88.0,0,1,0,0.18957,0.075,1.449,1.136,29.82,0,1
748,52,73.6,146784.0,33236.08,7.8,0.519,1,4,15.0,0,1,1,0.26115,0.075,1.277,1.64,41.53,0,1
749,18,20.2,59856.0,2501.79,3.3,0.43,1,1,-18.0,0,1,0,0.36603,0.075,0.286,0.094,5.45,1,0
750,40,7.7,71613.0,2050.02,5.3,0.495,0,1,-43.0,0,1,1,0.41344,0.105,1.75,1.528,37.84,1,0
751,42,28.6,96216.0,8138.36,13.6,0.99,0,2,24.0,0,1,0,0.2502,0.048,1.623,1.413,35.12,1,0
752,35,67.7,205220.0,5413.78,5.0,0.742,1,4,36.0,0,1,1,0.3295,0.075,1.132,0.959,28.22,0,1
753,40,1.0,55111.0,12536.4,18.0,0.892,1,1,65.0,0,1,1,0.37365,0.078,1.3,1.734,38.21,0,1
754,30,59.2,207016.0,63515.02,11.0,0.621,0,5,14.0,0,1,1,0.3103,0.03,2.344,1.892,48.37,1,0
755,45,68.5,119688.0,5318.58,10.6,0.525,2,3,14.0,1,1,1,0.33808,0.03,0.706,0.939,25.97,1,0
756,29,16.2,68845.0,3357.07,14.2,0.927,0,3,43.0,0,0,0,0.38834,0.078,2.473,2.33,52.15,1,0
757,33,53.1,87949.0,44415.45,6.0,0.459,0,4,25.0,0,1,0,0.24718,0.075,0.584,0.617,17.38,1,0
758,38,9.9,40609.0,4237.2,2.7,0.433,0,1,13.0,0,1,0,0.28048,0.105,0.921,0.802,26.63,0,1
759,37,37.3,67090.0,2980.39,18.4,0.99,2,2,71.0,0,1,0,0.58508,0.048,1.554,1.332,31.73,0,1
760,52,72.2,237715.0,11187.88,5.8,0.475,0,4,35.0,0,0,0,0.17308,0.075,0.913,1.061,32.5,1,0
761,42,47.9,72333.0,31605.84,11.4,0.607,3,3,-29.0,0,1,0,0.54201,0.005,1.128,0.626,18.91,1,0
762,26,19.0,64334.0,8377.57,17.7,0.942,2,3,52.0,0,1,0,0.51581,0.048,2.538,1.771,43.5,1,0
763,18,31.0,63160.0,4983.0,19.3,0.956,1,2,52.0,0,1,1,0.48402,0.048,2.484,3.438,72.59,1,0
764,34,5.8,53176.0,5044.67,18.9,0.794,0,1,40.0,0,0,0,0.56479,0.078,2.538,1.756,44.38,1,0
765,47,24.0,74714.0,4492.77,6.0,0.487,1,2,29.0,0,0,1,0.34441,0.075,1.858,1.848,41.57,0,1
766,37,19.4,74134.0,7284.64,12.0,0.841,0,3,1.0,1,1,0,0.37453,0.048,0.915,0.669,16.86,0,1
767,18,32.6,133980.0,1159.44,17.6,0.743,1,2,51.0,0,1,0,0.44083,0.03,3.069,2.873,68.28,1,0
768,18,19.8,90049.0,3582.32,16.3,0.99,0,1,59.0,0,1,0,0.39394,0.048,3.023,2.374,54.29,1,0
769,23,8.5,95089.0,3348.25,15.0,0.973,0,2,16.0,0,1,1,0.44281,0.078,1.935,2.013,50.46,1,0
770,27,31.8,67444.0,7203.08,12.7,0.484,0,2,-36.0,0,0,0,0.37844,0.03,2.001,1.453,32.25,0,1
771,29,1.0,56608.0,7426.79,15.6,0.84,0,2,63.0,0,1,0,0.44859,0.078,3.059,2.4,57.71,1,0
772,41,3.1,56872.0,2499.0,7.6,0.526,5,2,14.0,0,1,0,0.44878,0.08,1.42,1.027,31.12,0,1
773,28,41.0,49748.0,3328.42,12.0,0.409,5,2,18.0,0,1,1,0.49261,0.005,0.922,0.722,21.8,0,1
774,40,17.5,75440.0,1926.06,3.4,0.514,1,3,-3.0,0,0,0,0.29199,0.105,0.74,0.692,22.15,0,1
775,33,12.9,68498.0,4974.88,14.4,0.988,0,3,48.0,0,1,0,0.44894,0.078,2.38,1.917,44.14,1,0
776,31,32.0,76303.0,5152.56,1.5,0.393,1,2,16.0,0,1,0,0.24699,0.075,0.924,0.617,14.5,0,1
777,37,47.8,74691.0,23099.29,6.8,0.587,2,2,-40.0,0,1,0,0.43974,0.075,1.15,1.143,28.05,0,1
778,18,22.4,70223.0,3735.74,14.0,0.913,1,4,47.0,0,1,0,0.4551,0.048,2.115,2.089,51.84,1,0
779,33,45.1,43023.0,5147.06,6.2,0.457,0,3,13.0,0,1,1,0.28634,0.075,0.814,0.543,17.1,0,1
780,35,28.0,64006.0,4759.86,1.7,0.282,0,1,24.0,0,0,0,0.21854,0.075,1.626,0.923,26.67,0,1
781,30,19.6,71643.0,6399.13,11.0,0.954,0,2,33.0,1,1,1,0.37917,0.048,1.982,1.717,39.69,1,0
782,38,24.9,75273.0,2953.02,5.3,0.301,1,1,34.0,0,1,1,0.2542,0.075,1.13,1.302,33.47,1,0
783,51,46.6,113760.0,24681.16,6.3,0.715,0,4,36.0,0,0,0,0.24482,0.075,0.663,0.427,23.4,1,0
784,36,42.5,85031.0,4002.55,9.0,0.473,4,2,24.0,0,1,0,0.47123,0.005,1.203,0.648,20.48,0,1
785,37,1.0,91888.0,1437.75,8.0,0.287,0,1,24.0,0,1,0,0.3351,0.06,1.355,1.655,44.22,0,1
786,56,55.0,148538.0,40098.51,8.2,0.637,0,4,39.0,0,1,0,0.26893,0.03,1.759,1.882,47.92,0,1
787,34,22.3,72935.0,2895.73,8.6,0.424,1,2,-12.0,0,1,0,0.36549,0.03,1.451,1.461,32.68,0,1
788,51,52.5,161042.0,24426.19,7.8,0.651,0,5,9.0,0,1,0,0.22725,0.075,1.185,1.054,27.9,0,1
789,34,16.6,98497.0,4621.59,7.2,0.332,0,1,40.0,0,0,0,0.24858,0.105,1.119,1.003,25.87,0,1
790,33,53.1,79598.0,7022.53,7.5,0.612,2,3,9.0,0,1,1,0.24095,0.075,0.371,0.338,15.27,0,1
791,33,29.2,91810.0,2485.59,16.3,0.933,0,1,39.0,0,1,1,0.47543,0.048,2.53,2.467,50.36,1,0
792,45,53.8,136655.0,26910.38,5.5,0.768,1,4,26.0,0,1,0,0.41601,0.093,1.314,0.7,19.66,0,1
793,52,56.4,111963.0,54551.51,5.8,0.66,1,5,38.0,0,0,1,0.25932,0.075,1.375,1.628,36.33,1,0
794,29,1.0,54846.0,2313.57,15.4,0.834,2,3,18.0,0,1,0,0.55133,0.078,0.451,0.251,14.83,0,1
795,27,24.5,106997.0,5155.72,12.4,0.752,0,2,35.0,0,1,1,0.39006,0.048,3.104,3.539,76.64,0,1
796,47,59.0,105109.0,30867.66,8.4,0.472,0,4,46.0,0,0,0,0.20387,0.03,1.528,1.403,38.98,1,0
797,25,1.0,92955.0,2744.37,15.2,0.936,1,4,58.0,0,1,1,0.46903,0.078,2.335,2.29,47.71,1,0
798,18,17.2,85035.0,3718.79,16.6,0.987,0,2,37.0,0,0,1,0.48497,0.078,1.925,2.686,65.87,1,0
799,38,27.3,75591.0,1080.06,1.0,0.332,3,2,40.0,0,0,0,0.29593,0.05,0.471,0.114,13.25,0,1
800,40,42.6,62658.0,8590.94,10.9,0.618,2,3,12.0,0,1,1,0.40891,0.03,1.594,1.957,51.18,0,1
801,41,21.1,47658.0,1235.57,9.1,0.411,0,1,-5.0,0,0,1,0.30793,0.03,1.717,1.788,41.77,0,1
802,45,57.5,152843.0,64252.47,12.0,0.719,0,5,10.0,0,0,1,0.30258,0.03,1.728,1.54,35.25,1,0
803,48,45.8,54522.0,2825.91,9.6,0.525,2,3,21.0,0,1,0,0.40148,0.03,1.654,1.82,48.55,0,1
804,35,31.1,51640.0,5516.61,9.1,0.341,4,3,-17.0,0,0,1,0.55825,0.005,1.187,1.209,33.91,1,0
805,23,24.6,128270.0,9568.16,15.0,0.99,0,3,32.0,0,1,0,0.33137,0.048,2.075,2.12,44.48,1,0
806,22,9.5,61378.0,2301.07,17.3,0.928,0,1,48.0,0,0,1,0.34616,0.078,3.544,3.167,69.41,1,0
807,26,39.3,55058.0,4920.68,8.4,0.532,2,1,6.0,0,1,0,0.313,0.03,1.237,1.195,31.23,1,0
808,40,1.0,71190.0,1370.35,11.3,0.845,0,2,59.0,0,1,1,0.35355,0.078,1.568,2.167,41.94,1,0
809,59,56.5,193548.0,74957.03,10.2,0.643,0,4,35.0,0,0,0,0.28297,0.03,1.451,1.229,35.84,1,0
810,39,7.5,32869.0,10134.8,3.9,0.375,0,2,-34.0,0,0,0,0.30406,0.105,1.071,0.566,18.22,1,0
811,23,8.7,104230.0,1516.25,12.0,0.797,1,1,62.0,0,1,0,0.40799,0.078,1.105,1.067,30.23,1,0
812,42,31.0,59420.0,2648.05,14.6,0.822,1,3,29.0,0,1,1,0.43285,0.048,3.174,2.926,63.86,1,0
813,33,14.7,63368.0,3139.27,3.9,0.316,0,1,16.0,0,0,1,0.30548,0.105,0.596,0.941,31.49,0,1
814,36,39.6,59988.0,5721.55,9.0,0.738,5,2,-10.0,0,0,1,0.49034,0.005,0.958,0.804,25.79,0,1
815,39,34.2,130132.0,4409.33,16.1,0.906,2,4,87.0,0,1,1,0.50614,0.048,1.625,1.568,41.13,1,0
816,40,21.7,61019.0,2779.23,8.2,0.678,0,1,49.0,0,1,1,0.40371,0.03,1.802,1.723,39.22,1,0
817,50,33.9,48733.0,3909.94,1.0,0.471,0,1,1.0,0,0,1,0.17897,0.075,0.034,0.192,8.34,1,0
818,40,37.4,66378.0,4283.69,8.6,0.655,2,3,-34.0,0,1,1,0.32804,0.03,0.35,0.353,14.56,1,0
819,35,32.4,73764.0,9067.26,6.6,0.473,2,3,-32.0,0,0,0,0.39297,0.075,0.241,0.455,14.76,0,1
820,25,25.0,79735.0,2178.41,19.4,0.876,0,2,49.0,0,1,0,0.49347,0.048,2.268,1.676,43.73,1,0
821,18,38.1,85558.0,3443.09,14.5,0.908,0,4,34.0,0,0,0,0.40134,0.048,1.131,1.271,36.02,0,1
822,36,23.4,71973.0,2587.14,8.1,0.52,0,3,-29.0,0,1,1,0.24479,0.03,1.603,1.467,34.12,1,0
823,37,4.5,52400.0,3459.49,18.8,0.849,0,3,34.0,1,1,0,0.44765,0.078,2.925,2.609,58.66,1,0
824,42,18.8,65680.0,5513.29,12.6,0.636,1,3,1.0,0,0,1,0.40122,0.03,1.482,1.341,32.72,0,1
825,35,33.9,69501.0,5539.69,8.5,0.478,0,3,9.0,1,1,1,0.36882,0.03,0.255,0.332,18.11,0,1
826,22,29.6,63425.0,4329.96,11.6,0.753,0,2,35.0,0,1,0,0.33587,0.048,1.447,1.393,37.66,1,0
827,40,24.6,86342.0,8663.07,10.3,0.621,2,2,-15.0,0,0,0,0.45552,0.03,1.93,1.004,24.05,1,0
828,36,1.0,76654.0,4434.8,16.7,0.961,0,3,41.0,0,1,0,0.48367,0.078,2.318,1.399,34.56,0,1
829,38,13.9,55631.0,751.78,4.4,0.365,1,2,14.0,0,1,0,0.33806,0.105,0.848,0.931,25.32,1,0
830,30,22.6,104915.0,1228.83,16.2,0.824,1,3,49.0,0,1,0,0.39127,0.048,2.446,2.246,49.36,1,0
831,32,30.2,45032.0,6503.24,12.5,0.639,1,2,-39.0,0,0,0,0.45277,0.03,0.805,0.337,13.06,0,1
832,44,33.2,59999.0,9587.93,11.8,0.307,1,3,-5.0,0,1,1,0.43686,0.03,2.016,2.15,52.74,1,0
833,27,55.7,192483.0,27469.42,10.4,0.64,0,3,27.0,1,1,1,0.31311,0.03,1.115,1.581,45.17,0,1
834,41,43.2,118011.0,4562.19,9.6,0.77,1,2,-27.0,0,1,0,0.37219,0.048,0.808,0.833,27.64,0,1
835,53,26.1,109372.0,2566.16,10.6,0.144,0,1,3.0,0,0,0,0.29765,0.03,1.462,1.469,37.03,0,1
836,27,38.0,72986.0,6467.8,7.9,0.681,2,3,14.0,0,1,1,0.32924,0.075,0.573,0.768,22.22,1,0
837,33,23.9,66764.0,4977.68,0.1,0.49,1,1,25.0,0,1,0,0.2036,0.075,1.262,1.122,25.98,1,0
838,35,28.3,73570.0,4799.8,3.8,0.272,1,1,12.0,0,0,0,0.24934,0.075,0.124,0.552,17.54,0,1
839,46,67.5,194712.0,22331.91,8.2,0.697,0,4,17.0,0,0,0,0.27162,0.03,2.657,2.071,54.54,1,0
840,56,50.9,150173.0,30978.24,11.5,0.75,2,5,8.0,0,0,0,0.46576,0.03,2.216,2.431,50.14,1,0
841,32,20.5,97592.0,5384.94,14.6,0.771,0,2,26.0,0,1,0,0.36272,0.048,1.045,1.263,31.52,1,0
842,36,31.5,66798.0,3953.62,5.8,0.352,2,1,10.0,0,1,1,0.32703,0.075,1.08,1.27,33.13,0,1
843,44,44.9,82903.0,23420.94,5.0,0.593,3,3,-7.0,0,1,0,0.44905,0.05,0.392,0.402,19.77,0,1
844,49,67.0,107694.0,31419.85,10.9,0.748,2,5,22.0,0,1,0,0.449,0.03,0.949,0.779,17.35,1,0
845,51,4.4,69536.0,9619.2,16.2,0.84,2,3,61.0,1,1,1,0.55662,0.078,0.74,0.91,23.58,1,0
846,36,12.3,51233.0,1411.37,3.7,0.425,2,1,17.0,0,1,1,0.33672,0.105,1.198,1.517,38.99,0,1
847,50,56.8,100108.0,21141.71,13.8,0.567,0,4,-16.0,0,0,0,0.31902,0.03,1.154,1.024,29.04,1,0
848,26,33.3,46096.0,1996.02,11.9,0.593,2,2,-6.0,0,0,0,0.45685,0.03,1.659,1.392,28.35,0,1
849,25,14.5,67786.0,4965.07,13.2,0.99,1,1,58.0,0,1,1,0.52632,0.078,2.133,2.438,54.83,1,0
850,43,8.5,54943.0,4569.95,4.2,0.442,1,1,14.0,0,0,1,0.37068,0.105,0.286,0.438,12.68,0,1
851,20,2.4,78186.0,854.77,23.4,0.861,0,3,55.0,0,1,0,0.52747,0.078,3.26,2.82,61.46,1,0
852,18,1.0,88304.0,5085.86,21.3,0.896,0,2,39.0,0,1,0,0.54222,0.078,2.696,2.612,60.26,1,0
853,35,1.0,62074.0,4443.09,7.0,0.342,2,2,9.0,0,1,1,0.33627,0.105,0.84,0.901,24.5,1,0
854,45,20.4,55046.0,4281.56,0.0,0.321,1,1,9.0,0,1,1,0.2072,0.075,1.025,1.705,44.46,0,1
855,29,43.8,59362.0,2068.38,19.6,0.99,1,3,47.0,0,1,1,0.47516,0.048,2.138,2.23,49.59,0,1
856,47,83.6,174873.0,52892.62,6.3,0.82,1,3,23.0,0,1,1,0.30189,0.093,0.831,0.91,28.86,1,0
857,22,10.3,57400.0,3018.2,8.1,0.233,1,1,31.0,0,1,1,0.34276,0.06,1.074,1.61,50.05,0,1
858,38,23.8,52479.0,4405.2,2.5,0.494,1,1,37.0,0,0,0,0.2603,0.075,0.602,0.535,15.05,0,1
859,54,44.4,131225.0,29486.37,9.3,0.734,2,3,24.0,0,1,0,0.41376,0.03,0.631,0.529,20.81,0,1
860,37,46.3,113229.0,40993.36,6.3,0.507,0,3,12.0,0,1,0,0.17139,0.075,0.081,0.161,9.38,1,0
861,43,7.6,51124.0,6169.49,3.5,0.378,2,2,-16.0,0,0,1,0.35887,0.105,1.469,1.802,41.66,0,1
862,40,19.3,50687.0,2627.41,6.2,0.367,0,1,18.0,0,1,0,0.24544,0.075,1.144,1.359,33.51,0,1
863,43,19.8,54596.0,3608.46,0.9,0.639,1,2,21.0,0,0,0,0.22757,0.075,1.035,0.912,25.86,1,0
864,42,34.0,85946.0,18025.57,15.4,0.772,2,3,-0.0,0,1,1,0.52938,0.048,2.255,2.496,59.59,1,0
865,34,24.0,84830.0,4126.7,13.2,0.799,0,2,53.0,0,1,0,0.44678,0.048,1.539,1.63,36.42,1,0
866,39,18.0,89582.0,1443.55,1.6,0.269,0,1,-1.0,0,1,0,0.23085,0.075,0.622,0.422,18.22,0,1
867,41,22.4,81835.0,4655.46,6.2,0.515,0,2,-28.0,0,1,0,0.36314,0.075,0.65,0.436,17.22,0,1
868,22,8.9,100060.0,7623.86,8.0,0.49,0,1,1.0,0,1,0,0.30881,0.06,1.284,1.25,34.61,0,1
869,18,1.0,88385.0,10399.8,15.1,0.99,0,2,75.0,0,1,1,0.54074,0.078,2.463,2.582,62.32,1,0
870,24,1.0,88003.0,7162.22,13.1,0.784,0,2,49.0,0,0,1,0.31788,0.078,1.232,1.914,48.79,0,1
871,34,29.8,51725.0,653.71,2.0,0.51,1,2,18.0,0,1,1,0.2634,0.075,1.344,1.001,37.12,0,1
872,32,11.9,94989.0,2976.61,13.2,0.82,0,2,61.0,0,1,0,0.42017,0.078,2.509,1.809,42.78,1,0
873,37,1.0,49422.0,2051.6,5.3,0.499,2,1,-6.0,0,1,0,0.38548,0.105,1.092,0.518,15.46,0,1
874,57,61.2,92780.0,32947.0,7.8,0.636,0,4,38.0,0,1,0,0.32579,0.075,1.001,0.824,23.2,0,1
875,46,16.0,108720.0,23970.25,10.1,0.799,4,2,2.0,0,1,0,0.42931,0.053,1.518,1.296,32.52,0,1
876,29,41.9,42109.0,1486.26,5.5,0.479,0,2,-8.0,0,0,0,0.26832,0.075,0.408,0.241,17.7,0,1
877,51,55.1,155360.0,137437.22,10.2,0.605,1,4,41.0,0,0,0,0.30939,0.03,0.991,0.875,29.33,1,0
878,43,70.2,108806.0,24958.71,6.9,0.655,1,4,59.0,0,1,1,0.25983,0.075,1.466,1.453,30.44,1,0
879,37,44.1,97599.0,4859.6,7.0,0.579,2,3,-16.0,0,1,0,0.29798,0.075,1.052,0.899,31.71,1,0
880,40,19.5,101257.0,13857.47,9.4,0.463,1,3,-41.0,0,1,1,0.38472,0.03,0.793,1.283,33.43,0,1
881,25,62.9,159195.0,58354.34,7.9,0.852,0,3,37.0,0,1,1,0.27307,0.093,1.031,1.158,30.21,1,0
882,55,37.6,100805.0,12205.75,9.7,0.766,3,2,-20.0,0,1,0,0.49869,0.023,2.961,2.634,59.35,1,0
883,39,23.4,59117.0,1819.33,2.6,0.411,2,2,13.0,0,1,0,0.35836,0.075,0.41,0.374,14.24,0,1
884,45,66.3,252265.0,44347.4,9.7,0.717,0,3,18.0,0,1,0,0.30595,0.03,2.432,1.784,42.54,1,0
885,42,1.0,92963.0,2298.52,12.8,0.99,0,2,45.0,0,0,1,0.44858,0.078,1.748,1.237,32.6,1,0
886,47,68.6,108213.0,19058.75,6.8,0.776,0,4,57.0,0,1,1,0.30454,0.093,0.912,1.441,40.97,1,0
887,50,56.2,140618.0,30086.31,11.0,0.606,0,3,33.0,0,1,0,0.35815,0.03,1.706,1.572,38.28,0,1
888,26,20.2,72934.0,2640.85,12.9,0.89,0,1,13.0,0,1,1,0.29737,0.048,1.533,1.553,30.66,1,0
889,41,27.0,71031.0,8920.6,18.8,0.711,2,1,51.0,0,1,0,0.54595,0.03,2.329,1.792,46.07,0,1
890,37,39.0,46027.0,5493.87,5.2,0.675,1,1,-8.0,0,1,0,0.37018,0.075,0.595,0.264,12.82,1,0
891,50,66.2,153194.0,27727.91,3.7,0.777,1,5,38.0,0,1,0,0.25426,0.093,1.179,1.043,28.33,1,0
892,43,29.7,40584.0,1692.97,0.5,0.567,2,2,28.0,0,1,0,0.26434,0.075,0.442,0.372,14.17,0,1
893,33,24.3,38431.0,8833.26,16.3,0.977,1,2,34.0,1,1,1,0.4807,0.048,2.459,2.868,64.65,1,0
894,29,33.9,69259.0,2918.57,18.0,0.939,0,1,39.0,0,1,0,0.3456,0.048,2.423,2.239,50.57,1,0
895,43,21.6,48108.0,6302.33,8.0,0.32,1,2,-10.0,0,0,1,0.37979,0.03,0.809,0.941,23.22,0,1
896,53,24.0,46755.0,6008.44,7.8,0.465,0,2,14.0,0,1,0,0.33382,0.075,0.751,1.116,31.42,0,1
897,31,27.2,32881.0,3367.65,18.3,0.831,0,2,47.0,0,1,0,0.43155,0.048,1.661,1.635,39.02,0,1
898,30,10.1,60401.0,4587.62,13.8,0.958,1,3,39.0,0,1,0,0.5062,0.078,2.184,1.381,35.0,1,0
899,30,1.0,72519.0,3307.41,13.7,0.816,0,2,58.0,1,1,1,0.51136,0.078,2.882,3.312,67.47,0,1
900,47,36.9,60670.0,11406.24,11.1,0.647,2,3,-28.0,0,1,1,0.35863,0.03,1.092,1.316,29.09,0,1
901,45,59.5,153214.0,28200.21,11.8,0.786,0,3,36.0,0,1,0,0.33788,0.048,1.777,1.782,46.23,1,0
902,27,1.5,110692.0,3430.53,13.2,0.941,0,1,55.0,0,0,0,0.40188,0.078,1.355,1.34,29.6,0,1
903,18,22.0,87370.0,4637.12,19.5,0.936,1,1,34.0,0,1,1,0.54834,0.048,1.246,0.749,19.26,1,0
904,41,79.2,182068.0,11442.06,2.8,0.74,0,6,8.0,0,1,0,0.23798,0.075,1.404,0.954,28.87,0,1
905,31,2.4,79599.0,2855.68,5.6,0.625,1,1,-22.0,0,1,0,0.42235,0.105,1.681,1.322,35.62,0,1
906,38,43.3,54684.0,12203.09,8.7,0.578,2,3,-5.0,0,1,0,0.30853,0.03,1.263,1.274,30.39,0,1
907,61,31.6,155371.0,35004.31,7.4,0.697,0,4,66.0,0,1,1,0.33723,0.075,2.608,3.188,68.52,1,0
908,33,11.2,99427.0,8353.28,16.1,0.99,1,2,32.0,0,0,1,0.47652,0.078,2.088,1.987,46.54,1,0
909,23,38.1,67561.0,3521.31,13.7,0.974,1,2,53.0,0,1,0,0.41445,0.048,1.284,1.491,39.05,0,1
910,24,12.1,61391.0,3338.56,17.2,0.68,0,2,-2.0,0,1,0,0.36907,0.06,2.466,2.375,54.75,1,0
911,45,23.1,68084.0,1451.15,4.7,0.351,3,2,17.0,0,1,0,0.34769,0.05,1.872,1.54,37.49,0,1
912,43,31.2,39547.0,2304.53,7.0,0.513,0,1,-11.0,0,0,0,0.30492,0.075,1.522,1.295,33.1,1,0
913,35,1.4,43982.0,10766.53,8.8,0.386,1,1,3.0,0,0,0,0.36328,0.06,0.582,0.407,19.9,0,1
914,32,22.9,49280.0,3588.43,4.8,0.588,1,1,11.0,0,0,0,0.28417,0.075,0.524,0.423,20.5,1,0
915,43,22.8,66631.0,2050.36,2.3,0.634,1,1,-22.0,0,0,0,0.26647,0.075,0.138,0.039,8.79,1,0
916,28,44.3,62592.0,1559.9,1.4,0.365,1,1,70.0,0,0,0,0.22553,0.075,1.602,1.584,40.18,1,0
917,32,1.2,100431.0,1592.07,20.6,0.786,0,3,32.0,0,1,0,0.40992,0.078,1.644,1.865,42.73,1,0
918,45,11.4,59254.0,2623.01,20.2,0.86,0,2,56.0,0,1,0,0.52069,0.078,1.786,1.316,29.1,1,0
919,50,50.9,106046.0,52415.99,10.4,0.594,2,5,62.0,0,1,1,0.43434,0.03,1.505,1.626,37.25,1,0
920,33,18.6,82940.0,6060.98,9.2,0.759,2,3,-2.0,1,1,0,0.62056,0.048,1.457,1.217,33.49,0,1
921,32,29.5,61258.0,2413.95,18.2,0.786,0,2,21.0,0,1,0,0.39091,0.048,2.479,2.459,48.45,1,0
922,32,22.3,50129.0,1728.57,8.0,0.512,1,1,12.0,0,0,1,0.37366,0.03,1.482,1.043,29.95,1,0
923,28,24.3,43612.0,12202.05,7.3,0.743,1,3,-43.0,0,1,1,0.38017,0.075,0.473,1.328,31.5,0,1
924,43,24.8,77882.0,7588.4,9.1,0.68,1,3,-14.0,0,1,1,0.46351,0.03,1.076,1.637,32.98,1,0
925,37,9.2,115224.0,2993.35,13.0,0.948,0,4,76.0,0,1,0,0.40717,0.078,1.686,1.763,46.05,1,0
926,27,10.3,57560.0,3682.62,15.7,0.882,0,2,17.0,0,1,0,0.44306,0.078,2.66,2.513,53.49,1,0
927,26,1.0,100142.0,18876.19,20.2,0.99,0,3,28.0,0,1,1,0.48274,0.078,2.275,2.678,70.69,1,0
928,28,18.9,58061.0,6628.43,7.4,0.403,0,1,45.0,0,1,0,0.25359,0.075,1.483,1.491,35.49,1,0
929,37,26.7,44701.0,20781.18,9.4,0.694,5,2,-11.0,0,1,0,0.51978,0.005,0.911,0.57,20.93,0,1
930,31,12.9,46338.0,960.54,0.0,0.413,0,2,-7.0,0,0,0,0.23943,0.105,0.161,0.018,9.31,0,1
931,22,17.9,58703.0,4079.04,14.2,0.697,1,4,51.0,0,1,0,0.41635,0.06,2.904,2.772,66.96,1,0
932,62,64.9,126696.0,21044.16,8.3,0.61,0,4,25.0,0,1,0,0.2469,0.03,2.002,1.639,38.63,0,1
933,52,55.3,154551.0,45569.2,7.4,0.623,1,4,-18.0,0,0,1,0.30707,0.075,1.479,1.468,33.16,0,1
934,39,20.3,97198.0,5974.42,4.6,0.414,1,2,-16.0,0,1,0,0.34811,0.075,0.213,0.0,5.0,0,1
935,41,47.9,40090.0,3709.1,5.2,0.357,0,2,49.0,1,0,0,0.28499,0.075,0.974,0.555,19.98,0,1
936,34,41.4,66676.0,2552.24,14.6,0.969,0,4,50.0,0,0,1,0.35006,0.048,2.842,2.778,64.44,1,0
937,32,9.4,46322.0,1952.19,4.5,0.511,1,2,38.0,0,0,1,0.29721,0.105,1.02,1.929,51.31,1,0
938,31,5.0,53967.0,6735.88,15.6,0.866,0,1,24.0,0,1,1,0.4093,0.078,1.678,2.167,49.85,1,0
939,33,9.3,60540.0,4790.62,2.6,0.395,1,3,9.0,0,0,0,0.41698,0.105,1.313,1.08,29.5,0,1
940,32,28.7,76030.0,4931.76,21.0,0.784,0,3,41.0,0,1,0,0.416,0.048,3.333,2.624,62.71,1,0
941,31,11.2,46572.0,4896.11,14.7,0.928,0,3,34.0,0,1,0,0.45115,0.078,2.386,1.606,43.5,1,0
942,32,24.9,59290.0,3099.35,0.0,0.582,1,2,14.0,0,1,1,0.28333,0.075,1.636,1.64,46.53,0,1
943,20,40.0,54887.0,5360.14,20.8,0.99,0,3,23.0,0,1,1,0.45942,0.048,3.314,3.534,77.67,1,0
944,50,61.9,138441.0,50963.54,5.7,0.574,0,4,57.0,0,1,1,0.19304,0.075,1.667,2.036,43.7,1,0
945,48,70.5,194419.0,48199.26,10.4,0.859,0,4,43.0,0,1,0,0.28982,0.048,1.81,1.517,38.86,1,0
946,18,22.2,86122.0,4569.52,14.2,0.86,1,2,41.0,0,1,1,0.39508,0.048,1.565,1.763,45.32,1,0
947,42,23.9,75535.0,7748.97,10.5,0.478,3,2,-5.0,0,1,0,0.46797,0.005,1.951,1.803,52.55,1,0
948,42,34.7,51150.0,2834.51,4.4,0.28,0,2,4.0,0,0,0,0.20718,0.075,0.607,0.221,12.53,0,1
949,53,11.8,60075.0,1806.51,7.2,0.312,1,2,-23.0,0,1,1,0.35542,0.105,0.338,0.892,21.05,1,0
950,46,78.1,160667.0,19111.07,7.4,0.677,0,4,15.0,0,0,0,0.18475,0.075,2.25,1.782,43.49,0,1
951,34,24.0,81613.0,11393.16,7.2,0.562,2,2,-11.0,0,1,0,0.35364,0.075,0.8,0.642,15.62,0,1
952,21,10.3,73991.0,2831.23,16.7,0.83,0,2,37.0,0,1,0,0.42385,0.078,2.534,1.777,40.9,1,0
953,30,2.9,80594.0,7637.99,15.0,0.807,2,1,56.0,0,1,1,0.54927,0.078,1.84,2.146,48.56,0,1
954,30,4.9,53264.0,4352.3,10.8,0.781,0,3,55.0,0,1,0,0.27279,0.078,1.045,0.535,21.25,0,1
955,29,16.9,48389.0,5110.77,2.9,0.332,1,2,-1.0,0,1,1,0.32958,0.105,0.835,0.767,27.79,0,1
956,34,1.0,71420.0,4538.68,12.2,0.542,0,1,-8.0,0,1,1,0.43598,0.06,1.606,1.996,48.05,0,1
957,21,19.2,74061.0,5188.87,0.0,0.628,1,2,24.0,0,1,0,0.19804,0.075,0.85,0.563,21.47,0,1
958,55,55.9,141532.0,23478.81,8.7,0.845,1,4,38.0,0,0,0,0.36377,0.048,1.344,1.08,30.92,1,0
959,44,71.5,205732.0,41742.53,7.3,0.716,0,4,22.0,0,1,0,0.22991,0.075,1.813,1.278,30.81,0,1
960,38,36.1,82585.0,12923.78,14.0,0.536,2,3,-30.0,0,1,1,0.50776,0.03,2.152,1.99,48.24,0,1
961,28,22.5,67608.0,2918.53,6.0,0.517,3,4,-21.0,0,0,1,0.4575,0.05,0.061,0.306,14.56,0,1
962,45,56.5,99278.0,96721.59,8.3,0.723,1,4,41.0,0,1,0,0.35271,0.03,1.603,0.89,24.93,1,0
963,27,13.2,112078.0,19627.8,17.9,0.873,0,2,76.0,0,1,0,0.39978,0.078,2.021,2.541,53.82,1,0
964,29,33.8,93571.0,8329.59,15.5,0.945,0,2,40.0,0,1,1,0.45367,0.048,2.93,3.311,77.26,0,1
965,38,12.1,95878.0,5065.41,2.4,0.642,1,2,-6.0,0,0,1,0.40171,0.105,1.399,1.795,48.25,1,0
966,59,53.4,247721.0,46919.29,7.9,0.664,0,4,75.0,0,1,0,0.23804,0.075,0.661,0.923,34.75,1,0
967,40,8.5,41682.0,2431.19,3.7,0.681,1,2,3.0,0,0,0,0.332,0.105,1.58,1.357,35.73,0,1
968,36,1.0,53730.0,4189.02,15.2,0.776,1,3,29.0,0,1,1,0.51746,0.078,1.744,2.023,44.94,0,1
969,48,34.7,33235.0,14973.84,11.5,0.639,3,3,-16.0,0,1,1,0.33891,0.005,0.715,0.478,15.81,0,1
970,33,18.4,97387.0,2390.46,17.1,0.935,0,4,35.0,0,1,1,0.40537,0.048,1.506,1.691,41.37,1,0
971,29,31.4,90739.0,2258.3,17.5,0.792,1,1,68.0,0,1,0,0.49273,0.048,2.676,2.568,59.23,0,1
972,36,28.5,78033.0,3475.76,16.9,0.988,1,4,12.0,1,1,1,0.5738,0.048,2.392,2.788,61.01,1,0
973,37,44.8,54581.0,6893.93,18.6,0.99,0,3,55.0,0,1,0,0.42319,0.048,1.752,1.491,34.0,1,0
974,40,21.1,57599.0,1708.74,8.0,0.672,1,4,10.0,0,1,0,0.32128,0.03,2.372,1.916,44.63,1,0
975,39,58.9,145057.0,27638.66,7.2,0.685,0,3,23.0,0,0,0,0.27651,0.075,1.951,1.68,42.17,0,1
976,32,15.4,88944.0,7464.08,11.2,0.381,1,3,-14.0,1,0,1,0.41731,0.06,1.11,1.441,34.66,0,1
977,47,70.4,148556.0,16577.08,4.5,0.692,0,4,29.0,1,1,0,0.20727,0.075,1.549,1.238,28.23,0,1
978,54,63.4,165088.0,6552.76,1.9,0.722,0,5,36.0,0,0,0,0.27039,0.075,0.829,0.634,22.89,0,1
979,38,38.8,69627.0,4105.01,13.9,0.564,4,3,-17.0,0,0,0,0.50619,0.005,2.656,2.426,48.25,0,1
980,37,2.3,104557.0,5331.61,15.1,0.924,0,2,43.0,0,1,1,0.43024,0.078,1.063,1.52,35.65,1,0
981,44,26.2,69973.0,4114.86,5.2,0.377,0,2,-5.0,0,0,0,0.20147,0.075,0.475,0.085,5.68,0,1
982,43,24.5,42823.0,4136.91,1.2,0.415,2,1,51.0,0,0,1,0.24085,0.075,0.783,0.969,26.78,0,1
983,43,23.7,85852.0,4458.6,1.1,0.542,1,1,29.0,0,0,0,0.30591,0.075,2.191,1.836,44.7,1,0
984,42,53.8,192127.0,21297.28,6.1,0.793,2,4,43.0,0,1,1,0.38231,0.093,0.647,0.903,27.93,1,0
985,32,30.3,86178.0,2605.65,17.7,0.76,0,2,36.0,0,1,0,0.4265,0.048,2.467,2.522,54.79,1,0
986,31,46.6,63646.0,3828.22,3.1,0.374,0,1,26.0,1,1,0,0.22802,0.075,0.907,0.964,32.37,0,1
987,37,48.7,215957.0,27885.26,7.1,0.465,0,3,40.0,0,1,1,0.24916,0.075,1.392,2.032,52.71,0,1
988,27,24.6,48898.0,8114.71,14.0,0.99,0,2,46.0,0,1,1,0.43818,0.048,2.412,2.771,59.7,1,0
989,58,27.5,192941.0,41002.32,11.1,0.736,0,3,24.0,0,1,0,0.28517,0.03,1.161,1.25,32.06,1,0
990,38,30.0,51881.0,6910.87,6.8,0.21,2,1,15.0,0,1,1,0.32837,0.075,0.791,0.951,21.62,0,1
991,52,8.6,96773.0,5911.17,7.7,0.583,2,2,24.0,0,1,1,0.43408,0.105,1.145,1.343,35.85,0,1
992,36,15.7,60949.0,6004.5,6.3,0.399,0,1,12.0,0,0,0,0.28144,0.105,1.926,1.698,38.0,1,0
993,52,6.2,42180.0,11258.82,3.8,0.347,0,2,5.0,0,0,0,0.26668,0.105,1.379,1.444,30.02,0,1
994,30,13.4,66465.0,4659.97,15.1,0.99,1,2,46.0,0,1,1,0.43817,0.078,1.547,1.82,42.73,0,1
995,35,32.1,77743.0,4150.22,4.4,0.541,2,1,11.0,0,1,0,0.34755,0.075,1.04,0.766,16.76,1,0
996,40,39.7,130386.0,17477.12,9.7,0.67,2,5,24.0,0,1,1,0.47874,0.03,1.601,2.335,50.61,1,0
997,46,26.7,60878.0,14304.56,6.6,0.519,1,3,-22.0,0,1,1,0.42407,0.075,0.254,0.743,24.14,0,1
998,25,9.8,64144.0,9374.24,17.4,0.83,0,3,59.0,0,0,0,0.40595,0.078,3.092,2.569,51.58,1,0
999,30,41.0,70172.0,2175.41,11.2,0.435,0,1,33.0,0,0,1,0.28078,0.03,1.161,1.784,44.28,1,0
1000,38,21.2,121925.0,6586.89,16.5,0.85,1,2,87.0,0,1,0,0.50448,0.048,2.126,1.53,32.23,1,0
1001,37,1.9,42636.0,5399.92,16.1,0.899,2,2,53.0,0,1,0,0.55782,0.078,2.678,2.637,60.69,0,1
1002,57,56.3,293958.0,41253.93,7.8,0.701,1,4,36.0,1,0,0,0.3883,0.075,2.105,1.686,42.37,1,0
1003,26,34.7,80298.0,7628.49,17.3,0.731,0,1,61.0,0,1,0,0.30031,0.03,1.002,0.992,30.94,1,0
1004,29,24.6,88889.0,6305.12,11.7,0.817,0,1,27.0,0,1,1,0.42375,0.048,1.846,1.972,47.02,1,0
1005,38,20.0,64000.0,7308.95,13.6,0.586,1,4,4.0,0,1,0,0.4144,0.03,1.957,1.828,42.63,0,1
1006,54,58.8,137869.0,55002.49,10.6,0.812,0,4,54.0,0,0,0,0.31417,0.048,0.226,0.377,14.25,1,0
1007,46,19.2,62148.0,6180.0,2.8,0.523,1,2,29.0,0,0,0,0.24986,0.075,0.964,0.815,22.4,0,1
1008,52,55.5,103959.0,22320.59,8.1,0.64,2,5,66.0,0,1,1,0.40146,0.03,1.215,1.599,41.8,1,0
1009,49,1.5,47466.0,2996.49,3.0,0.474,1,1,-1.0,0,0,0,0.27218,0.105,1.596,1.138,30.62,0,1
1010,55,53.9,190012.0,10135.92,8.8,0.629,0,4,25.0,0,1,0,0.38399,0.03,0.673,0.601,15.19,1,0
1011,36,47.7,47348.0,11690.54,9.2,0.708,1,3,-12.0,0,0,1,0.3753,0.03,1.323,1.474,39.79,0,1
1012,44,26.4,81105.0,17716.0,9.6,0.638,4,3,-29.0,1,1,1,0.57266,0.005,0.858,0.828,25.26,0,1
1013,61,60.8,124863.0,27071.84,5.2,0.781,0,5,44.0,0,1,0,0.21597,0.093,0.899,0.661,19.35,0,1
1014,49,23.7,45520.0,3271.82,3.2,0.281,0,1,23.0,0,0,0,0.20734,0.075,0.118,0.086,5.7,0,1
1015,57,88.6,235021.0,27732.6,11.1,0.551,0,4,45.0,0,1,0,0.24589,0.03,2.392,2.547,58.14,1,0
1016,29,16.1,58734.0,3506.24,14.6,0.93,0,2,47.0,0,0,0,0.42655,0.078,2.52,2.47,54.53,1,0
1017,36,44.1,53066.0,9303.15,1.9,0.644,1,2,11.0,0,1,0,0.29696,0.075,1.006,0.663,23.89,1,0
1018,39,14.8,56095.0,1801.92,4.1,0.694,0,1,21.0,0,1,0,0.28174,0.105,1.458,1.212,31.62,0,1
1019,41,12.9,61758.0,3861.85,22.5,0.701,1,2,33.0,0,1,1,0.56957,0.06,2.057,2.405,60.71,1,0
1020,52,62.2,138238.0,17774.73,10.3,0.636,0,4,-22.0,0,1,0,0.39176,0.03,1.957,1.568,36.73,0,1
1021,38,12.7,61528.0,4399.59,2.9,0.421,0,1,4.0,0,0,0,0.30887,0.105,0.953,0.595,21.28,1,0
1022,35,19.6,62859.0,3504.74,4.4,0.456,0,2,11.0,0,1,0,0.29647,0.075,1.218,0.7,19.35,0,1
1023,33,32.7,57059.0,2266.66,6.3,0.621,0,1,11.0,0,0,1,0.31718,0.075,2.045,2.005,46.41,1,0
1024,37,21.4,59566.0,8195.15,4.3,0.686,1,3,-11.0,0,0,0,0.29341,0.075,0.202,0.22,15.52,0,1
1025,39,31.0,85660.0,6930.76,6.7,0.414,1,2,-18.0,1,1,0,0.39152,0.075,0.088,0.337,13.46,0,1
1026,61,70.5,133900.0,67307.24,9.1,0.809,1,3,18.0,0,1,0,0.28497,0.048,1.697,1.54,35.34,1,0
1027,33,12.1,51610.0,2252.31,8.8,0.596,0,1,-10.0,0,0,0,0.40949,0.06,1.037,0.937,30.35,0,1
1028,49,75.1,205789.0,48352.36,6.8,0.669,2,4,42.0,0,0,0,0.31843,0.075,0.89,0.531,21.35,0,1
1029,29,22.9,57099.0,1896.91,8.7,0.252,1,1,31.0,0,0,0,0.35817,0.03,1.49,0.806,19.97,1,0
1030,54,60.0,185321.0,54325.34,6.0,0.623,0,4,10.0,0,0,0,0.31754,0.075,1.596,1.188,24.03,1,0
1031,48,6.9,100275.0,15700.46,0.0,0.642,3,3,-9.0,0,1,0,0.40045,0.08,1.065,0.819,23.06,0,1
1032,49,26.5,101935.0,16189.63,11.0,0.7,5,2,7.0,0,1,0,0.52503,0.005,0.639,0.754,26.3,0,1
1033,50,66.5,166312.0,83254.06,9.5,0.445,1,4,30.0,0,1,1,0.19977,0.03,1.251,1.62,45.22,1,0
1034,39,42.9,58990.0,3628.07,6.5,0.345,3,1,24.0,0,0,1,0.37192,0.05,1.057,0.776,20.66,0,1
1035,48,68.8,135634.0,71550.34,9.9,0.761,1,4,54.0,0,0,1,0.305,0.048,2.097,2.271,51.54,0,1
1036,42,44.5,67407.0,22992.28,9.5,0.755,5,1,-1.0,1,1,0,0.63181,0.023,1.586,1.232,35.05,1,0
1037,51,47.5,76876.0,15431.36,7.3,0.687,0,6,25.0,0,1,0,0.3191,0.075,1.374,0.972,25.12,0,1
1038,49,60.5,167558.0,21620.27,7.4,0.766,0,5,59.0,0,1,0,0.28637,0.093,2.143,1.849,42.81,1,0
1039,50,76.6,147416.0,12103.93,6.8,0.69,1,4,29.0,0,1,0,0.29319,0.075,1.144,1.035,32.45,1,0
1040,32,5.3,94976.0,8969.42,14.9,0.99,0,1,39.0,0,1,1,0.36384,0.078,1.837,1.767,39.2,0,1
1041,27,27.6,73637.0,1687.98,11.1,0.916,0,2,54.0,0,0,1,0.42246,0.048,1.415,1.427,31.42,1,0
1042,36,39.8,86157.0,2515.68,5.7,0.643,1,2,-14.0,0,1,0,0.27716,0.075,0.607,0.558,19.18,1,0
1043,50,34.3,49637.0,3920.18,8.6,0.456,2,3,-12.0,0,1,0,0.35265,0.03,1.68,1.435,34.28,1,0
1044,57,27.1,52508.0,2584.52,2.9,0.669,3,3,-15.0,0,1,0,0.37926,0.05,1.579,1.04,27.61,1,0
1045,21,4.2,38945.0,5370.82,10.6,0.762,0,2,41.0,0,1,1,0.36854,0.078,1.444,1.957,45.55,0,1
1046,40,83.3,133084.0,15812.22,7.1,0.719,0,4,38.0,0,1,0,0.23189,0.075,1.576,1.153,29.84,1,0
1047,22,23.6,61692.0,1499.89,15.7,0.852,0,2,7.0,0,1,1,0.41688,0.048,1.963,1.714,37.39,0,1
1048,34,26.1,46230.0,2919.45,3.7,0.471,2,2,8.0,0,0,1,0.36499,0.075,0.34,0.514,15.6,0,1
1049,41,17.0,64579.0,3033.55,0.0,0.325,1,1,-24.0,0,0,1,0.21493,0.105,0.024,0.273,10.95,0,1
1050,33,16.5,67751.0,1334.72,20.2,0.845,1,1,36.0,0,1,0,0.50261,0.078,3.44,3.353,70.57,1,0
1051,39,33.0,48898.0,5030.58,5.1,0.63,4,4,-2.0,1,1,0,0.38016,0.05,0.617,0.523,16.91,0,1
1052,33,20.8,151082.0,4286.89,13.8,0.983,0,3,38.0,0,0,0,0.36501,0.048,2.351,1.824,52.71,1,0
1053,24,24.8,75244.0,3568.49,12.6,0.99,1,4,57.0,0,1,1,0.34227,0.048,1.967,2.326,50.56,1,0
1054,27,6.6,56729.0,3632.47,19.5,0.773,0,2,51.0,0,1,0,0.50583,0.078,1.764,1.562,39.24,1,0
1055,29,1.0,63426.0,9685.35,17.1,0.735,0,4,3.0,0,1,1,0.48923,0.06,2.301,2.292,50.69,1,0
1056,27,32.0,68712.0,32288.0,7.7,0.483,0,3,15.0,0,1,0,0.25439,0.075,1.734,1.293,30.52,1,0
1057,27,1.0,56273.0,2447.26,3.0,0.313,0,2,15.0,0,0,0,0.14434,0.105,0.583,0.756,24.52,0,1
1058,21,12.1,108020.0,1905.71,16.5,0.99,0,2,33.0,0,1,1,0.3864,0.078,1.982,2.417,49.57,1,0
1059,43,24.9,70472.0,6868.62,5.6,0.737,2,3,-17.0,0,1,1,0.34766,0.075,1.209,1.313,39.01,0,1
1060,40,36.9,118816.0,9076.89,10.0,0.48,4,2,-48.0,0,0,0,0.49315,0.005,0.653,0.772,22.11,0,1
1061,39,45.8,52498.0,2897.89,3.0,0.618,2,1,14.0,0,1,0,0.34687,0.075,0.508,0.469,16.65,0,1
1062,25,7.7,80786.0,11898.24,10.4,0.731,0,3,4.0,0,1,0,0.31539,0.06,2.408,1.896,50.65,0,1
1063,19,43.3,100150.0,18950.27,17.3,0.721,1,2,31.0,0,1,1,0.37075,0.03,2.21,2.079,42.65,1,0
1064,43,28.2,99420.0,2627.19,7.4,0.477,3,3,-25.0,0,1,1,0.34399,0.05,0.0,0.065,6.18,0,1
1065,30,66.2,196657.0,23014.72,2.5,0.457,0,5,37.0,0,1,0,0.19469,0.075,0.758,0.781,22.18,0,1
1066,44,5.0,54822.0,8169.07,3.8,0.42,0,3,33.0,0,1,0,0.17739,0.105,2.305,2.065,47.51,0,1
1067,36,74.0,137796.0,22791.92,4.1,0.642,3,4,55.0,0,1,0,0.22383,0.05,1.409,0.74,24.98,0,1
1068,44,31.5,36864.0,13364.64,9.2,0.592,0,1,8.0,0,1,0,0.34787,0.03,1.286,0.909,26.88,0,1
1069,23,15.3,72082.0,6781.26,15.3,0.677,0,2,82.0,0,0,1,0.44508,0.06,2.572,2.713,59.84,1,0
1070,56,38.8,185284.0,71500.74,6.4,0.483,0,4,52.0,0,1,0,0.24753,0.075,0.376,0.177,13.75,0,1
1071,57,22.9,75165.0,10404.97,1.0,0.459,0,2,32.0,0,1,1,0.20926,0.075,1.327,1.156,34.14,1,0
1072,22,41.1,70338.0,9933.76,12.2,0.658,3,4,-6.0,0,1,0,0.6026,0.005,1.194,0.706,24.52,1,0
1073,54,59.2,218333.0,10287.67,6.8,0.418,0,5,27.0,0,1,0,0.21878,0.075,0.944,1.051,30.39,1,0
1074,22,36.1,53189.0,1902.84,10.9,0.289,1,1,32.0,0,1,0,0.29237,0.03,0.723,0.471,15.95,1,0
1075,38,35.6,48627.0,12422.96,4.6,0.542,0,3,-9.0,0,0,0,0.25537,0.075,0.933,0.695,24.14,0,1
1076,48,54.3,121614.0,12762.45,8.9,0.505,0,4,42.0,0,1,0,0.33171,0.03,0.388,0.036,8.77,1,0
1077,39,50.1,53176.0,11049.29,9.1,0.588,1,2,-20.0,0,1,1,0.38796,0.03,1.142,0.927,26.8,0,1
1078,43,62.5,163253.0,6242.03,8.9,0.495,1,3,40.0,0,0,1,0.31128,0.03,1.599,1.43,34.35,1,0
1079,43,31.6,77832.0,3323.92,12.0,0.681,4,1,-3.0,0,1,1,0.55214,0.005,2.112,1.7,51.21,0,1
1080,39,63.2,162707.0,56954.07,11.0,0.418,0,3,37.0,0,1,0,0.24908,0.03,2.717,2.16,55.0,0,1
1081,38,16.8,67956.0,4606.42,11.2,0.867,2,3,44.0,0,1,0,0.43138,0.078,0.986,0.653,21.65,0,1
1082,32,1.0,58082.0,2348.85,6.8,0.533,2,2,20.0,0,0,0,0.33893,0.105,1.317,1.036,32.39,0,1
1083,25,19.8,32765.0,1767.0,5.8,0.497,0,1,23.0,0,1,0,0.26146,0.075,0.754,0.817,24.58,0,1
1084,46,5.6,65308.0,819.43,4.6,0.379,0,2,-17.0,0,1,0,0.30863,0.105,0.846,0.657,23.87,0,1
1085,35,41.5,60596.0,4708.3,9.1,0.353,1,2,9.0,0,1,0,0.30741,0.03,1.256,1.483,37.96,1,0
1086,48,41.0,43833.0,2495.69,9.2,0.404,3,1,2.0,0,0,0,0.44778,0.005,0.651,0.46,12.66,0,1
1087,44,32.2,57356.0,1115.61,6.9,0.288,3,3,14.0,0,1,0,0.37515,0.05,1.85,2.064,46.31,0,1
1088,29,19.1,55032.0,3059.45,3.0,0.419,1,2,2.0,0,1,0,0.29782,0.075,0.664,0.633,25.16,0,1
1089,48,49.9,222209.0,46690.8,4.8,0.631,1,5,58.0,0,1,0,0.22663,0.075,0.773,0.676,17.97,1,0
1090,50,54.1,103622.0,28086.75,10.0,0.594,0,5,33.0,0,0,0,0.23843,0.03,1.931,1.628,44.75,1,0
1091,40,39.3,83114.0,4852.4,19.7,0.99,0,1,63.0,0,1,0,0.38803,0.048,2.361,1.751,46.46,1,0
1092,41,22.7,53633.0,8200.74,3.5,0.472,2,2,-26.0,0,1,1,0.40989,0.075,0.817,0.984,25.26,0,1
1093,30,1.0,65373.0,2842.43,18.9,0.713,0,3,39.0,0,0,0,0.37451,0.06,2.764,2.574,56.4,0,1
1094,28,28.4,81898.0,4661.54,15.3,0.842,1,2,32.0,0,1,1,0.46285,0.048,1.315,1.972,50.28,1,0
1095,38,49.0,68006.0,12901.36,4.1,0.604,3,3,-1.0,1,1,0,0.42696,0.05,1.006,1.081,28.18,0,1
1096,58,81.9,137777.0,62693.28,9.3,0.628,2,5,11.0,0,1,0,0.31018,0.03,1.323,0.924,31.37,0,1
1097,29,28.5,83144.0,7523.65,18.5,0.883,1,3,12.0,0,1,1,0.51368,0.048,2.367,2.572,60.8,1,0
1098,32,36.4,51637.0,1934.4,3.6,0.306,1,1,-2.0,1,1,0,0.32085,0.075,0.357,0.334,17.47,0,1
1099,31,22.6,74908.0,4536.48,1.6,0.322,0,2,21.0,0,0,0,0.17889,0.075,1.294,1.116,30.03,1,0
1100,25,1.0,69983.0,6089.89,20.6,0.846,0,1,29.0,0,1,0,0.47265,0.078,1.436,1.535,36.23,1,0
1101,19,16.3,74024.0,2837.06,14.2,0.838,1,3,49.0,0,1,1,0.43132,0.078,1.408,1.787,43.64,1,0
1102,44,69.5,152141.0,23663.47,11.1,0.761,0,5,22.0,0,0,0,0.30984,0.048,1.423,1.311,32.79,1,0
1103,45,20.4,62729.0,4666.52,0.4,0.459,0,2,-23.0,1,1,0,0.23539,0.075,0.727,0.667,18.32,0,1
1104,34,19.8,70209.0,7341.94,5.6,0.371,1,2,26.0,0,1,0,0.29233,0.075,0.856,0.937,26.4,0,1
1105,34,4.4,82791.0,1386.1,17.0,0.99,1,2,56.0,0,0,0,0.50631,0.078,2.474,1.961,45.6,1,0
1106,18,10.0,66965.0,8711.57,6.9,0.479,3,2,9.0,0,0,0,0.46824,0.08,0.174,0.322,17.78,0,1
1107,33,38.1,69608.0,9590.58,20.0,0.751,0,4,45.0,0,0,0,0.42909,0.048,2.151,1.858,44.42,1,0
1108,48,84.5,103408.0,36421.63,5.8,0.283,0,3,30.0,0,1,1,0.17792,0.075,1.327,1.794,47.3,0,1
1109,32,22.0,40128.0,2565.48,5.9,0.284,0,3,-10.0,0,1,0,0.30686,0.075,0.99,1.061,23.87,0,1
1110,30,19.4,48407.0,5800.01,12.3,0.965,0,3,69.0,0,1,1,0.42869,0.048,1.359,1.575,44.35,0,1
1111,26,4.2,122324.0,2967.47,12.3,0.99,0,3,42.0,0,1,1,0.34256,0.078,1.118,1.569,34.98,0,1
1112,34,69.7,75929.0,28509.41,6.4,0.457,2,4,41.0,0,0,0,0.25522,0.075,1.584,0.836,24.83,1,0
1113,44,52.1,99382.0,3066.92,10.1,0.662,3,3,-17.0,1,1,1,0.39028,0.005,1.461,2.009,41.42,1,0
1114,37,3.6,47271.0,967.17,9.0,0.498,1,1,18.0,1,1,1,0.36753,0.06,2.409,2.645,55.75,1,0
1115,33,27.6,81278.0,13661.91,9.5,0.583,0,1,32.0,1,1,1,0.43548,0.03,0.523,0.982,23.57,0,1
1116,22,22.5,41932.0,4688.33,15.0,0.99,0,2,47.0,0,1,0,0.36387,0.048,1.982,1.883,40.51,1,0
1117,19,22.3,71326.0,5137.03,16.8,0.99,0,1,51.0,0,1,1,0.46428,0.048,1.523,1.702,41.95,1,0
1118,37,41.7,87368.0,2940.67,7.0,0.484,0,1,27.0,0,1,0,0.27849,0.075,1.34,0.887,23.49,0,1
1119,40,40.4,92139.0,2627.48,18.1,0.95,1,1,57.0,0,1,0,0.4295,0.048,2.141,2.3,52.52,0,1
1120,36,19.2,53865.0,2457.2,4.0,0.393,0,2,30.0,0,1,0,0.22391,0.075,1.091,0.987,25.33,1,0
1121,28,39.1,42609.0,8488.52,9.2,0.68,4,4,-2.0,0,1,1,0.56025,0.005,0.81,0.238,12.09,0,1
1122,31,17.0,53179.0,3960.07,15.7,0.753,0,4,50.0,0,1,0,0.44998,0.078,1.317,1.518,32.67,1,0
1123,35,14.4,85850.0,1839.84,3.9,0.415,0,1,15.0,0,1,1,0.36201,0.105,1.062,1.422,34.57,0,1
1124,35,19.2,69180.0,6145.65,15.1,0.959,0,2,60.0,0,1,1,0.28355,0.048,2.262,2.148,54.9,0,1
1125,53,70.1,135350.0,36167.93,7.7,0.795,0,4,26.0,0,1,0,0.29986,0.093,1.795,1.636,37.5,0,1
1126,18,33.6,77728.0,10327.72,7.9,0.537,5,3,2.0,1,0,0,0.41502,0.05,0.878,0.338,18.36,0,1
1127,53,51.4,97075.0,50603.21,4.9,0.746,0,4,78.0,0,1,0,0.22591,0.075,1.839,2.016,49.56,0,1
1128,31,25.4,80369.0,7160.65,11.3,0.568,2,3,-1.0,0,0,0,0.41854,0.03,1.957,1.923,40.97,0,1
1129,28,25.5,64288.0,7168.27,10.4,0.699,3,3,-31.0,0,1,0,0.44105,0.005,1.324,0.993,30.54,0,1
1130,34,11.9,63869.0,7863.3,9.6,0.342,0,1,4.0,0,0,0,0.28915,0.06,0.898,0.678,23.3,0,1
1131,38,25.8,50474.0,1624.18,5.5,0.51,1,2,22.0,0,1,0,0.2865,0.075,1.344,0.819,28.19,1,0
1132,38,67.0,90244.0,9467.6,6.9,0.63,0,3,21.0,1,1,1,0.32009,0.075,1.646,1.999,41.35,1,0
1133,34,27.8,67717.0,6457.08,14.3,0.77,1,2,25.0,0,1,1,0.37085,0.048,1.72,1.981,51.27,1,0
1134,40,11.7,70144.0,1992.79,4.6,0.413,1,1,-16.0,0,0,0,0.28767,0.105,0.038,0.437,17.93,0,1
1135,35,15.1,65623.0,1489.34,6.0,0.575,1,2,6.0,0,0,0,0.36349,0.105,1.304,1.052,25.1,0,1
1136,43,80.7,139157.0,56891.2,7.3,0.528,0,4,65.0,0,1,0,0.23629,0.075,1.486,1.386,34.11,0,1
1137,42,60.0,175871.0,29126.15,4.0,0.477,0,4,24.0,0,0,0,0.33173,0.075,1.911,1.622,36.17,1,0
1138,56,62.4,130619.0,14075.27,6.0,0.684,1,6,51.0,0,1,0,0.27517,0.075,0.953,0.885,24.71,0,1
1139,18,13.9,77164.0,15828.19,16.0,0.715,1,2,39.0,1,1,1,0.53898,0.06,1.875,1.86,44.93,0,1
1140,45,44.6,63252.0,2808.06,11.0,0.762,4,3,-15.0,0,0,1,0.51008,0.023,1.76,1.648,35.76,0,1
1141,48,76.1,178670.0,30246.94,4.0,0.809,2,5,44.0,0,0,1,0.35239,0.093,0.85,1.409,34.41,0,1
1142,34,35.4,63832.0,878.61,5.2,0.544,1,2,-19.0,0,1,0,0.27849,0.075,0.697,0.306,22.11,0,1
1143,23,22.3,50763.0,3577.06,5.1,0.429,2,1,42.0,0,0,0,0.30549,0.075,1.228,0.781,24.85,0,1
1144,34,11.5,39468.0,1977.62,3.3,0.613,0,1,20.0,0,1,0,0.28423,0.105,0.739,0.769,20.93,0,1
1145,53,85.1,185971.0,54503.48,6.4,0.788,1,5,54.0,0,0,0,0.28052,0.093,1.446,0.981,26.05,0,1
1146,40,72.3,112883.0,31640.4,6.0,0.581,0,5,29.0,0,1,0,0.27053,0.075,1.412,1.163,27.61,0,1
1147,38,16.5,60159.0,7217.49,4.9,0.588,1,2,19.0,0,1,1,0.30584,0.105,0.494,0.815,23.97,1,0
1148,36,39.1,111357.0,2268.91,7.5,0.33,0,1,28.0,0,1,0,0.28851,0.075,0.817,0.524,17.1,1,0
1149,44,55.6,171342.0,11277.19,11.2,0.618,1,4,32.0,0,1,0,0.26999,0.03,1.277,1.318,41.87,0,1
1150,41,38.9,91154.0,3500.82,1.5,0.233,1,3,-7.0,0,1,0,0.24669,0.075,0.78,0.829,23.64,1,0
1151,18,33.7,65722.0,3818.72,15.5,0.916,1,1,26.0,0,1,0,0.35883,0.048,2.201,1.946,43.91,1,0
1152,37,10.9,78783.0,919.52,0.0,0.398,0,1,2.0,0,1,1,0.2223,0.105,0.599,1.084,27.55,1,0
1153,40,23.0,76549.0,2266.15,16.3,0.85,0,2,48.0,0,1,0,0.55062,0.048,2.818,2.326,49.26,1,0
1154,39,25.4,83894.0,2786.93,17.6,0.882,1,3,41.0,0,1,0,0.49192,0.048,2.186,1.579,37.26,1,0
1155,41,62.4,124250.0,21986.77,13.2,0.526,3,2,-17.0,0,1,0,0.42939,0.005,2.466,2.124,49.06,1,0
1156,27,7.1,70492.0,7127.19,11.2,0.905,1,3,57.0,0,1,1,0.43811,0.078,1.839,2.426,53.94,0,1
1157,25,33.2,76396.0,3589.63,13.1,0.99,0,3,35.0,0,1,1,0.39134,0.048,1.01,0.932,26.97,1,0
1158,27,16.2,59553.0,6111.32,16.4,0.783,0,1,33.0,0,1,0,0.36777,0.078,1.688,1.754,40.24,1,0
1159,53,47.1,175412.0,8500.18,3.6,0.735,2,3,52.0,0,1,0,0.21943,0.075,2.64,2.681,58.3,0,1
1160,29,20.6,50712.0,2078.04,5.0,0.454,0,2,20.0,1,1,0,0.30695,0.075,0.43,0.131,12.26,0,1
1161,34,16.0,100170.0,5839.96,17.7,0.941,0,3,21.0,0,1,0,0.46568,0.078,2.719,2.374,50.83,1,0
1162,53,18.3,46117.0,8907.88,5.5,0.587,2,3,-33.0,0,0,1,0.385,0.075,2.203,2.114,52.09,0,1
1163,35,25.7,68420.0,2112.84,4.9,0.351,1,2,-11.0,0,1,1,0.339,0.075,0.186,0.405,13.23,0,1
1164,20,27.5,63876.0,4389.33,12.7,0.949,0,1,43.0,0,1,1,0.45802,0.048,2.884,3.107,71.33,1,0
1165,20,18.9,92571.0,5606.06,19.7,0.957,0,3,66.0,0,0,1,0.5016,0.048,3.338,3.478,71.79,1,0
1166,40,15.5,58784.0,2981.81,5.1,0.342,0,1,38.0,0,1,0,0.23173,0.105,1.098,0.334,19.43,1,0
1167,35,20.2,51060.0,5250.19,2.8,0.283,1,3,24.0,0,0,1,0.25751,0.075,0.334,0.433,17.64,1,0
1168,44,30.9,64864.0,9841.4,5.7,0.599,2,4,28.0,0,1,0,0.39584,0.075,1.327,1.32,33.66,0,1
1169,31,24.6,46896.0,4182.54,5.6,0.513,0,1,14.0,0,1,0,0.31736,0.075,0.627,1.141,28.21,0,1
1170,35,29.3,95291.0,13706.74,19.7,0.99,0,1,65.0,0,1,1,0.48682,0.048,2.739,2.014,50.54,1,0
1171,48,65.3,103972.0,54795.88,5.9,0.772,0,4,23.0,0,1,0,0.24314,0.093,1.609,1.656,47.84,1,0
1172,30,5.2,54895.0,9302.05,3.3,0.471,0,2,-20.0,0,0,0,0.34532,0.105,0.922,0.418,18.97,0,1
1173,26,9.3,83425.0,2907.61,14.0,0.871,2,3,38.0,0,1,1,0.5724,0.078,0.733,1.357,39.26,1,0
1174,27,24.0,91211.0,1065.61,8.7,0.43,1,3,8.0,0,1,0,0.38386,0.03,1.403,0.952,24.96,1,0
1175,63,75.5,137654.0,29211.23,2.8,0.503,2,4,83.0,0,1,1,0.35007,0.075,1.519,1.47,42.73,1,0
1176,34,37.6,55261.0,2590.82,8.0,0.355,1,3,10.0,0,0,0,0.34472,0.03,1.308,1.477,35.97,0,1
1177,54,83.3,148582.0,82628.54,7.0,0.634,0,3,15.0,0,1,0,0.29967,0.075,2.394,1.801,36.38,1,0
1178,45,63.6,78840.0,15351.41,7.8,0.611,0,4,52.0,0,1,0,0.27594,0.075,0.298,0.33,14.97,0,1
1179,22,25.2,54987.0,4275.09,15.1,0.91,1,1,30.0,0,1,0,0.45842,0.048,2.368,2.13,49.74,0,1
1180,27,1.0,68675.0,5855.87,16.6,0.749,0,3,47.0,0,1,1,0.3743,0.06,2.042,2.096,55.35,0,1
1181,43,27.2,48669.0,3201.69,2.5,0.303,0,1,27.0,0,0,0,0.19016,0.075,0.772,0.565,21.25,0,1
1182,25,3.1,49329.0,4025.23,18.9,0.985,0,3,26.0,0,1,0,0.47324,0.078,2.824,2.826,66.62,1,0
1183,23,15.2,95807.0,5681.11,19.0,0.808,0,3,73.0,0,1,1,0.37079,0.078,1.809,2.359,47.46,1,0
1184,30,52.4,81522.0,9074.7,13.3,0.826,0,2,65.0,0,1,0,0.31898,0.048,1.736,1.552,34.4,1,0
1185,32,19.6,78933.0,12210.69,17.8,0.91,3,2,51.0,0,1,0,0.56759,0.023,2.407,2.214,54.34,0,1
1186,46,11.6,48919.0,3064.66,3.5,0.328,0,1,43.0,1,0,0,0.32934,0.105,0.705,0.39,22.21,0,1
1187,51,66.9,140990.0,18829.71,8.1,0.762,0,5,27.0,0,1,0,0.23198,0.048,1.783,1.592,35.64,1,0
1188,40,15.8,67792.0,8134.05,8.6,0.292,1,1,25.0,0,0,0,0.36333,0.06,0.764,0.607,28.25,0,1
1189,34,4.5,70754.0,2233.6,14.2,0.9,0,3,49.0,0,1,0,0.43708,0.078,2.872,2.181,51.49,1,0
1190,30,56.2,81183.0,25618.58,11.5,0.508,3,4,-20.0,0,0,0,0.46791,0.005,1.377,1.813,38.85,0,1
1191,42,74.8,111310.0,76663.36,9.2,0.657,0,4,22.0,0,1,0,0.27267,0.03,1.201,0.624,20.59,1,0
1192,41,66.1,141681.0,84254.76,7.5,0.585,0,5,73.0,0,1,1,0.31832,0.075,1.849,2.659,52.93,0,1
1193,26,17.3,80319.0,4683.83,5.5,0.427,2,2,30.0,0,0,1,0.29488,0.105,0.759,1.388,33.65,1,0
1194,41,18.3,82285.0,759.95,5.2,0.564,0,2,27.0,0,1,0,0.25508,0.075,0.462,0.372,9.6,0,1
1195,37,40.5,84435.0,1526.81,1.4,0.354,0,1,-2.0,0,1,1,0.22369,0.075,1.08,1.506,42.64,1,0
1196,30,19.7,82092.0,5493.44,14.4,0.823,2,2,57.0,1,1,1,0.54398,0.048,2.399,2.364,55.21,1,0
1197,18,1.0,76651.0,2900.57,13.2,0.865,1,2,37.0,1,1,1,0.52664,0.078,1.078,1.477,35.67,0,1
1198,52,60.1,63783.0,6517.62,8.3,0.752,5,4,24.0,0,1,1,0.47644,0.023,0.263,0.071,12.51,0,1
1199,23,18.2,46652.0,6701.98,19.6,0.89,0,2,67.0,0,1,0,0.48413,0.048,2.129,1.773,41.98,1,0
1200,49,26.1,41035.0,2686.2,6.1,0.566,0,2,27.0,0,0,1,0.30803,0.075,0.595,0.757,24.73,0,1
1201,28,44.0,68806.0,3622.19,5.1,0.571,1,3,8.0,0,1,0,0.29727,0.075,1.446,1.123,28.5,1,0
1202,32,36.6,69925.0,14226.69,8.3,0.721,1,2,-10.0,0,1,0,0.47484,0.03,0.496,0.868,22.0,0,1
1203,20,31.0,86387.0,4192.51,5.1,0.475,1,1,19.0,0,1,0,0.31349,0.075,0.677,0.362,12.1,1,0
1204,41,25.9,102685.0,6804.57,11.0,0.651,1,1,21.0,0,1,0,0.37144,0.03,2.643,2.114,54.53,1,0
1205,21,1.2,63142.0,7144.91,14.2,0.742,1,2,53.0,1,1,1,0.56277,0.06,3.154,2.823,60.76,1,0
1206,21,19.4,94792.0,4786.78,12.7,0.726,0,2,28.0,0,1,1,0.28184,0.03,0.897,1.306,34.49,1,0
1207,28,48.2,63298.0,19007.36,8.8,0.708,1,2,16.0,0,0,0,0.29237,0.03,1.743,1.709,46.91,0,1
1208,54,54.2,165929.0,35304.87,9.5,0.756,1,4,21.0,0,0,0,0.33942,0.048,2.4,1.96,48.5,1,0
1209,34,7.3,94477.0,10640.11,16.6,0.99,0,4,43.0,0,0,1,0.40325,0.078,2.016,2.484,64.79,0,1
1210,62,76.7,192986.0,9467.47,5.6,0.477,0,5,25.0,0,0,0,0.25207,0.075,1.105,0.606,20.5,1,0
1211,30,16.5,51652.0,4043.48,9.2,0.483,0,2,-40.0,0,1,0,0.40537,0.06,0.315,0.047,10.87,1,0
1212,37,17.1,77587.0,2316.37,4.2,0.317,1,2,13.0,0,1,0,0.36163,0.105,0.379,0.175,13.27,1,0
1213,29,26.5,43424.0,4577.07,9.5,0.509,2,3,33.0,1,1,1,0.39775,0.03,1.535,1.355,36.22,0,1
1214,47,61.2,195827.0,67949.26,6.2,0.585,0,4,40.0,0,1,0,0.26467,0.075,1.322,1.013,23.24,0,1
1215,25,1.0,75488.0,8020.37,19.0,0.942,1,3,100.0,0,1,0,0.55796,0.078,2.757,2.3,53.29,0,1
1216,41,24.5,71928.0,2171.1,10.5,0.517,6,3,-11.0,0,1,1,0.59547,0.005,1.383,1.591,36.39,0,1
1217,56,64.8,79610.0,50948.13,8.8,0.644,0,4,38.0,0,1,0,0.31506,0.03,2.537,2.193,41.39,1,0
1218,45,33.7,64827.0,11770.99,5.9,0.682,0,2,-10.0,0,1,0,0.30684,0.075,0.951,0.592,18.64,1,0
1219,32,44.9,103819.0,5000.04,12.0,0.714,5,3,-7.0,0,1,0,0.63491,0.005,0.916,0.818,24.51,0,1
1220,36,38.1,67730.0,2614.65,18.0,0.976,1,1,51.0,0,1,0,0.43528,0.048,2.128,1.94,45.94,1,0
1221,29,34.1,92145.0,1600.32,18.7,0.95,1,2,73.0,0,1,1,0.3843,0.048,1.782,2.164,45.74,1,0
1222,27,27.0,76712.0,3613.52,16.1,0.884,1,1,28.0,0,1,0,0.45298,0.048,3.201,2.493,58.85,0,1
1223,30,20.2,78607.0,2673.12,4.3,0.367,0,2,10.0,1,0,1,0.29787,0.075,0.936,1.109,30.74,0,1
1224,34,23.5,75821.0,13429.98,8.5,0.649,2,2,4.0,0,1,1,0.43443,0.03,1.833,2.159,51.2,0,1
1225,41,16.2,59095.0,5361.13,22.2,0.784,0,3,68.0,0,1,0,0.49874,0.078,4.056,3.594,78.2,1,0
1226,37,29.0,59906.0,1506.32,3.0,0.443,2,2,-31.0,0,1,0,0.30669,0.075,1.69,1.171,32.08,0,1
1227,50,71.9,212636.0,37375.08,4.8,0.522,1,4,7.0,1,0,0,0.26291,0.075,0.859,0.738,18.53,0,1
1228,47,69.5,157846.0,27129.08,7.0,0.635,0,4,35.0,0,0,1,0.32216,0.075,1.096,1.186,35.61,1,0
1229,52,20.5,57174.0,1633.91,3.1,0.314,0,1,31.0,0,1,0,0.22198,0.075,0.319,0.289,15.69,1,0
1230,38,25.4,139740.0,1601.43,19.4,0.856,0,3,35.0,1,1,1,0.49558,0.048,2.398,2.759,58.04,0,1
1231,24,31.1,103930.0,6754.44,12.3,0.826,0,3,57.0,0,1,0,0.36801,0.048,1.402,1.02,24.72,0,1
1232,36,41.6,89764.0,10693.11,7.5,0.502,0,2,30.0,0,1,1,0.22967,0.075,2.262,2.663,58.96,1,0
1233,28,15.6,82799.0,6462.25,16.5,0.89,1,1,44.0,0,1,1,0.44076,0.078,1.806,2.081,41.62,1,0
1234,39,21.0,87693.0,4983.25,12.4,0.323,7,2,-12.0,0,1,1,0.66564,0.005,0.735,1.025,30.4,0,1
1235,24,5.7,93379.0,5029.29,17.9,0.702,1,2,53.0,0,1,0,0.41945,0.06,2.056,2.159,49.59,1,0
1236,32,7.8,42156.0,1840.6,20.4,0.988,0,1,47.0,0,1,0,0.43711,0.078,1.96,1.548,38.92,0,1
1237,39,19.1,84552.0,2369.78,16.9,0.916,0,2,49.0,0,1,0,0.42093,0.048,2.364,2.515,56.09,1,0
1238,40,68.2,132137.0,32709.38,7.5,0.56,0,4,31.0,0,1,0,0.26063,0.075,1.419,1.93,45.76,0,1
1239,21,1.0,66406.0,5336.7,18.3,0.99,2,2,39.0,0,1,0,0.65025,0.078,2.09,1.735,39.13,1,0
1240,26,10.0,72094.0,1561.03,12.3,0.83,0,2,25.0,0,1,1,0.42161,0.078,2.222,2.289,55.84,1,0
1241,32,24.9,38763.0,1508.64,0.0,0.366,1,2,22.0,0,1,0,0.25623,0.075,0.594,0.531,21.49,0,1
1242,63,51.2,84776.0,25234.97,10.6,0.554,1,4,14.0,0,1,1,0.29553,0.03,1.538,1.94,45.04,0,1
1243,56,67.2,193216.0,59666.64,8.6,0.85,0,4,18.0,0,0,1,0.31327,0.048,0.947,1.34,38.73,0,1
1244,36,12.3,86101.0,2652.65,18.6,0.926,0,2,21.0,0,0,0,0.43434,0.078,2.252,2.053,47.88,0,1
1245,47,53.3,71933.0,35061.72,5.7,0.662,0,4,28.0,0,1,1,0.30066,0.075,1.176,1.648,40.78,0,1
1246,27,16.6,65047.0,5278.19,19.5,0.951,0,3,44.0,0,1,0,0.49114,0.078,2.041,1.687,44.92,1,0
1247,28,35.7,91324.0,6801.49,10.8,0.386,4,1,-29.0,0,1,1,0.49137,0.005,1.123,1.235,31.6,0,1
1248,34,5.8,70466.0,5356.39,15.9,0.835,0,2,39.0,0,1,1,0.4688,0.078,1.328,1.412,32.44,1,0
1249,38,19.1,82573.0,1251.59,5.1,0.48,0,1,13.0,0,0,0,0.25625,0.075,1.436,1.563,34.33,0,1
1250,44,27.6,78333.0,1958.84,5.4,0.43,1,2,-20.0,0,1,1,0.30042,0.075,0.414,0.464,20.69,0,1
1251,28,6.9,52690.0,11431.94,13.7,0.99,1,2,30.0,0,1,0,0.43058,0.078,0.769,0.841,22.87,0,1
1252,28,1.0,73115.0,11967.26,15.0,0.841,0,3,78.0,0,1,0,0.5004,0.078,1.678,1.675,36.37,1,0
1253,30,1.0,67340.0,7783.26,16.9,0.99,0,3,31.0,0,1,1,0.47641,0.078,2.29,2.823,59.49,1,0
1254,44,26.0,49480.0,16357.66,7.9,0.679,4,1,5.0,0,1,0,0.4655,0.05,1.132,0.47,25.39,0,1
1255,19,1.0,51320.0,1373.33,12.0,0.916,1,2,34.0,0,1,0,0.49248,0.078,2.688,1.891,51.78,1,0
1256,40,17.8,47461.0,1619.24,5.3,0.466,1,1,14.0,0,0,0,0.31214,0.105,0.633,0.573,21.49,0,1
1257,35,42.0,49625.0,2450.76,6.8,0.398,2,2,-5.0,1,1,0,0.28041,0.075,0.911,0.669,24.19,1,0
1258,28,5.5,63689.0,14422.36,7.4,0.213,1,1,-26.0,0,1,0,0.45315,0.105,1.079,0.695,21.27,1,0
1259,23,27.6,95450.0,6526.93,10.4,0.628,3,2,-16.0,0,0,1,0.45679,0.005,2.079,2.287,56.62,0,1
1260,34,47.6,67777.0,4868.57,6.7,0.477,2,1,18.0,0,1,0,0.28821,0.075,1.461,0.584,23.78,1,0
1261,39,20.9,93068.0,5754.71,18.7,0.964,1,2,57.0,0,1,1,0.49108,0.048,3.839,3.533,73.78,0,1
1262,61,57.6,128415.0,40334.86,8.2,0.647,0,3,37.0,0,1,1,0.25053,0.03,2.828,2.619,61.51,0,1
1263,51,60.1,162400.0,31514.29,2.3,0.747,2,3,19.0,0,0,0,0.27727,0.075,0.256,0.245,11.47,1,0
1264,49,27.2,56683.0,1375.19,7.6,0.335,1,2,27.0,0,1,0,0.30563,0.075,1.417,1.359,33.12,1,0
1265,38,51.3,63910.0,1382.21,6.6,0.752,2,3,-22.0,1,0,0,0.34693,0.093,0.646,0.517,19.58,0,1
1266,42,15.6,98470.0,6901.99,1.4,0.321,0,2,-3.0,0,0,0,0.26901,0.105,0.978,0.214,13.89,1,0
1267,26,6.9,40508.0,3014.26,13.0,0.888,1,1,25.0,1,1,1,0.57027,0.078,1.038,1.017,26.72,1,0
1268,31,5.5,35579.0,891.36,11.2,0.505,0,1,2.0,0,0,0,0.28837,0.06,0.889,1.136,28.51,1,0
1269,44,63.2,153022.0,42538.54,9.2,0.583,0,5,28.0,0,1,1,0.29616,0.03,3.072,3.555,76.16,1,0
1270,35,45.1,128472.0,42011.74,5.2,0.722,0,4,40.0,0,1,0,0.22705,0.075,1.155,0.789,24.37,0,1
1271,44,16.4,40027.0,4941.86,2.7,0.392,0,2,-16.0,0,0,0,0.24788,0.105,1.113,0.921,25.11,0,1
1272,45,51.1,103804.0,66085.62,8.0,0.653,0,4,25.0,0,1,0,0.30219,0.03,1.478,1.398,34.92,1,0
1273,43,74.9,107519.0,17608.73,9.5,0.62,2,4,19.0,0,1,0,0.39036,0.03,1.526,1.026,21.44,1,0
1274,30,24.9,91615.0,4529.92,9.8,0.527,3,2,0.0,1,1,0,0.52348,0.005,1.852,1.828,43.16,0,1
1275,28,20.8,105434.0,3658.01,13.5,0.99,0,3,50.0,0,1,1,0.33505,0.048,2.12,2.09,56.76,1,0
1276,61,42.8,214849.0,54587.34,8.9,0.548,0,5,14.0,0,1,0,0.30237,0.03,1.756,0.958,27.01,1,0
1277,44,17.6,49487.0,1147.24,14.3,0.649,1,2,53.0,0,1,1,0.43428,0.06,1.693,2.168,46.13,0,1
1278,18,1.6,52542.0,4891.07,18.8,0.812,0,3,43.0,1,1,1,0.48812,0.078,3.01,3.526,77.16,1,0
1279,33,16.9,40042.0,5498.59,4.7,0.444,2,1,25.0,0,1,0,0.28996,0.105,0.841,0.466,22.59,0,1
1280,31,57.5,101968.0,14274.84,6.9,0.549,4,2,-20.0,1,1,1,0.48506,0.05,2.653,2.542,59.5,0,1
1281,56,73.2,154455.0,50719.02,9.9,0.752,0,3,45.0,0,0,0,0.30658,0.048,0.734,0.567,19.28,1,0
1282,51,60.5,141021.0,63859.56,9.0,0.748,2,3,50.0,0,1,0,0.32118,0.03,0.794,1.145,28.96,1,0
1283,45,100.4,146827.0,5365.92,6.7,0.605,0,3,35.0,0,1,1,0.22518,0.075,2.356,2.241,50.72,1,0
1284,39,20.0,70905.0,22832.76,11.0,0.405,2,2,32.0,0,0,0,0.32423,0.03,0.701,0.566,19.87,1,0
1285,32,36.0,43590.0,3718.71,6.2,0.289,2,2,19.0,0,1,1,0.32314,0.075,0.992,1.427,34.85,1,0
1286,46,3.6,67768.0,7143.02,7.7,0.426,0,1,43.0,0,1,0,0.21634,0.105,0.874,0.863,21.44,1,0
1287,53,59.1,131236.0,14912.85,9.9,0.468,2,4,82.0,0,1,0,0.31477,0.03,0.881,0.799,23.48,1,0
1288,54,45.8,99800.0,10234.34,7.4,0.6,0,4,2.0,0,0,1,0.33758,0.075,1.331,1.266,33.69,1,0
1289,30,65.1,161146.0,102194.86,3.4,0.796,0,2,56.0,0,0,1,0.21814,0.093,1.517,1.784,39.0,0,1
1290,38,31.7,64181.0,4380.67,9.5,0.628,2,3,2.0,0,1,0,0.44186,0.03,1.445,0.85,24.37,1,0
1291,64,58.3,146742.0,26145.68,8.9,0.645,0,2,39.0,0,0,0,0.28804,0.03,1.834,1.137,33.59,0,1
1292,47,44.1,69611.0,11271.61,9.1,0.476,4,2,-21.0,0,1,1,0.39439,0.005,0.669,0.842,28.12,0,1
1293,25,24.2,91591.0,13221.15,0.9,0.61,2,2,-25.0,0,0,0,0.28403,0.075,0.687,0.647,27.67,0,1
1294,47,65.9,146452.0,64502.66,9.8,0.612,2,4,14.0,0,1,0,0.34453,0.03,0.833,0.241,16.69,0,1
1295,41,71.8,108707.0,37000.7,5.5,0.666,0,4,76.0,0,0,0,0.20646,0.075,1.388,1.239,43.23,1,0
1296,61,44.2,150535.0,16126.03,9.9,0.72,0,4,43.0,1,0,0,0.31842,0.03,1.261,1.316,34.26,0,1
1297,31,7.0,83638.0,7123.42,20.6,0.99,0,3,18.0,0,1,0,0.47197,0.078,1.887,1.776,43.58,1,0
1298,24,16.6,87251.0,7197.54,15.3,0.914,0,4,24.0,0,0,1,0.29938,0.078,2.8,2.967,63.64,1,0
1299,35,29.6,78040.0,922.05,5.7,0.486,2,2,-28.0,0,1,1,0.46383,0.075,0.186,0.107,11.26,0,1
1300,31,79.1,116856.0,80469.73,8.1,0.584,1,4,57.0,1,0,0,0.39025,0.03,2.112,1.35,37.78,1,0
1301,21,13.4,91020.0,893.58,17.4,0.99,0,2,45.0,0,1,0,0.4216,0.078,2.76,2.203,51.53,1,0
1302,38,27.2,45194.0,15671.0,9.3,0.492,2,2,2.0,0,1,0,0.32311,0.03,1.246,0.725,23.52,0,1
1303,41,11.5,57119.0,1986.63,3.1,0.407,0,2,10.0,0,1,0,0.3249,0.105,2.136,1.821,44.85,0,1
1304,18,20.0,70568.0,7118.23,13.6,0.99,1,3,62.0,1,1,0,0.37774,0.048,2.325,2.437,51.68,1,0
1305,32,18.4,87222.0,4179.7,8.8,0.377,2,1,2.0,0,1,0,0.43925,0.03,0.77,0.759,24.22,1,0
1306,42,18.7,56561.0,2928.48,5.7,0.283,0,1,16.0,0,1,0,0.28694,0.075,1.584,0.831,27.65,0,1
1307,28,29.9,84845.0,10725.75,11.2,0.545,3,4,-3.0,1,0,0,0.50255,0.005,1.205,0.67,20.68,0,1
1308,40,37.6,44745.0,7562.86,10.1,0.743,2,3,-30.0,0,1,0,0.53231,0.03,1.191,0.843,25.51,0,1
1309,29,9.2,69114.0,7157.39,18.6,0.65,0,3,30.0,0,1,0,0.41602,0.06,3.018,2.752,60.61,1,0
1310,47,12.7,46947.0,12416.66,2.1,0.441,0,1,4.0,0,1,1,0.2928,0.105,1.354,1.158,40.36,1,0
1311,47,67.2,269250.0,13382.27,8.2,0.57,0,5,40.0,0,1,0,0.24226,0.03,2.348,2.156,57.22,1,0
1312,34,1.0,49279.0,377.69,5.9,0.412,1,2,36.0,0,1,0,0.25832,0.105,0.01,0.079,9.52,0,1
1313,44,23.8,73439.0,6105.89,12.5,0.552,0,3,-6.0,0,1,0,0.48665,0.03,1.383,1.65,40.4,0,1
1314,20,2.2,78642.0,3285.31,23.2,0.99,1,2,42.0,0,1,0,0.55733,0.078,3.45,3.549,72.4,1,0
1315,27,30.4,49480.0,3520.69,17.1,0.906,0,3,50.0,0,1,0,0.40349,0.048,1.852,1.946,47.74,1,0
1316,35,25.7,62467.0,4380.91,7.2,0.701,0,2,-11.0,0,0,0,0.37884,0.075,1.166,1.078,22.81,0,1
1317,37,24.3,80315.0,14104.92,5.8,0.731,4,2,-8.0,0,1,1,0.54571,0.05,1.132,0.92,31.48,0,1
1318,35,15.4,77780.0,1833.48,13.6,0.903,2,3,73.0,0,1,1,0.38963,0.078,2.535,2.899,61.35,0,1
1319,39,14.9,31703.0,4021.34,2.4,0.39,1,2,6.0,0,1,1,0.34926,0.105,0.977,0.865,21.78,1,0
1320,30,17.2,50625.0,4543.12,0.0,0.471,1,1,15.0,0,0,0,0.25794,0.105,0.837,0.818,20.36,0,1
1321,50,63.2,181794.0,39308.42,6.2,0.703,0,3,22.0,1,1,1,0.30479,0.075,0.947,1.707,45.05,0,1
1322,59,56.9,161754.0,43920.41,9.9,0.513,0,3,58.0,1,0,0,0.29696,0.03,3.552,2.481,60.03,0,1
1323,23,10.8,105594.0,8340.32,16.2,0.926,0,2,27.0,0,1,1,0.4613,0.078,2.237,2.612,52.22,0,1
1324,36,9.9,45214.0,3106.29,3.8,0.402,0,1,9.0,0,1,1,0.20572,0.105,2.064,2.481,60.55,1,0
1325,48,48.2,195020.0,25546.83,3.6,0.594,1,5,53.0,0,1,0,0.26844,0.075,1.704,1.475,36.07,1,0
1326,35,22.7,58297.0,4115.47,7.3,0.354,1,1,-6.0,0,0,0,0.33911,0.075,0.812,0.376,11.4,1,0
1327,38,65.7,212120.0,47274.64,9.4,0.571,0,4,50.0,0,0,0,0.24358,0.03,1.303,1.393,36.41,1,0
1328,48,13.9,72064.0,14263.93,9.0,0.728,1,2,-47.0,1,1,0,0.51062,0.06,1.197,1.466,43.89,0,1
1329,24,25.1,43725.0,1478.49,10.1,0.86,0,3,23.0,0,1,0,0.35496,0.048,0.665,0.433,20.72,1,0
1330,36,25.2,95587.0,3993.95,14.7,0.99,0,3,42.0,0,1,0,0.41822,0.048,2.68,2.305,52.84,0,1
1331,31,33.7,52341.0,1500.99,5.7,0.444,0,1,56.0,0,1,1,0.25349,0.075,1.187,1.536,32.85,0,1
1332,45,65.6,124670.0,46079.26,7.9,0.515,0,4,37.0,0,0,0,0.23803,0.075,1.951,1.309,30.61,0,1
1333,46,38.6,48634.0,12830.21,9.5,0.611,4,2,-5.0,1,1,1,0.49822,0.005,1.711,1.826,47.22,0,1
1334,42,48.2,91426.0,2509.9,6.4,0.299,1,1,32.0,0,1,1,0.29263,0.075,0.167,1.013,25.67,0,1
1335,36,18.4,51256.0,1867.48,4.9,0.497,1,2,-11.0,0,1,1,0.27954,0.075,0.923,1.283,29.03,1,0
1336,40,9.5,90269.0,4422.21,6.3,0.407,0,1,-48.0,1,1,0,0.44347,0.105,0.898,0.664,20.32,0,1
1337,27,1.0,67647.0,4126.67,13.7,0.99,0,3,77.0,0,1,0,0.39152,0.078,1.592,1.252,35.88,0,1
1338,38,52.1,56046.0,20219.45,5.7,0.748,3,3,3.0,0,1,1,0.44288,0.05,1.815,2.305,56.82,1,0
1339,30,43.2,84252.0,9497.53,5.8,0.239,2,1,2.0,0,1,0,0.37565,0.075,2.236,1.577,36.36,0,1
1340,55,50.9,135294.0,61325.64,9.8,0.589,0,5,35.0,1,0,1,0.33438,0.03,1.508,1.72,47.37,0,1
1341,24,7.3,74707.0,5234.67,17.4,0.767,0,1,64.0,1,1,0,0.52902,0.078,2.126,2.14,47.28,1,0
1342,45,18.1,41742.0,9828.01,4.9,0.667,1,1,8.0,1,1,1,0.42117,0.075,0.978,1.363,34.41,1,0
1343,47,76.7,121960.0,37419.95,7.1,0.592,1,3,37.0,0,0,0,0.27599,0.075,0.815,0.726,23.3,1,0
1344,38,15.6,80835.0,5858.92,9.6,0.445,0,2,31.0,0,1,1,0.33944,0.06,1.081,1.457,32.52,1,0
1345,40,1.0,41544.0,1934.1,5.5,0.676,0,1,-14.0,0,0,0,0.3317,0.105,0.382,0.017,8.34,1,0
1346,38,57.0,62247.0,5064.04,10.2,0.51,2,3,2.0,0,1,0,0.46133,0.03,1.652,1.165,26.44,0,1
1347,47,65.7,123191.0,31867.78,15.0,0.462,0,4,11.0,0,1,0,0.33615,0.03,1.811,1.275,39.21,1,0
1348,49,67.5,140498.0,43238.98,5.5,0.513,1,4,64.0,0,1,0,0.20757,0.075,1.628,1.497,36.81,1,0
1349,55,59.5,205765.0,12754.5,16.7,0.656,0,4,40.0,0,1,0,0.33906,0.03,1.95,2.01,49.73,1,0
1350,24,21.6,70088.0,3361.12,12.6,0.905,0,3,31.0,0,1,0,0.44612,0.048,1.216,1.365,39.9,1,0
1351,34,3.8,48965.0,3445.14,5.5,0.338,2,1,-19.0,1,1,1,0.37896,0.105,0.253,0.663,20.23,0,1
1352,35,11.9,123848.0,4558.39,1.3,0.377,1,2,3.0,0,1,1,0.36352,0.105,0.818,1.11,30.3,0,1
1353,35,17.3,67611.0,4424.81,16.8,0.906,0,1,48.0,0,1,0,0.51205,0.078,1.67,1.961,42.28,1,0
1354,48,34.7,131076.0,37512.2,10.7,0.786,0,2,56.0,0,1,0,0.26904,0.048,1.312,0.679,24.28,1,0
1355,48,18.4,53566.0,1341.21,4.6,0.467,1,3,-11.0,0,0,0,0.36066,0.075,1.411,1.949,45.95,0,1
1356,28,11.6,70528.0,2487.84,18.6,0.838,0,1,28.0,0,1,0,0.42486,0.078,1.394,1.289,32.94,1,0
1357,36,27.4,73528.0,7689.7,7.9,0.565,1,2,-17.0,0,0,0,0.32559,0.075,1.989,1.568,34.74,1,0
1358,48,55.4,176950.0,44593.77,2.5,0.725,1,3,19.0,0,1,1,0.2514,0.075,1.926,1.558,40.35,1,0
1359,29,19.0,80298.0,9297.9,10.7,0.775,4,2,-18.0,1,1,1,0.57424,0.023,1.639,1.681,42.27,1,0
1360,22,1.0,101651.0,2591.77,16.1,0.778,3,2,26.0,0,1,1,0.6106,0.053,2.443,2.547,58.68,1,0
1361,34,32.7,95445.0,6859.79,7.7,0.713,0,3,-0.0,0,1,1,0.34093,0.075,0.897,1.448,36.87,1,0
1362,57,58.4,145994.0,85492.69,6.9,0.606,1,3,25.0,0,0,0,0.31431,0.075,1.013,0.587,15.78,1,0
1363,38,14.5,79700.0,11395.4,10.1,0.411,1,2,-8.0,0,1,0,0.37979,0.06,2.704,2.099,45.96,0,1
1364,26,16.8,102524.0,4048.84,13.8,0.7,1,2,50.0,0,1,0,0.38482,0.06,2.301,2.03,54.5,0,1
1365,58,58.5,102230.0,16427.26,9.0,0.787,1,4,8.0,0,1,0,0.32771,0.048,1.563,1.618,37.28,1,0
1366,49,25.5,141342.0,5031.66,12.2,0.75,1,3,3.0,0,1,0,0.49006,0.03,1.231,1.046,30.42,1,0
1367,38,1.0,66177.0,4519.32,21.6,0.837,0,3,48.0,0,1,1,0.49143,0.078,2.017,2.292,50.2,1,0
1368,23,24.2,69129.0,5384.06,19.8,0.877,1,2,48.0,0,1,1,0.58096,0.048,1.226,2.129,43.04,1,0
1369,26,1.2,54791.0,6499.29,16.4,0.704,0,3,41.0,0,1,1,0.39868,0.06,1.436,2.079,48.66,1,0
1370,62,62.8,100291.0,41178.92,8.7,0.724,0,4,29.0,0,1,0,0.28896,0.03,1.281,1.05,27.96,1,0
1371,31,6.3,98862.0,3537.51,14.9,0.897,1,3,45.0,0,1,1,0.48858,0.078,2.399,2.393,56.59,1,0
1372,33,17.3,108906.0,2151.99,3.2,0.259,3,2,12.0,0,1,0,0.39454,0.08,1.566,0.948,33.57,0,1
1373,54,75.8,118404.0,121059.08,10.4,0.663,0,3,12.0,0,1,1,0.34227,0.03,2.456,2.771,65.7,1,0
1374,42,28.4,64800.0,2089.47,3.7,0.277,0,2,40.0,0,0,0,0.22816,0.075,1.382,1.344,34.05,0,1
1375,31,35.6,62614.0,1295.64,5.5,0.491,0,1,-3.0,0,1,0,0.28064,0.075,0.611,0.285,8.86,1,0
1376,31,20.0,99564.0,1551.02,13.4,0.781,0,1,45.0,0,1,0,0.33527,0.048,1.528,1.402,34.39,1,0
1377,44,35.8,131068.0,6358.98,12.7,0.627,0,2,14.0,0,1,1,0.3494,0.03,1.063,1.352,31.59,1,0
1378,27,1.0,88961.0,5526.76,3.6,0.358,2,2,4.0,0,1,1,0.4592,0.105,1.562,1.839,43.7,0,1
1379,38,27.2,67507.0,5501.8,11.9,0.33,1,1,-3.0,0,1,0,0.32301,0.03,2.118,1.932,45.74,1,0
1380,41,59.3,159178.0,83606.42,6.1,0.75,0,4,-8.0,0,1,1,0.2685,0.075,1.252,1.027,24.0,0,1
1381,42,76.7,163503.0,31848.9,6.0,0.756,0,4,-4.0,0,0,0,0.21669,0.093,1.623,0.781,20.81,1,0
1382,25,9.9,75589.0,9256.17,19.6,0.843,1,3,44.0,1,1,1,0.53271,0.078,2.191,2.824,57.85,1,0
1383,41,34.2,53558.0,4888.68,7.3,0.62,2,2,-4.0,0,1,0,0.3268,0.075,2.013,1.307,35.38,0,1
1384,33,24.7,47554.0,1851.82,0.3,0.478,0,2,31.0,0,1,0,0.17373,0.075,1.814,1.569,39.55,1,0
1385,30,35.9,80442.0,3182.9,1.7,0.482,0,2,25.0,0,1,0,0.2348,0.075,0.929,0.829,22.01,1,0
1386,29,14.4,106547.0,6157.91,18.3,0.99,0,2,14.0,0,1,1,0.54461,0.078,2.066,2.484,52.85,0,1
1387,30,40.9,68076.0,7121.51,11.1,0.636,3,4,16.0,1,1,1,0.52273,0.005,1.76,1.709,41.59,0,1
1388,52,41.5,148078.0,38699.96,5.9,0.601,0,6,11.0,0,1,0,0.23556,0.075,1.053,1.017,34.99,0,1
1389,43,2.6,81516.0,4397.9,2.8,0.477,0,1,26.0,0,1,0,0.19658,0.105,1.221,0.816,25.47,0,1
1390,28,1.0,47970.0,1787.38,17.8,0.853,0,2,35.0,0,0,1,0.36757,0.078,2.128,2.212,47.81,1,0
1391,34,31.4,52301.0,2403.68,8.1,0.313,1,2,62.0,0,0,0,0.22346,0.03,1.738,2.212,48.24,1,0
1392,38,30.1,101734.0,2141.42,4.3,0.564,0,1,-1.0,1,1,0,0.27676,0.075,1.761,0.936,22.88,0,1
1393,18,26.8,82397.0,3315.13,17.5,0.959,0,1,43.0,0,1,0,0.42452,0.048,1.998,1.674,40.84,0,1
1394,33,7.9,56028.0,5862.33,18.4,0.695,0,3,47.0,0,1,0,0.45681,0.06,3.721,2.811,58.93,1,0
1395,57,15.2,60898.0,2160.84,10.3,0.355,2,2,5.0,0,0,1,0.38044,0.06,1.083,0.932,25.96,0,1
1396,28,14.5,100135.0,1222.35,12.9,0.983,1,2,25.0,1,1,1,0.60676,0.078,2.211,2.253,61.27,0,1
1397,37,48.3,36202.0,6859.98,7.2,0.418,4,5,34.0,1,1,0,0.56449,0.05,1.98,1.901,51.65,1,0
1398,40,42.3,61876.0,1501.93,3.1,0.347,0,1,-2.0,0,0,0,0.22765,0.075,2.171,1.607,38.11,0,1
1399,50,40.5,65112.0,11045.88,11.2,0.883,4,3,-20.0,1,1,1,0.50714,0.023,2.107,2.201,49.82,1,0
1400,56,66.0,88581.0,54024.57,7.3,0.604,0,3,32.0,0,1,0,0.2324,0.075,1.224,0.891,22.25,1,0
1401,34,78.0,141087.0,7784.21,8.8,0.759,1,6,38.0,1,1,0,0.33817,0.048,1.332,0.959,22.41,1,0
1402,33,12.9,73250.0,2720.53,16.3,0.99,0,2,31.0,0,1,0,0.50428,0.078,2.491,2.283,47.73,1,0
1403,53,17.3,58617.0,3774.64,4.5,0.33,0,1,28.0,0,1,0,0.19591,0.105,1.084,1.315,30.21,0,1
1404,53,60.5,125615.0,12806.68,8.3,0.669,3,3,37.0,0,0,0,0.29816,0.005,1.417,1.378,37.7,0,1
1405,21,4.3,57684.0,7484.3,18.8,0.99,0,4,44.0,0,1,1,0.51159,0.078,2.29,2.439,55.13,1,0
1406,31,13.9,51313.0,8900.73,13.4,0.951,1,2,55.0,0,1,1,0.41321,0.078,1.578,1.322,35.44,0,1
1407,26,8.6,48962.0,2700.14,4.1,0.69,0,2,-6.0,0,1,0,0.29099,0.105,1.33,0.714,17.74,0,1
1408,38,28.3,95845.0,2721.1,12.7,0.83,0,2,33.0,0,1,1,0.33534,0.048,1.42,1.532,41.43,1,0
1409,28,28.5,62832.0,668.14,5.1,0.628,1,1,10.0,0,1,0,0.30215,0.075,0.383,0.169,14.47,1,0
1410,39,48.2,70668.0,13579.45,8.5,0.592,1,1,10.0,1,1,0,0.39321,0.03,0.813,0.6,22.45,0,1
1411,29,2.4,44558.0,11026.06,7.4,0.394,3,1,5.0,0,1,1,0.30372,0.08,0.584,0.964,26.46,0,1
1412,31,44.8,53334.0,9638.69,4.5,0.5,0,1,4.0,0,0,0,0.25552,0.075,0.866,0.423,16.86,1,0
1413,45,3.1,71993.0,2642.91,3.3,0.418,0,2,-30.0,0,1,0,0.33142,0.105,0.754,0.676,19.92,0,1
1414,36,7.6,67615.0,1474.58,3.8,0.421,2,3,-3.0,0,1,1,0.3717,0.105,0.292,0.287,14.54,0,1
1415,25,8.6,66812.0,7756.52,20.7,0.953,0,3,13.0,0,1,1,0.64859,0.078,1.878,1.823,41.69,1,0
1416,27,37.7,29150.0,2762.53,0.3,0.231,2,2,-17.0,0,0,0,0.24857,0.075,1.419,0.525,19.05,0,1
1417,25,33.7,60007.0,10915.97,7.3,0.502,1,2,-1.0,0,0,0,0.32755,0.075,1.386,1.098,30.08,1,0
1418,29,28.1,63202.0,9739.89,9.1,0.669,4,1,55.0,0,1,0,0.52004,0.005,1.364,1.169,30.82,1,0
1419,36,12.5,46183.0,3186.95,2.8,0.539,0,1,14.0,0,1,0,0.26953,0.105,1.8,1.555,37.85,0,1
1420,42,5.5,52772.0,5854.12,5.8,0.469,0,1,16.0,0,0,0,0.36812,0.105,0.932,0.397,15.61,1,0
1421,34,44.6,89760.0,15992.59,8.8,0.62,1,2,-22.0,0,0,0,0.41176,0.03,1.351,1.364,32.75,0,1
1422,60,71.6,136617.0,22782.41,8.7,0.684,0,4,14.0,0,1,0,0.29036,0.03,1.03,1.148,38.66,0,1
1423,44,78.2,180273.0,17561.57,8.3,0.745,1,3,73.0,0,0,0,0.27053,0.03,2.573,2.201,48.89,1,0
1424,47,66.8,91835.0,6304.8,7.7,0.483,0,5,19.0,1,0,1,0.28557,0.075,1.45,1.482,29.14,0,1
1425,41,30.3,127089.0,25552.39,4.5,0.584,0,4,-4.0,0,1,0,0.28264,0.075,0.791,0.459,18.85,1,0
1426,56,47.1,81754.0,15722.21,8.5,0.632,0,4,39.0,0,0,0,0.24667,0.03,2.255,1.587,42.93,1,0
1427,44,21.6,67732.0,5909.47,11.2,0.922,1,1,36.0,0,1,0,0.45507,0.048,1.597,0.846,30.23,0,1
1428,18,11.6,57306.0,3617.43,14.2,0.668,0,2,55.0,0,1,0,0.47953,0.06,1.496,0.918,22.58,1,0
1429,33,15.3,83386.0,2587.74,5.8,0.292,1,1,40.0,1,1,0,0.24495,0.105,1.73,1.561,39.33,0,1
1430,58,48.8,154142.0,54245.17,11.2,0.638,0,3,41.0,0,1,0,0.3663,0.03,2.394,2.151,44.61,1,0
1431,25,33.4,77598.0,3883.85,10.8,0.541,0,2,14.0,0,1,0,0.34097,0.03,0.707,0.859,21.09,0,1
1432,42,36.5,64119.0,7415.65,7.8,0.544,1,2,5.0,0,1,1,0.38824,0.075,1.281,1.399,39.2,0,1
1433,38,22.0,57709.0,13467.16,13.7,0.827,1,3,95.0,0,1,0,0.35503,0.048,2.131,1.763,44.95,0,1
1434,30,8.4,57215.0,7270.86,17.4,0.958,0,2,87.0,0,1,0,0.42293,0.078,2.298,1.201,31.41,1,0
1435,33,18.1,81647.0,3434.14,21.0,0.864,0,2,38.0,0,1,0,0.56366,0.048,1.904,1.412,33.95,1,0
1436,47,5.9,96186.0,2356.78,8.6,0.527,3,2,28.0,0,1,0,0.43225,0.035,1.069,1.295,31.21,1,0
1437,43,14.4,84951.0,7512.17,13.2,0.876,0,3,78.0,0,1,0,0.41449,0.078,2.684,2.18,54.77,1,0
1438,49,31.7,124719.0,36509.98,7.6,0.517,1,3,47.0,0,1,0,0.27636,0.075,1.802,1.409,37.52,0,1
1439,31,3.2,56068.0,1447.53,6.8,0.586,1,2,9.0,0,1,0,0.35406,0.105,1.167,0.691,27.01,1,0
1440,29,18.1,58503.0,5366.5,7.0,0.566,1,1,1.0,0,1,0,0.37903,0.075,1.419,1.482,31.19,1,0
1441,36,44.5,131358.0,10188.69,17.6,0.795,0,2,46.0,0,0,1,0.42473,0.048,3.076,3.005,64.49,1,0
1442,19,1.0,106039.0,9698.59,14.8,0.944,0,1,22.0,0,1,0,0.50936,0.078,1.516,1.003,25.75,0,1
1443,27,1.1,81526.0,12266.41,17.6,0.864,0,2,61.0,0,1,0,0.43465,0.078,2.606,2.247,49.54,1,0
1444,30,18.6,78285.0,17271.47,18.5,0.968,2,3,70.0,0,1,1,0.52957,0.048,2.262,2.369,52.56,1,0
1445,25,37.2,82398.0,13853.68,13.5,0.804,0,3,36.0,0,0,0,0.42373,0.048,1.444,1.31,35.21,0,1
1446,40,33.4,82279.0,9982.88,12.6,0.686,4,3,-17.0,0,1,1,0.62896,0.005,1.728,1.477,39.05,1,0
1447,53,30.4,52772.0,2619.89,7.2,0.561,2,1,-10.0,0,1,0,0.34385,0.075,1.07,1.245,29.79,0,1
1448,37,26.9,57327.0,2435.62,7.0,0.486,2,3,1.0,0,1,0,0.43174,0.075,0.61,0.218,10.89,0,1
1449,35,24.9,95142.0,8056.71,11.5,0.597,2,2,-8.0,0,1,0,0.40749,0.03,1.521,1.119,36.42,0,1
1450,36,17.0,76452.0,6306.09,18.2,0.99,0,2,17.0,0,1,1,0.50885,0.078,1.989,2.026,41.64,1,0
1451,37,14.1,76225.0,3086.14,6.8,0.32,1,2,65.0,0,1,0,0.28898,0.105,1.435,0.981,20.86,0,1
1452,48,39.7,112295.0,2344.56,13.3,0.516,0,3,-42.0,0,1,0,0.36716,0.03,1.645,1.086,26.33,0,1
1453,36,2.7,67905.0,2490.06,4.5,0.503,1,1,-17.0,0,1,0,0.33932,0.105,0.414,0.624,13.78,0,1
1454,33,32.7,64997.0,4563.45,5.4,0.412,1,2,28.0,0,1,1,0.20887,0.075,2.654,2.581,52.63,1,0
1455,37,62.5,320000.0,16426.42,0.9,0.467,0,4,46.0,0,0,0,0.20617,0.075,0.0,0.155,10.55,1,0
1456,18,13.4,80369.0,5011.71,19.0,0.865,1,2,30.0,1,1,1,0.56184,0.078,2.64,2.879,61.09,1,0
1457,18,1.0,56616.0,5957.4,18.8,0.99,0,2,29.0,0,1,1,0.51212,0.078,2.263,2.889,61.03,1,0
1458,52,50.2,127909.0,66182.42,11.7,0.867,0,4,43.0,0,0,0,0.31226,0.048,1.566,1.515,33.56,1,0
1459,25,36.4,89702.0,9132.19,2.0,0.36,1,1,17.0,0,1,0,0.27637,0.075,1.138,0.615,27.35,0,1
1460,58,59.5,97303.0,25031.85,10.6,0.54,0,4,21.0,0,1,0,0.30216,0.03,2.262,2.036,45.89,0,1
1461,35,25.3,48153.0,3380.6,7.3,0.38,0,1,29.0,0,1,0,0.22349,0.075,0.961,0.552,18.45,0,1
1462,36,20.4,97067.0,9200.3,7.2,0.788,2,1,3.0,0,0,0,0.41333,0.093,0.844,0.524,15.24,0,1
1463,23,15.7,70626.0,6863.18,18.9,0.99,0,1,69.0,0,1,0,0.40649,0.078,1.875,1.977,47.0,1,0
1464,53,45.5,133953.0,45378.93,9.3,0.801,3,5,33.0,1,1,1,0.48527,0.023,1.992,2.494,54.96,0,1
1465,32,32.2,96205.0,20200.25,4.4,0.7,1,3,7.0,0,1,0,0.35451,0.075,1.355,1.1,33.73,1,0
1466,31,35.4,59331.0,1757.86,10.6,0.445,4,1,-12.0,0,0,0,0.49637,0.005,0.504,0.035,13.51,0,1
1467,57,65.8,92826.0,41990.76,5.9,0.536,0,4,44.0,0,1,1,0.24387,0.075,1.305,1.678,41.41,1,0
1468,31,5.2,52234.0,6177.38,11.5,0.823,0,2,51.0,1,1,0,0.4876,0.078,1.142,1.249,33.79,1,0
1469,33,17.9,69035.0,2574.65,5.5,0.373,1,2,26.0,0,0,0,0.25745,0.105,0.412,0.377,10.53,1,0
1470,33,22.4,81508.0,1033.0,15.8,0.825,0,2,54.0,0,1,1,0.38249,0.048,1.818,1.978,49.07,1,0
1471,35,19.5,48938.0,2883.38,8.3,0.368,0,2,-26.0,0,1,0,0.24527,0.03,0.645,0.511,17.31,0,1
1472,32,12.6,55582.0,2835.48,16.5,0.97,3,2,32.0,0,1,1,0.56442,0.053,1.062,1.295,27.03,0,1
1473,23,38.8,70646.0,13393.22,18.1,0.915,0,2,46.0,0,1,0,0.4003,0.048,2.276,2.033,46.18,1,0
1474,63,50.6,186553.0,40840.54,9.4,0.774,0,5,43.0,0,1,0,0.33388,0.048,2.573,1.989,45.77,1,0
1475,45,75.0,110121.0,19080.57,10.8,0.668,0,5,50.0,0,1,0,0.29503,0.03,1.56,1.133,26.88,1,0
1476,60,48.1,115391.0,8427.64,5.6,0.566,0,3,44.0,0,1,1,0.30874,0.075,1.844,2.468,54.07,1,0
1477,48,69.9,100064.0,46976.03,8.5,0.661,1,5,21.0,0,1,0,0.28599,0.03,1.704,1.823,39.61,1,0
1478,41,30.5,53428.0,4716.7,4.1,0.264,2,1,27.0,0,1,0,0.3033,0.075,0.627,0.431,14.27,0,1
1479,54,55.9,151190.0,27812.37,9.8,0.386,2,2,19.0,0,1,0,0.37772,0.03,0.963,0.751,20.65,0,1
1480,57,47.4,244288.0,47376.44,8.7,0.711,0,4,58.0,0,1,0,0.39209,0.03,0.793,0.475,19.79,1,0
1481,43,38.4,146358.0,25517.39,6.3,0.752,0,5,59.0,0,0,0,0.28874,0.093,1.729,1.195,35.21,1,0
1482,37,8.6,74906.0,9004.89,15.1,0.908,0,1,44.0,0,1,1,0.43145,0.078,2.199,2.55,52.33,1,0
1483,51,37.3,90891.0,15251.63,13.5,0.547,3,1,-20.0,1,1,0,0.56301,0.005,1.638,1.069,30.65,1,0
1484,27,3.1,91717.0,1550.81,11.4,0.752,1,2,31.0,0,1,0,0.44881,0.078,1.261,0.684,21.53,1,0
1485,38,32.2,61602.0,3230.27,10.9,0.718,2,2,-29.0,0,1,1,0.54341,0.03,0.941,1.675,40.37,0,1
1486,25,1.0,141499.0,16851.01,19.4,0.954,1,3,26.0,0,0,0,0.53587,0.078,2.978,2.265,49.6,1,0
1487,33,19.2,58613.0,5498.86,6.1,0.462,0,2,7.0,0,1,0,0.25847,0.075,1.646,1.27,25.45,0,1
1488,61,48.2,147094.0,14086.1,13.3,0.639,3,5,23.0,1,1,0,0.65497,0.005,1.809,2.096,51.44,0,1
1489,28,21.1,68470.0,1080.98,7.0,0.378,0,2,-21.0,0,1,0,0.25718,0.075,1.078,1.211,30.44,0,1
1490,42,56.0,151508.0,36627.08,9.0,0.518,0,5,25.0,0,0,0,0.31457,0.03,1.97,2.526,50.41,1,0
1491,40,1.7,114731.0,2141.64,14.7,0.928,1,1,46.0,1,1,1,0.55609,0.078,1.248,1.831,45.68,0,1
1492,39,14.1,50313.0,2441.84,5.6,0.371,0,1,4.0,0,1,0,0.29557,0.105,0.719,0.437,14.01,0,1
1493,53,19.8,88959.0,7757.89,10.8,0.543,5,1,-25.0,1,1,1,0.56054,0.005,0.69,0.583,21.65,1,0
1494,32,6.2,61681.0,2828.73,4.5,0.619,2,2,-35.0,0,0,1,0.56009,0.105,0.582,0.791,26.77,0,1
1495,50,75.0,179934.0,66552.15,6.0,0.635,0,5,56.0,0,0,0,0.22902,0.075,2.169,1.966,47.93,0,1
1496,33,26.7,67940.0,26364.89,5.7,0.32,1,3,-9.0,0,1,0,0.28197,0.075,0.626,0.563,19.24,0,1
1497,36,1.0,53674.0,2197.49,5.0,0.371,0,1,16.0,0,1,0,0.22472,0.105,0.567,0.343,15.29,1,0
1498,26,23.5,87735.0,3836.32,5.0,0.48,0,1,-5.0,0,1,1,0.20359,0.075,0.016,0.451,26.03,0,1
1499,54,73.0,152005.0,41201.96,6.7,0.625,1,4,43.0,0,1,0,0.29879,0.075,1.895,1.561,32.7,1,0
1500,40,21.9,57696.0,23101.64,2.4,0.433,4,2,-3.0,0,0,1,0.3493,0.05,0.729,0.751,26.39,1,0
1501,38,49.0,103542.0,6155.54,11.2,0.638,6,3,-6.0,0,0,1,0.56391,0.005,1.952,1.647,46.05,1,0
1502,32,11.7,71903.0,5213.99,7.6,0.397,2,1,25.0,0,1,0,0.3322,0.105,1.338,1.647,42.39,0,1
1503,43,68.0,135263.0,18570.94,8.2,0.588,0,4,53.0,0,1,0,0.26774,0.03,1.067,0.985,31.24,1,0
1504,54,74.4,121611.0,32445.52,12.9,0.656,0,6,60.0,0,1,0,0.30559,0.03,2.201,1.526,38.84,1,0
1505,27,27.4,65095.0,1409.66,8.1,0.422,0,2,-6.0,0,0,0,0.34281,0.03,1.292,1.424,38.19,0,1
1506,53,45.5,164940.0,32226.1,9.3,0.625,0,5,39.0,0,1,0,0.32901,0.03,1.289,0.966,28.09,1,0
1507,50,10.7,38365.0,2781.29,4.2,0.405,2,1,-21.0,0,0,0,0.32682,0.105,0.924,0.676,23.14,0,1
1508,59,76.0,152732.0,47513.59,7.1,0.638,2,3,25.0,0,1,0,0.25565,0.075,0.504,0.001,4.01,0,1
1509,18,6.3,90642.0,14293.68,17.5,0.938,0,3,40.0,0,1,0,0.46627,0.078,2.306,1.978,45.68,1,0
1510,31,33.7,31261.0,2329.91,4.1,0.454,2,3,24.0,0,1,1,0.33173,0.075,0.787,0.74,15.8,0,1
1511,32,10.8,80134.0,1226.61,17.5,0.99,0,1,42.0,0,1,1,0.48051,0.078,2.762,2.713,57.45,0,1
1512,29,17.7,91678.0,3946.03,17.7,0.84,0,2,57.0,0,1,0,0.33692,0.078,1.888,1.83,42.9,0,1
1513,28,14.4,84226.0,9718.18,8.4,0.616,2,2,-15.0,0,1,1,0.43547,0.06,1.284,1.999,43.4,0,1
1514,38,14.7,73273.0,3420.71,7.5,0.699,0,2,-1.0,0,1,1,0.2974,0.105,1.441,2.08,51.29,1,0
1515,35,11.5,54006.0,2708.21,3.9,0.425,1,2,-5.0,1,0,0,0.36271,0.105,0.554,0.32,19.66,0,1
1516,42,18.7,57395.0,11835.37,16.1,0.9,1,2,57.0,0,1,0,0.51405,0.048,2.849,2.221,58.15,1,0
1517,27,17.1,46749.0,4916.6,13.4,0.761,1,2,37.0,0,1,0,0.30108,0.078,1.987,1.883,49.69,0,1
1518,43,27.6,79237.0,2802.45,3.8,0.352,1,1,-36.0,1,0,0,0.43628,0.075,0.214,0.124,14.48,0,1
1519,20,10.1,91887.0,2714.39,21.8,0.888,0,1,56.0,0,1,0,0.44483,0.078,2.708,2.572,60.95,0,1
1520,22,4.8,104191.0,1445.88,13.6,0.959,1,3,26.0,0,1,1,0.53751,0.078,1.449,2.317,58.91,0,1
1521,34,18.2,62486.0,5573.81,17.2,0.971,1,3,48.0,0,1,0,0.53972,0.048,2.638,2.22,51.69,1,0
1522,46,18.6,89452.0,9383.6,7.8,0.626,3,3,-29.0,0,1,1,0.45644,0.05,1.064,1.54,44.97,0,1
1523,28,34.9,39323.0,1506.89,0.0,0.518,1,1,10.0,0,1,0,0.26912,0.075,1.216,1.087,28.92,0,1
1524,35,20.6,46655.0,2914.71,6.0,0.32,1,1,-45.0,0,1,0,0.30912,0.075,1.047,0.992,25.47,0,1
1525,28,27.1,74491.0,7285.88,7.5,0.644,2,3,-9.0,0,0,0,0.31752,0.075,0.524,0.31,11.02,0,1
1526,28,21.5,90904.0,2998.62,16.9,0.901,1,2,27.0,0,1,1,0.55623,0.048,1.808,1.591,43.56,0,1
1527,55,61.1,217150.0,19107.56,10.7,0.654,0,5,10.0,0,0,1,0.28364,0.03,1.522,1.706,43.65,1,0
1528,46,42.1,129339.0,41639.07,8.6,0.6,0,4,49.0,0,1,0,0.36405,0.03,1.859,1.773,38.66,0,1
1529,27,3.3,60158.0,3885.69,16.9,0.795,0,2,42.0,0,1,1,0.49672,0.078,1.887,1.674,40.1,0,1
1530,21,28.7,59329.0,3064.64,13.7,0.766,0,2,39.0,0,1,0,0.3348,0.048,2.008,2.2,50.07,0,1
1531,44,63.0,114610.0,18277.1,9.9,0.675,1,3,20.0,0,1,0,0.36377,0.03,1.925,1.725,37.22,1,0
1532,41,1.0,138436.0,4135.41,15.5,0.955,0,3,61.0,0,1,0,0.46917,0.078,2.204,2.034,50.32,1,0
1533,39,35.2,88325.0,14590.28,3.6,0.576,3,4,-16.0,0,1,1,0.47578,0.05,1.663,2.027,45.9,0,1
1534,31,24.3,97227.0,9150.03,11.2,0.588,1,3,20.0,0,0,0,0.35709,0.03,0.965,0.935,24.66,0,1
1535,27,5.5,71251.0,3857.23,19.1,0.821,0,2,67.0,0,1,0,0.44228,0.078,2.487,2.72,60.81,0,1
1536,38,48.3,137939.0,39105.17,12.0,0.695,0,6,61.0,1,1,0,0.3807,0.03,2.294,1.794,44.09,0,1
1537,28,34.0,71260.0,7282.42,10.4,0.437,2,2,28.0,0,0,0,0.37272,0.03,0.922,0.85,24.03,1,0
1538,45,1.0,51469.0,4126.3,6.6,0.39,0,2,-2.0,0,0,0,0.25018,0.105,0.148,0.02,3.41,0,1
1539,34,11.9,54537.0,3552.82,5.9,0.525,3,2,11.0,1,1,1,0.51868,0.08,0.992,1.249,34.33,0,1
1540,62,63.4,115017.0,48462.0,10.9,0.711,0,4,30.0,0,0,0,0.38627,0.03,0.812,0.287,21.63,1,0
1541,34,40.9,52285.0,2707.17,2.1,0.261,1,1,26.0,0,1,0,0.2323,0.075,0.497,0.434,15.4,1,0
1542,29,22.6,77012.0,5071.93,11.5,0.905,1,3,44.0,0,1,0,0.34591,0.048,1.441,1.114,27.9,1,0
1543,53,51.8,110542.0,23287.46,6.7,0.535,0,3,29.0,0,1,1,0.2516,0.075,2.506,3.007,66.21,1,0
1544,18,34.4,82101.0,1642.5,19.4,0.915,0,3,76.0,0,1,0,0.38052,0.048,2.996,2.795,65.4,1,0
1545,50,45.7,149022.0,39987.99,6.2,0.293,0,3,28.0,0,1,0,0.22208,0.075,0.79,0.263,13.2,0,1
1546,49,65.2,131480.0,40088.04,9.3,0.662,0,5,22.0,1,1,0,0.34451,0.03,1.822,1.434,35.04,1,0
1547,39,21.9,60784.0,3732.45,17.5,0.978,1,4,36.0,0,0,1,0.54018,0.048,2.19,2.291,54.28,0,1
1548,42,11.4,60696.0,5881.99,5.2,0.418,1,2,30.0,0,1,1,0.36809,0.105,1.236,1.258,32.99,0,1
1549,41,70.4,120413.0,20019.24,4.6,0.512,0,5,38.0,0,0,0,0.23684,0.075,0.96,0.933,28.32,0,1
1550,38,9.8,76962.0,1422.87,16.9,0.99,0,3,53.0,0,1,1,0.40178,0.078,1.718,2.62,59.83,0,1
1551,27,24.3,102230.0,2860.37,14.9,0.99,0,1,48.0,0,1,1,0.45753,0.048,2.298,2.68,55.46,1,0
1552,43,39.9,98392.0,11753.2,12.6,0.582,0,4,-8.0,0,1,1,0.35051,0.03,1.82,1.99,51.31,1,0
1553,50,66.0,248165.0,39863.44,11.1,0.611,0,4,14.0,0,1,1,0.29783,0.03,2.023,1.94,44.2,1,0
1554,48,57.1,135324.0,19626.59,7.0,0.422,1,2,29.0,0,0,1,0.27184,0.075,1.588,1.483,36.36,1,0
1555,40,29.8,84939.0,8534.57,20.8,0.952,1,2,50.0,0,1,1,0.52694,0.048,2.712,2.724,63.57,0,1
1556,37,21.5,48149.0,5612.98,5.4,0.279,1,1,-9.0,0,1,1,0.35174,0.075,0.874,1.139,31.6,0,1
1557,36,37.0,80313.0,1644.41,0.0,0.503,0,1,-9.0,0,1,1,0.24928,0.075,0.546,0.692,24.58,1,0
1558,55,68.1,133398.0,18924.67,7.8,0.753,1,3,28.0,0,1,0,0.25682,0.093,1.525,1.211,32.24,1,0
1559,46,29.5,64732.0,11322.9,13.4,0.582,2,4,17.0,1,1,0,0.41583,0.03,1.113,0.503,15.61,0,1
1560,40,31.5,50509.0,5671.81,2.3,0.313,0,1,-31.0,1,1,0,0.32313,0.075,0.037,0.025,13.55,0,1
1561,45,31.5,54874.0,810.92,4.3,0.567,1,2,-40.0,0,1,0,0.367,0.075,0.155,0.155,10.97,0,1
1562,42,36.7,80610.0,9607.34,5.3,0.59,4,3,25.0,1,1,1,0.53087,0.05,0.127,0.356,18.0,0,1
1563,36,1.0,61818.0,719.05,1.3,0.44,1,1,-19.0,0,1,0,0.30365,0.105,0.949,0.655,22.89,0,1
1564,44,10.2,58368.0,2100.29,2.2,0.328,2,3,2.0,0,1,1,0.32604,0.105,0.735,1.254,33.52,0,1
1565,34,38.6,48689.0,6107.33,1.2,0.451,1,1,-19.0,0,1,1,0.29113,0.075,0.924,1.504,41.44,1,0
1566,49,46.9,112121.0,226350.91,6.3,0.618,0,3,28.0,0,1,0,0.2057,0.075,1.688,1.146,32.03,0,1
1567,41,26.6,67108.0,3852.96,20.7,0.754,0,2,41.0,0,1,1,0.37546,0.048,2.964,3.296,66.39,1,0
1568,40,24.5,86057.0,2000.61,15.9,0.99,0,2,75.0,0,1,1,0.4492,0.048,2.781,3.246,66.3,1,0
1569,49,53.3,165020.0,22918.99,10.1,0.834,2,4,48.0,0,0,1,0.40262,0.048,2.023,2.207,52.9,1,0
1570,46,38.1,171135.0,33404.19,10.9,0.752,1,4,10.0,0,1,0,0.46554,0.048,1.774,1.814,46.76,0,1
1571,59,55.2,137945.0,20698.87,5.0,0.736,3,3,-2.0,1,0,1,0.54078,0.05,1.664,1.531,35.19,0,1
1572,44,55.9,79856.0,4385.51,6.8,0.784,1,2,1.0,0,0,1,0.32205,0.093,2.164,2.316,56.35,0,1
1573,40,20.6,68799.0,6061.69,11.1,0.475,1,2,-18.0,0,0,0,0.38295,0.03,1.153,1.023,26.37,0,1
1574,33,12.5,36860.0,3879.62,2.8,0.313,1,2,-4.0,0,0,0,0.22875,0.105,1.41,1.021,26.57,0,1
1575,31,4.0,71696.0,4030.79,17.9,0.854,1,1,67.0,0,1,0,0.51494,0.078,1.757,1.644,34.29,1,0
1576,29,30.6,68676.0,2537.14,20.5,0.933,0,1,11.0,0,1,1,0.39456,0.048,2.018,2.047,48.54,1,0
1577,30,19.1,44567.0,1940.74,0.6,0.398,1,1,3.0,1,0,1,0.26335,0.075,1.555,1.794,40.88,0,1
1578,36,14.5,50620.0,2292.41,3.5,0.318,0,2,22.0,0,1,0,0.25499,0.105,0.969,0.761,23.43,0,1
1579,37,39.0,61192.0,1566.72,4.0,0.431,0,2,-12.0,0,1,1,0.23184,0.075,0.171,0.218,11.43,1,0
1580,32,29.0,43448.0,1894.52,3.1,0.42,0,2,35.0,0,1,1,0.2263,0.075,0.388,0.68,24.5,0,1
1581,41,11.0,48697.0,4558.42,2.9,0.523,0,2,-9.0,0,1,0,0.27474,0.105,0.429,0.274,10.88,0,1
1582,58,47.3,209597.0,27550.68,6.7,0.645,0,5,33.0,0,0,0,0.22487,0.075,0.537,0.349,12.86,0,1
1583,56,75.9,89525.0,10236.6,8.0,0.43,0,4,21.0,0,1,1,0.16685,0.03,1.711,1.909,40.8,1,0
1584,27,16.2,72333.0,8760.86,16.4,0.942,0,3,-8.0,0,0,0,0.52931,0.078,1.473,1.188,26.77,1,0
1585,43,12.4,52550.0,10488.81,11.6,0.764,2,3,-16.0,0,1,1,0.487,0.078,1.461,1.536,37.16,0,1
1586,36,1.0,48163.0,1220.88,4.4,0.433,0,1,25.0,0,0,1,0.28974,0.105,0.611,1.016,30.87,0,1
1587,40,48.6,130826.0,25235.19,11.0,0.749,0,3,14.0,0,1,0,0.3384,0.03,1.032,0.825,21.7,0,1
1588,43,16.1,55148.0,4780.65,7.4,0.534,0,4,-20.0,0,1,1,0.33235,0.105,0.629,1.138,27.75,0,1
1589,30,1.0,88739.0,6987.1,12.8,0.962,0,2,34.0,0,0,0,0.44027,0.078,2.333,1.703,45.65,0,1
1590,47,2.8,109458.0,3534.26,15.2,0.818,0,3,54.0,0,0,0,0.41075,0.078,2.267,1.772,42.56,1,0
1591,39,5.0,95391.0,4292.09,17.2,0.873,1,1,37.0,0,1,0,0.48684,0.078,0.416,0.492,16.45,0,1
1592,34,10.4,100221.0,3979.28,18.3,0.874,2,2,44.0,0,1,1,0.4912,0.078,1.801,2.249,54.08,1,0
1593,37,42.3,40650.0,1146.28,8.4,0.482,0,1,11.0,0,1,1,0.41234,0.03,1.753,2.088,52.25,1,0
1594,50,58.8,129234.0,79777.65,8.8,0.549,0,5,24.0,0,1,0,0.32125,0.03,2.271,1.634,44.58,1,0
1595,28,20.0,66936.0,4614.15,6.5,0.269,1,1,42.0,1,1,0,0.3994,0.075,2.102,1.869,43.76,0,1
1596,26,37.1,91094.0,4921.64,12.7,0.642,5,2,-27.0,1,1,1,0.70382,0.005,1.228,0.722,19.7,0,1
1597,23,13.2,122014.0,5097.69,13.9,0.948,0,4,57.0,0,1,0,0.39363,0.078,2.454,1.681,38.73,1,0
1598,29,20.8,101431.0,8476.13,15.4,0.912,0,3,68.0,0,1,1,0.3934,0.048,1.711,1.813,45.0,0,1
1599,20,25.4,75158.0,3110.69,12.0,0.533,0,2,7.0,0,0,0,0.35624,0.03,0.518,0.769,30.84,0,1
1600,25,17.5,154749.0,12378.58,18.3,0.878,2,1,45.0,0,1,0,0.51727,0.078,2.318,2.217,53.45,1,0
1601,33,55.2,60554.0,19989.66,5.9,0.461,0,1,20.0,0,0,0,0.2808,0.075,0.818,0.524,29.43,0,1
1602,27,26.9,70294.0,4145.81,18.4,0.862,1,3,37.0,0,0,0,0.44695,0.048,3.488,3.39,74.79,1,0
1603,33,18.0,75532.0,5478.31,5.4,0.562,2,1,-44.0,0,1,1,0.35326,0.075,0.312,1.365,33.97,1,0
1604,33,26.4,46084.0,1576.96,2.8,0.467,0,1,5.0,0,0,0,0.202,0.075,0.514,0.246,9.93,0,1
1605,41,6.5,77401.0,1067.43,13.3,0.99,0,2,75.0,0,0,0,0.38294,0.078,1.767,1.704,42.45,1,0
1606,34,21.4,47679.0,10128.69,17.1,0.982,0,1,55.0,0,1,0,0.41854,0.048,3.004,2.751,60.98,0,1
1607,31,5.5,51140.0,2384.15,3.5,0.49,0,1,11.0,0,1,1,0.25107,0.105,1.051,1.807,42.3,1,0
1608,29,2.7,73670.0,7949.1,16.3,0.985,0,1,58.0,1,1,0,0.51455,0.078,1.622,1.121,34.12,1,0
1609,49,66.1,178333.0,64420.37,7.2,0.382,1,3,31.0,1,1,0,0.25276,0.075,1.861,1.777,40.64,0,1
1610,44,74.0,186279.0,15848.98,3.6,0.675,1,4,35.0,0,0,1,0.27935,0.075,1.027,1.175,34.45,0,1
1611,24,22.0,58590.0,2457.26,18.4,0.99,1,3,36.0,0,1,0,0.45682,0.048,0.69,0.429,14.05,1,0
1612,42,32.2,103344.0,9324.63,0.0,0.439,1,1,19.0,0,1,0,0.19453,0.075,0.645,0.494,20.83,0,1
1613,32,26.5,61412.0,2866.44,2.5,0.425,0,2,-0.0,1,0,0,0.26258,0.075,0.372,0.172,8.22,0,1
1614,41,64.1,147240.0,20833.22,4.4,0.537,1,5,28.0,0,0,0,0.24835,0.075,1.595,1.389,34.6,0,1
1615,35,16.0,38121.0,1520.82,2.1,0.382,2,2,27.0,0,1,0,0.33434,0.105,1.056,1.041,31.14,0,1
1616,30,25.8,64284.0,4104.69,16.5,0.808,0,2,40.0,0,1,0,0.41538,0.048,2.593,2.762,54.46,1,0
1617,18,28.3,100906.0,11991.63,19.3,0.99,2,2,55.0,0,1,1,0.45566,0.048,2.685,2.991,65.98,1,0
1618,38,30.2,75377.0,12490.6,4.8,0.755,4,3,4.0,0,1,1,0.47755,0.068,0.735,0.77,19.31,0,1
1619,41,20.6,60743.0,3376.22,3.0,0.643,2,2,9.0,0,0,0,0.36853,0.075,0.893,0.843,23.83,0,1
1620,32,35.1,80808.0,12636.84,11.3,0.807,0,1,37.0,0,1,0,0.3209,0.048,2.458,2.237,49.52,1,0
1621,45,15.8,51474.0,11148.79,14.4,0.826,0,2,19.0,0,0,1,0.43565,0.078,2.369,1.683,44.1,0,1
1622,58,62.9,134447.0,39762.15,8.2,0.558,0,4,13.0,0,1,1,0.34057,0.03,0.691,1.193,30.64,1,0
1623,45,27.8,86296.0,18230.39,6.6,0.318,0,1,22.0,0,1,0,0.22414,0.075,2.15,2.044,48.71,0,1
1624,49,14.8,101916.0,3831.48,10.3,0.79,0,2,55.0,0,1,1,0.39365,0.078,1.88,1.981,38.72,1,0
1625,54,52.2,133413.0,65330.2,9.5,0.583,0,4,15.0,0,1,0,0.36079,0.03,1.369,0.736,24.01,0,1
1626,36,26.5,89993.0,2323.71,1.9,0.526,1,1,18.0,0,0,0,0.27954,0.075,1.841,1.729,53.18,0,1
1627,56,61.5,98229.0,57546.16,4.7,0.561,2,4,38.0,1,1,0,0.27678,0.075,0.274,0.304,21.52,1,0
1628,25,38.1,58462.0,3829.08,16.2,0.99,0,1,62.0,0,0,1,0.47857,0.048,1.57,1.566,37.23,0,1
1629,30,25.5,125702.0,6073.69,17.7,0.99,1,1,85.0,0,1,0,0.51143,0.048,1.865,1.824,49.69,1,0
1630,44,54.9,161307.0,151309.02,7.7,0.671,0,5,45.0,0,0,1,0.29169,0.075,2.108,2.078,47.68,1,0
1631,52,70.7,127645.0,59408.63,5.0,0.775,0,5,21.0,0,0,1,0.2518,0.093,0.812,1.36,39.72,1,0
1632,30,25.7,58125.0,4090.06,4.2,0.28,1,1,24.0,0,0,0,0.3153,0.075,0.269,0.345,19.08,0,1
1633,33,46.7,57909.0,4835.02,7.0,0.529,7,3,-28.0,0,1,0,0.52605,0.05,1.41,0.886,32.09,0,1
1634,41,24.7,77583.0,9041.18,10.6,0.611,1,2,34.0,1,1,0,0.46517,0.03,1.612,1.627,38.49,1,0
1635,34,24.3,62230.0,1558.01,7.4,0.455,0,1,-13.0,0,1,1,0.29674,0.075,0.997,0.947,24.43,0,1
1636,36,60.8,138743.0,56955.52,10.7,0.797,1,3,42.0,0,1,0,0.26648,0.048,1.826,1.358,28.7,1,0
1637,39,62.7,100899.0,56033.87,7.9,0.53,0,5,34.0,0,1,0,0.21398,0.075,1.336,0.329,18.49,0,1
1638,27,11.4,63372.0,2669.39,7.5,0.371,2,1,2.0,0,1,1,0.39772,0.105,0.835,1.801,38.56,0,1
1639,23,22.9,65875.0,13268.24,13.2,0.891,0,2,35.0,0,1,1,0.41064,0.048,1.942,1.653,43.1,0,1
1640,38,27.0,45210.0,8072.75,9.3,0.373,3,1,36.0,0,1,0,0.41286,0.005,0.364,0.531,18.2,0,1
1641,37,37.4,83060.0,3306.47,1.7,0.315,0,2,21.0,0,0,0,0.19411,0.075,0.202,0.063,12.1,0,1
1642,36,15.9,136532.0,6499.07,10.5,0.848,1,2,41.0,0,1,1,0.41345,0.078,1.215,1.368,28.41,0,1
1643,54,57.1,233168.0,21828.99,11.7,0.613,1,5,67.0,0,1,0,0.34709,0.03,2.555,2.062,49.35,0,1
1644,37,25.5,90583.0,3770.32,14.1,0.99,0,2,42.0,0,1,1,0.54336,0.048,2.424,2.62,55.34,0,1
1645,33,6.5,70741.0,2233.06,16.3,0.788,1,2,58.0,0,0,0,0.44035,0.078,1.734,1.304,33.77,0,1
1646,50,75.0,135403.0,23448.74,5.2,0.73,1,4,9.0,0,1,0,0.33455,0.075,2.634,2.252,56.52,0,1
1647,37,29.0,84796.0,4204.79,22.4,0.99,1,3,20.0,0,1,0,0.60622,0.048,1.781,1.81,38.96,1,0
1648,41,37.1,52671.0,1019.56,9.4,0.374,1,2,23.0,0,1,0,0.32255,0.03,1.686,1.599,44.31,1,0
1649,38,26.5,84235.0,4364.66,8.7,0.459,3,1,16.0,0,1,0,0.34444,0.005,0.726,0.389,15.92,0,1
1650,44,16.2,34052.0,5829.88,4.7,0.493,0,2,51.0,0,1,0,0.31372,0.105,1.876,1.681,44.52,1,0
1651,18,17.3,70168.0,4476.9,18.6,0.945,1,1,31.0,0,1,0,0.53689,0.078,2.18,1.709,37.81,1,0
1652,27,20.6,94351.0,779.48,15.9,0.909,0,2,57.0,0,1,1,0.38692,0.048,1.913,2.006,42.82,0,1
1653,27,9.3,60494.0,3817.64,19.0,0.825,0,3,39.0,0,1,0,0.42579,0.078,3.226,2.476,58.31,1,0
1654,37,32.0,71229.0,1819.16,14.9,0.973,1,3,60.0,0,1,1,0.45184,0.048,2.031,2.584,60.62,0,1
1655,46,29.0,69257.0,2018.51,8.8,0.389,0,2,25.0,0,1,1,0.24542,0.03,1.919,2.018,48.15,0,1
1656,39,51.3,207927.0,82227.89,6.8,0.643,0,4,33.0,0,1,0,0.24339,0.075,1.333,1.097,23.02,0,1
1657,39,38.6,53590.0,924.66,15.1,0.919,0,2,30.0,0,1,0,0.37987,0.048,0.463,0.158,10.33,0,1
1658,27,23.2,40779.0,1764.69,3.2,0.524,0,2,4.0,0,1,0,0.26778,0.075,1.808,1.724,42.64,0,1
1659,41,48.9,106893.0,54869.42,8.5,0.852,3,6,13.0,0,1,1,0.47284,0.023,1.8,1.854,45.42,1,0
1660,27,6.0,50179.0,2851.44,15.0,0.819,1,3,51.0,0,1,0,0.43946,0.078,2.076,1.559,42.17,1,0
1661,27,33.9,51152.0,2713.12,17.3,0.906,1,3,-9.0,0,1,1,0.50393,0.048,2.777,2.821,57.39,1,0
1662,27,52.9,55371.0,29979.25,7.7,0.427,2,1,-19.0,0,1,0,0.36089,0.075,0.467,0.266,13.51,0,1
1663,40,34.1,82317.0,3836.51,6.6,0.593,1,1,27.0,1,1,0,0.32613,0.075,0.78,0.756,22.14,1,0
1664,34,31.8,69859.0,8259.58,20.1,0.905,1,2,61.0,0,1,1,0.45964,0.048,1.687,2.092,55.24,1,0
1665,42,36.6,59502.0,4137.73,4.7,0.397,0,2,-21.0,0,1,1,0.25029,0.075,0.866,1.049,36.62,1,0
1666,32,28.7,45584.0,3332.48,10.5,0.436,3,1,21.0,0,1,0,0.43887,0.005,1.162,0.556,24.06,0,1
1667,35,25.9,70007.0,6822.52,7.5,0.441,2,2,-12.0,0,1,1,0.46685,0.075,1.0,1.463,36.03,1,0
1668,29,22.5,126114.0,15526.57,21.8,0.819,0,2,37.0,0,1,1,0.42531,0.048,1.616,1.952,49.8,0,1
1669,41,24.8,59804.0,1506.5,15.8,0.99,0,2,59.0,0,1,0,0.43446,0.048,1.915,1.203,36.05,1,0
1670,18,13.1,93993.0,2931.92,0.0,0.501,0,1,-9.0,0,1,0,0.2416,0.105,0.515,0.618,16.45,0,1
1671,42,70.8,152269.0,31113.96,6.1,0.726,1,4,61.0,0,1,1,0.25564,0.075,2.551,2.291,54.21,1,0
1672,38,48.5,72329.0,6052.14,7.4,0.515,2,2,-3.0,1,1,1,0.3821,0.075,0.941,1.684,38.6,0,1
1673,27,19.5,65731.0,5676.31,1.9,0.349,0,2,19.0,1,0,0,0.3218,0.075,0.592,0.305,11.41,0,1
1674,27,12.2,84451.0,5317.77,10.1,0.888,1,2,64.0,0,1,0,0.27118,0.078,1.983,1.802,38.67,0,1
1675,34,27.7,97413.0,10487.35,7.3,0.518,1,1,27.0,0,1,1,0.26749,0.075,2.146,2.217,48.16,1,0
1676,30,14.2,67897.0,6133.62,0.0,0.485,0,2,25.0,0,0,1,0.27143,0.105,1.271,1.364,43.9,1,0
1677,35,6.2,68281.0,7283.92,7.0,0.344,1,4,-2.0,0,1,1,0.39934,0.105,1.814,1.677,39.2,1,0
1678,53,75.8,123156.0,14676.96,13.9,0.713,0,4,13.0,0,0,1,0.43076,0.03,1.082,1.402,32.89,1,0
1679,33,16.6,74002.0,1776.52,2.4,0.323,1,3,5.0,0,0,0,0.28583,0.105,0.683,0.41,15.03,0,1
1680,35,31.2,55607.0,4998.02,10.0,0.517,3,1,1.0,0,1,1,0.46915,0.005,0.956,1.37,35.08,0,1
1681,34,14.7,60762.0,7089.68,3.4,0.447,1,1,-14.0,0,1,0,0.23234,0.105,0.022,0.058,3.37,0,1
1682,35,37.3,128512.0,1599.91,6.7,0.301,2,2,21.0,0,1,1,0.31437,0.075,1.028,1.243,30.87,1,0
1683,23,32.2,30006.0,1630.61,1.3,0.324,0,2,17.0,1,0,0,0.27399,0.075,1.468,1.498,39.17,1,0
1684,32,13.1,80938.0,2171.02,15.6,0.99,0,2,41.0,0,0,0,0.42259,0.078,1.731,1.429,35.8,0,1
1685,26,1.8,81783.0,26938.19,19.0,0.99,1,2,45.0,0,0,1,0.53679,0.078,1.301,1.339,41.08,0,1
1686,38,11.8,71461.0,4102.62,15.9,0.99,0,3,45.0,0,0,0,0.51844,0.078,1.431,1.747,44.22,1,0
1687,53,68.8,130586.0,45157.8,3.6,0.69,2,6,42.0,0,1,1,0.34971,0.075,0.342,1.153,30.89,0,1
1688,57,64.3,141448.0,15246.27,11.4,0.711,0,5,48.0,0,1,0,0.30959,0.03,2.142,1.823,45.58,1,0
1689,31,32.3,67264.0,14923.83,5.5,0.573,3,2,47.0,0,0,0,0.35438,0.05,2.734,1.963,42.84,0,1
1690,46,64.5,146524.0,10103.2,8.2,0.601,2,4,37.0,0,1,0,0.36284,0.03,1.468,1.549,36.64,0,1
1691,26,31.1,51722.0,1587.66,6.1,0.526,3,1,-2.0,0,1,1,0.37997,0.05,0.541,1.059,30.86,0,1
1692,30,21.5,101858.0,1864.92,4.8,0.58,1,1,-26.0,0,1,0,0.40121,0.075,0.513,0.22,10.37,1,0
1693,38,21.4,71001.0,5187.98,22.9,0.987,0,2,17.0,0,1,1,0.52136,0.048,2.878,3.204,72.04,1,0
1694,45,10.2,68809.0,1791.6,6.5,0.338,0,1,-4.0,0,0,0,0.3316,0.105,1.238,1.253,34.79,0,1
1695,30,61.6,60101.0,21542.77,8.5,0.633,3,2,5.0,0,1,0,0.39947,0.005,1.498,1.568,31.43,1,0
1696,35,27.6,92630.0,11095.47,10.6,0.505,3,3,-16.0,0,1,1,0.43406,0.005,1.034,1.092,28.3,0,1
1697,28,18.4,92645.0,2874.37,16.6,0.864,0,3,52.0,0,1,1,0.44674,0.048,3.341,3.074,74.47,1,0
1698,39,28.8,66072.0,5737.73,4.6,0.61,2,1,-4.0,0,0,1,0.34018,0.075,1.075,0.96,30.76,1,0
1699,23,17.1,44708.0,2323.27,5.2,0.298,1,2,19.0,0,1,0,0.33394,0.105,1.338,0.347,17.66,0,1
1700,24,22.1,48153.0,2043.84,3.3,0.669,1,1,27.0,0,1,0,0.25717,0.075,0.084,0.027,11.5,0,1
1701,38,21.9,93019.0,5370.35,5.1,0.49,1,1,2.0,0,1,0,0.32786,0.075,0.882,0.481,14.31,0,1
1702,21,11.0,48010.0,609.13,3.1,0.379,0,2,18.0,0,1,0,0.22197,0.105,0.457,0.608,20.86,1,0
1703,46,67.3,164071.0,51592.02,2.9,0.648,1,4,26.0,0,0,0,0.30314,0.075,0.484,0.168,8.12,0,1
1704,39,11.2,55791.0,5032.57,12.1,0.515,3,2,-31.0,0,1,0,0.56056,0.035,1.209,1.195,31.92,0,1
1705,52,83.0,181185.0,20110.48,6.5,0.58,0,4,45.0,0,0,1,0.21909,0.075,0.913,1.206,28.35,0,1
1706,34,31.5,49019.0,10712.39,4.9,0.438,1,1,18.0,0,0,0,0.28601,0.075,0.355,0.219,12.94,0,1
1707,26,23.7,58596.0,3186.07,13.9,0.864,0,1,55.0,0,1,1,0.47644,0.048,1.431,1.505,37.24,1,0
1708,55,41.2,113854.0,59565.73,6.0,0.537,0,4,52.0,0,0,0,0.27697,0.075,0.198,0.439,15.79,0,1
1709,37,12.5,50806.0,3597.08,1.7,0.406,0,2,5.0,0,1,0,0.21827,0.105,0.568,0.327,18.0,0,1
1710,24,32.7,84775.0,5772.02,18.6,0.755,0,2,41.0,0,1,0,0.47915,0.048,1.749,2.098,48.44,1,0
1711,35,71.8,60116.0,2549.15,7.7,0.29,2,1,5.0,0,0,1,0.27347,0.075,0.794,1.035,25.32,0,1
1712,52,76.3,102674.0,26284.27,8.1,0.499,0,4,41.0,0,1,1,0.24105,0.03,1.801,1.914,40.29,1,0
1713,47,34.4,58556.0,8099.52,3.1,0.614,2,2,7.0,1,0,0,0.27748,0.075,1.785,1.046,26.43,0,1
1714,41,28.3,43328.0,5492.65,0.0,0.475,1,1,12.0,0,1,0,0.28522,0.075,1.602,1.09,30.16,1,0
1715,58,51.8,164188.0,23125.67,10.1,0.706,0,3,20.0,0,1,0,0.28662,0.03,0.598,0.54,18.04,0,1
1716,31,33.9,73759.0,1520.13,2.7,0.431,1,2,-10.0,0,1,0,0.27186,0.075,1.183,0.977,27.58,1,0
1717,45,48.8,137111.0,21885.58,5.0,0.696,0,5,17.0,0,1,0,0.21311,0.075,1.478,1.502,41.62,1,0
1718,36,16.5,77479.0,15141.11,9.1,0.719,2,1,-0.0,0,1,0,0.44997,0.06,1.847,1.172,25.74,0,1
1719,37,15.7,115554.0,17211.73,8.1,0.635,3,3,-9.0,0,1,1,0.46799,0.035,0.706,1.02,31.37,0,1
1720,28,33.7,56542.0,4303.06,0.4,0.61,1,1,1.0,0,0,0,0.2195,0.075,1.782,1.136,30.68,1,0
1721,38,15.3,58897.0,1573.3,12.3,0.896,1,3,57.0,0,0,0,0.41967,0.078,1.088,0.883,26.05,0,1
1722,35,17.2,88865.0,7345.1,16.9,0.966,0,2,72.0,0,0,0,0.41555,0.078,2.865,2.567,52.35,1,0
1723,36,30.8,53030.0,18667.19,7.2,0.667,1,2,-17.0,0,0,0,0.43331,0.075,1.315,1.479,43.43,0,1
1724,42,17.5,68021.0,8955.37,10.4,0.487,1,3,-29.0,0,1,0,0.37066,0.06,1.628,1.536,40.81,0,1
1725,51,54.0,117393.0,115886.11,8.4,0.645,0,3,52.0,0,0,1,0.28853,0.03,0.4,0.478,21.65,1,0
1726,34,8.6,62881.0,1906.84,18.8,0.697,1,3,44.0,0,1,0,0.40945,0.06,2.156,2.043,48.73,0,1
1727,40,45.1,128989.0,49941.92,5.8,0.626,1,4,31.0,0,0,0,0.29874,0.075,1.474,1.252,33.89,0,1
1728,34,15.9,75227.0,1545.69,5.1,0.399,3,1,29.0,1,1,0,0.43391,0.08,0.787,0.849,19.5,0,1
1729,29,3.0,102439.0,8954.26,17.7,0.863,0,2,39.0,0,1,1,0.49342,0.078,2.456,2.027,52.83,1,0
1730,53,68.9,177209.0,47660.14,6.3,0.595,1,4,42.0,0,0,0,0.2597,0.075,1.146,0.93,22.65,1,0
1731,31,29.9,64609.0,9674.5,7.5,0.486,0,2,13.0,0,0,1,0.37587,0.075,1.209,0.972,25.09,0,1
1732,18,1.0,70891.0,6226.96,11.5,0.803,0,2,100.0,0,1,1,0.32222,0.078,1.963,2.003,50.83,1,0
1733,27,18.4,31216.0,2307.14,2.3,0.635,0,2,7.0,0,1,1,0.29375,0.075,1.702,2.032,43.97,1,0
1734,29,38.3,83932.0,3270.3,11.4,0.962,1,1,62.0,0,1,1,0.36823,0.048,1.29,1.45,38.36,1,0
1735,35,10.2,31884.0,2549.75,2.5,0.342,0,2,5.0,0,0,0,0.21764,0.105,0.872,0.672,16.97,1,0
1736,47,27.1,35101.0,2152.53,4.1,0.501,2,2,19.0,0,0,0,0.26939,0.075,0.104,0.035,6.78,0,1
1737,39,23.3,56480.0,7201.1,6.7,0.539,3,1,6.0,0,1,0,0.3633,0.05,0.516,0.476,14.83,0,1
1738,30,29.1,81628.0,10311.32,15.6,0.941,0,3,59.0,0,1,1,0.43948,0.048,2.641,2.648,63.13,1,0
1739,38,34.5,63744.0,3024.28,7.4,0.479,2,3,-10.0,0,1,1,0.44331,0.075,1.22,1.773,38.63,0,1
1740,43,16.8,89312.0,3075.74,0.3,0.676,2,1,20.0,0,0,1,0.3442,0.105,0.171,0.471,21.83,0,1
1741,25,16.8,86099.0,4686.55,12.7,0.97,2,2,30.0,0,0,0,0.47624,0.078,1.694,1.467,35.45,1,0
1742,28,17.0,71051.0,2708.07,16.8,0.763,0,1,29.0,0,0,0,0.40319,0.078,2.206,1.988,48.25,1,0
1743,21,14.9,110502.0,5983.11,18.4,0.923,1,3,8.0,0,1,1,0.54958,0.078,1.384,2.481,52.95,0,1
1744,45,6.2,90028.0,7753.66,3.4,0.406,0,2,17.0,0,0,0,0.22027,0.105,0.068,0.134,11.6,0,1
1745,41,45.9,82687.0,14283.68,12.3,0.591,2,3,-20.0,0,1,1,0.49068,0.03,0.8,1.157,31.29,0,1
1746,33,43.8,58402.0,19202.41,6.4,0.459,3,3,34.0,0,1,0,0.36807,0.05,0.394,0.268,12.14,0,1
1747,34,9.5,50854.0,1880.63,3.4,0.436,1,2,1.0,0,1,0,0.26289,0.105,1.232,1.269,31.19,0,1
1748,42,27.4,48718.0,8192.11,8.2,0.499,1,2,16.0,0,1,0,0.41205,0.03,1.567,1.02,29.47,0,1
1749,47,59.3,136429.0,19454.24,12.1,0.602,0,5,56.0,0,1,0,0.23981,0.03,1.808,1.518,37.58,0,1
1750,45,48.1,103933.0,37388.59,8.4,0.683,0,5,29.0,0,1,0,0.29641,0.03,0.975,1.111,26.64,1,0
1751,33,8.6,65879.0,9910.4,4.1,0.538,1,3,-22.0,0,1,0,0.38805,0.105,1.351,1.378,32.81,1,0
1752,31,8.0,81540.0,8397.82,18.6,0.868,0,2,41.0,0,1,0,0.51537,0.078,2.284,1.699,42.27,1,0
1753,32,17.7,34534.0,7045.45,9.5,0.52,2,1,32.0,0,1,0,0.35631,0.06,1.434,1.1,31.02,1,0
1754,32,4.7,41944.0,4694.76,3.8,0.332,3,1,53.0,0,1,1,0.31278,0.08,0.199,0.849,19.61,0,1
1755,40,64.1,120350.0,18294.96,5.6,0.569,0,4,11.0,0,0,0,0.21261,0.075,0.681,0.495,11.68,0,1
1756,39,45.0,70986.0,3321.87,11.3,0.452,0,4,-8.0,0,0,0,0.33811,0.03,2.15,1.506,37.73,0,1
1757,28,26.1,66512.0,6309.71,21.3,0.809,2,2,33.0,0,1,1,0.60793,0.048,2.037,2.315,47.75,1,0
1758,33,20.5,54844.0,7956.2,6.8,0.444,0,1,3.0,0,0,0,0.21661,0.075,1.315,0.955,24.64,0,1
1759,36,1.0,48758.0,2952.04,0.1,0.5,0,1,42.0,0,1,1,0.25262,0.105,0.766,1.071,32.06,0,1
1760,40,30.6,39893.0,1111.61,6.5,0.341,2,1,-5.0,0,0,0,0.32062,0.075,1.224,1.086,26.98,1,0
1761,54,63.8,119447.0,124067.69,9.1,0.707,0,3,3.0,0,0,0,0.30261,0.03,2.474,1.675,40.49,1,0
1762,33,21.1,71749.0,6185.39,13.4,0.912,1,2,48.0,0,1,1,0.37782,0.048,1.363,1.3,36.95,0,1
1763,27,39.2,69890.0,5029.49,19.5,0.748,0,2,51.0,0,0,0,0.38893,0.03,2.009,1.9,49.68,1,0
1764,25,6.1,78329.0,2106.22,17.2,0.919,0,2,36.0,0,1,0,0.5805,0.078,1.917,1.331,32.29,0,1
1765,22,1.0,85101.0,4547.68,19.6,0.99,0,2,31.0,0,0,0,0.50407,0.078,2.518,2.388,54.22,1,0
1766,25,3.4,91359.0,7032.57,13.1,0.692,0,2,47.0,1,1,1,0.43597,0.06,1.258,2.081,48.56,1,0
1767,35,27.8,49724.0,4160.25,5.6,0.651,0,2,-16.0,0,1,0,0.27355,0.075,0.956,0.545,25.07,1,0
1768,23,16.3,49663.0,2892.59,13.6,0.833,1,1,52.0,0,1,0,0.56902,0.078,1.508,1.607,37.54,1,0
1769,30,1.4,107132.0,4336.14,16.7,0.719,1,2,37.0,0,1,1,0.507,0.06,1.982,2.136,47.06,0,1
1770,28,5.0,65471.0,2010.15,8.5,0.445,3,1,36.0,0,0,0,0.41517,0.035,2.147,2.115,54.21,0,1
1771,26,26.7,55640.0,23597.64,5.1,0.681,4,3,-2.0,1,1,1,0.55872,0.05,0.071,0.326,22.82,0,1
1772,41,7.0,63594.0,5367.06,0.8,0.399,0,2,7.0,0,1,1,0.25731,0.105,1.116,0.796,27.07,0,1
1773,35,37.2,96065.0,5689.51,11.6,0.624,0,3,-12.0,0,1,1,0.35665,0.03,0.572,1.065,26.41,1,0
1774,29,17.1,94105.0,1403.69,4.5,0.663,0,1,-27.0,0,0,1,0.31872,0.105,0.676,1.214,32.85,0,1
1775,30,23.5,77040.0,9583.29,12.2,0.613,3,3,-10.0,0,1,0,0.41931,0.005,0.442,0.466,21.49,1,0
1776,41,21.9,95849.0,5807.27,6.8,0.918,1,4,-12.0,0,1,0,0.38569,0.093,1.132,0.731,25.82,1,0
1777,48,34.2,51939.0,6095.45,9.1,0.729,3,3,-7.0,0,1,0,0.43786,0.005,0.651,1.073,28.98,0,1
1778,46,62.5,136669.0,15299.91,9.9,0.646,0,4,30.0,0,0,0,0.30424,0.03,2.382,1.67,41.03,1,0
1779,47,64.4,126065.0,16582.04,8.6,0.672,0,5,61.0,0,1,0,0.24744,0.03,0.901,0.704,22.75,1,0
1780,57,64.2,151373.0,35568.89,3.2,0.605,0,4,29.0,0,1,0,0.24774,0.075,0.527,0.291,11.89,1,0
1781,18,15.1,117420.0,3783.34,23.6,0.927,0,1,28.0,0,1,1,0.55382,0.078,2.027,2.514,52.39,1,0
1782,49,9.6,63118.0,15200.78,5.1,0.492,1,2,-22.0,1,1,1,0.35762,0.105,1.089,1.39,32.69,0,1
1783,46,7.2,59001.0,6621.63,12.4,0.856,0,1,36.0,0,1,1,0.48301,0.078,2.261,2.138,49.67,1,0
1784,18,11.3,54034.0,2128.62,16.8,0.748,1,3,24.0,0,1,1,0.46463,0.06,1.718,1.938,43.91,1,0
1785,28,40.8,118521.0,1658.5,17.2,0.99,0,3,19.0,0,1,1,0.48391,0.048,2.507,2.819,59.0,1,0
1786,30,5.8,67780.0,3886.17,7.2,0.537,0,1,4.0,0,1,0,0.26698,0.105,0.132,0.0,9.0,1,0
1787,47,57.0,155747.0,24723.95,10.5,0.484,0,4,56.0,0,1,1,0.29821,0.03,1.573,1.356,35.92,0,1
1788,35,32.2,65619.0,19008.77,8.4,0.609,1,2,10.0,0,1,0,0.27435,0.03,1.316,1.206,30.19,1,0
1789,41,18.4,63425.0,3603.21,0.0,0.543,0,3,-14.0,0,1,1,0.34256,0.075,0.966,0.962,26.78,0,1
1790,28,28.9,58221.0,1240.41,17.2,0.99,2,3,45.0,0,1,0,0.56287,0.048,2.362,1.935,45.92,0,1
1791,29,18.3,65502.0,1546.49,0.1,0.354,0,2,18.0,0,1,1,0.20718,0.075,0.944,1.199,35.11,1,0
1792,48,59.2,100488.0,20631.16,11.3,0.748,1,5,45.0,0,1,0,0.3731,0.03,2.076,2.206,50.02,0,1
1793,33,25.8,68974.0,5997.85,14.0,0.902,1,2,74.0,0,0,0,0.34668,0.048,3.342,2.964,61.28,0,1
1794,30,52.7,60527.0,4035.59,10.7,0.633,2,3,-30.0,0,1,0,0.41803,0.03,1.152,1.322,33.02,1,0
1795,23,38.9,24485.0,3313.3,2.7,0.329,0,1,-7.0,0,0,1,0.26303,0.075,0.188,0.272,13.24,0,1
1796,43,14.4,69207.0,1888.12,14.7,0.432,0,1,31.0,0,1,0,0.39679,0.06,2.937,2.006,46.01,1,0
1797,34,30.4,56485.0,8032.23,6.8,0.504,7,3,-1.0,1,0,1,0.61588,0.05,0.771,0.59,22.61,0,1
1798,28,16.6,71803.0,5723.58,17.9,0.959,0,2,-8.0,0,0,1,0.52888,0.078,1.527,2.112,46.82,1,0
1799,35,32.8,72033.0,20685.3,7.3,0.567,3,2,-12.0,1,1,1,0.53982,0.05,0.244,0.654,22.38,0,1
1800,42,20.8,116048.0,9384.56,11.1,0.662,5,2,-42.0,1,0,1,0.69233,0.005,0.883,1.094,27.49,0,1
1801,50,42.2,78174.0,4704.71,7.4,0.712,3,3,-8.0,0,1,1,0.33552,0.05,1.49,1.407,37.32,1,0
1802,42,33.5,78797.0,21113.12,8.4,0.554,2,3,31.0,0,1,0,0.36207,0.03,1.571,1.785,44.77,0,1
1803,18,15.5,86882.0,3994.87,16.1,0.853,1,2,61.0,0,1,0,0.45583,0.078,1.88,1.278,39.09,0,1
1804,28,15.7,91109.0,13227.0,9.4,0.349,2,1,-31.0,0,1,0,0.35373,0.06,1.158,0.875,24.47,0,1
1805,35,31.7,81396.0,5371.24,6.5,0.42,0,3,-16.0,0,0,0,0.24672,0.075,0.611,0.517,18.36,1,0
1806,36,8.3,77690.0,8486.25,10.9,0.443,1,3,-25.0,1,0,1,0.55165,0.06,0.88,1.179,27.85,0,1
1807,18,9.0,92090.0,2673.14,15.3,0.961,0,2,69.0,0,1,0,0.38371,0.078,1.059,1.089,27.66,1,0
1808,55,55.2,71669.0,39456.74,9.5,0.605,2,3,-8.0,0,1,0,0.36697,0.03,0.926,0.615,23.15,0,1
1809,41,65.4,242572.0,53958.98,8.0,0.581,0,4,26.0,0,0,0,0.23024,0.03,0.731,0.983,33.1,1,0
1810,39,38.6,116741.0,3262.38,17.6,0.829,0,2,31.0,0,1,0,0.45023,0.048,2.409,2.091,48.11,1,0
1811,42,22.9,80589.0,3145.34,14.9,0.814,2,1,22.0,0,0,0,0.51427,0.048,1.343,1.197,30.14,0,1
1812,47,79.4,94230.0,40353.08,5.9,0.742,0,3,66.0,0,1,1,0.30445,0.075,1.101,1.281,32.82,0,1
1813,38,29.7,81804.0,1754.79,5.7,0.44,2,1,-20.0,0,1,0,0.33485,0.075,0.637,0.714,20.4,0,1
1814,20,29.5,63016.0,1677.68,14.7,0.99,0,3,21.0,0,1,0,0.46341,0.048,1.058,1.313,41.13,0,1
1815,39,44.3,68148.0,3774.21,8.4,0.189,0,2,40.0,0,1,1,0.1684,0.03,1.949,1.716,38.73,1,0
1816,35,22.2,50921.0,7459.13,9.2,0.649,2,2,-10.0,0,0,1,0.35857,0.03,2.104,1.726,41.01,0,1
1817,27,12.4,107627.0,2758.96,0.8,0.377,2,1,7.0,0,1,1,0.36241,0.105,0.596,0.808,23.83,0,1
1818,47,70.0,93490.0,44899.73,6.4,0.609,1,4,22.0,0,1,0,0.33167,0.075,1.832,1.493,33.65,1,0
1819,46,62.0,140595.0,49167.05,5.3,0.789,0,4,34.0,0,1,0,0.27713,0.093,1.033,0.9,23.37,1,0
1820,36,33.6,40596.0,7205.11,11.9,0.547,5,3,-16.0,0,1,0,0.62201,0.005,1.211,0.676,22.14,0,1
1821,42,19.0,58347.0,1446.11,6.6,0.484,3,1,-4.0,1,1,0,0.4117,0.05,0.805,0.87,30.25,0,1
1822,44,54.8,123030.0,21129.17,7.8,0.528,0,5,7.0,0,1,0,0.35694,0.075,1.567,1.52,35.76,1,0
1823,50,50.4,97876.0,11700.93,9.8,0.594,1,4,-7.0,0,0,0,0.30775,0.03,1.148,0.873,23.57,0,1
1824,29,17.8,64188.0,8741.69,8.8,0.415,3,3,-19.0,0,0,0,0.46494,0.035,0.52,0.854,27.48,0,1
1825,46,30.2,80235.0,2098.6,6.8,0.424,1,1,1.0,0,0,0,0.46288,0.075,0.041,0.142,10.35,0,1
1826,22,22.3,57640.0,2702.63,17.4,0.942,1,3,57.0,0,1,1,0.43078,0.048,2.149,2.762,67.93,1,0
1827,49,43.1,127884.0,47814.11,9.9,0.762,0,4,24.0,0,1,0,0.3975,0.048,1.116,0.783,25.38,1,0
1828,46,52.0,128578.0,27706.36,7.5,0.55,1,4,32.0,0,1,0,0.34177,0.075,1.469,1.356,36.59,0,1
1829,33,14.0,67447.0,4893.36,2.8,0.372,0,1,42.0,1,1,0,0.24812,0.105,0.517,0.565,17.95,0,1
1830,55,68.8,152431.0,56673.36,9.8,0.569,1,4,41.0,0,0,1,0.40187,0.03,1.516,1.432,35.82,0,1
1831,59,57.6,167713.0,26111.87,12.2,0.612,0,4,24.0,0,0,1,0.27736,0.03,1.845,2.182,56.17,1,0
1832,43,21.0,63407.0,5561.59,7.5,0.324,0,2,-11.0,0,1,0,0.297,0.075,1.495,1.264,28.52,0,1
1833,46,44.5,164977.0,35012.4,12.3,0.403,0,4,31.0,0,0,0,0.33378,0.03,2.604,1.714,41.3,0,1
1834,30,43.9,59639.0,5355.48,16.4,0.785,0,3,59.0,0,0,1,0.37245,0.048,1.999,1.991,48.67,1,0
1835,24,16.9,84412.0,1084.79,13.4,0.895,0,2,33.0,1,1,1,0.6325,0.078,1.813,1.929,52.14,1,0
1836,22,22.0,117325.0,2394.03,13.6,0.884,0,3,43.0,0,1,0,0.33302,0.048,2.389,2.451,58.18,1,0
1837,21,9.5,48286.0,2479.92,19.7,0.961,0,2,32.0,0,1,1,0.596,0.078,1.889,2.027,44.44,1,0
1838,46,54.2,157478.0,26013.36,3.0,0.733,2,6,26.0,0,1,0,0.21172,0.075,1.75,1.275,31.26,1,0
1839,37,45.0,70829.0,3231.48,8.6,0.381,0,1,-14.0,0,0,0,0.18078,0.03,1.366,1.603,36.33,0,1
1840,22,1.0,87537.0,3318.54,2.4,0.256,0,2,14.0,0,1,0,0.24529,0.105,0.277,0.12,9.14,0,1
1841,29,19.3,92459.0,5418.47,21.2,0.944,0,4,46.0,0,1,1,0.54045,0.048,4.017,4.091,92.07,1,0
1842,49,16.5,73977.0,5125.5,8.8,0.589,4,3,19.0,0,1,0,0.56228,0.035,1.056,0.969,26.07,1,0
1843,37,11.1,85358.0,7053.07,18.0,0.872,0,3,45.0,0,1,1,0.54899,0.078,1.425,1.507,40.45,1,0
1844,31,14.3,48380.0,9724.51,10.9,0.564,0,2,-5.0,0,1,1,0.38039,0.06,0.613,1.097,26.01,0,1
1845,19,4.2,68442.0,3576.61,15.1,0.95,0,2,70.0,0,1,0,0.45008,0.078,1.807,2.071,46.25,0,1
1846,41,31.4,50201.0,5196.87,8.1,0.604,1,2,-2.0,0,1,0,0.37023,0.03,1.115,0.932,27.11,1,0
1847,33,31.2,206180.0,20496.83,6.1,0.658,0,4,36.0,0,0,1,0.35214,0.075,0.922,0.799,23.77,0,1
1848,46,27.2,81305.0,8457.01,6.3,0.683,3,1,-10.0,0,1,0,0.37013,0.05,0.334,0.291,14.33,0,1
1849,48,60.9,107760.0,22736.92,7.1,0.564,0,5,36.0,0,1,0,0.22363,0.075,0.878,0.366,15.12,0,1
1850,48,5.7,63485.0,974.24,3.0,0.333,3,1,-8.0,0,0,1,0.41605,0.08,1.435,1.344,34.48,0,1
1851,18,34.2,103934.0,1745.76,12.6,0.874,1,3,41.0,0,1,0,0.46606,0.048,2.384,1.883,47.35,0,1
1852,41,14.9,77138.0,5822.54,3.9,0.3,0,1,4.0,0,0,0,0.31574,0.105,0.946,1.002,29.65,0,1
1853,48,59.2,107425.0,73618.92,9.2,0.635,0,3,39.0,0,1,0,0.27494,0.03,1.165,1.017,26.34,1,0
1854,33,14.9,25315.0,8487.04,2.1,0.441,2,3,30.0,0,1,0,0.27722,0.105,0.988,0.437,15.28,1,0
1855,25,21.0,65647.0,3475.4,4.1,0.422,1,1,27.0,0,1,1,0.31326,0.075,0.741,0.487,20.02,1,0
1856,39,37.7,46436.0,1575.42,8.3,0.39,1,1,18.0,0,1,0,0.26084,0.03,0.418,0.354,18.01,0,1
1857,34,45.7,89906.0,3385.04,12.2,0.99,0,2,10.0,0,1,1,0.48433,0.048,2.523,2.59,51.72,1,0
1858,41,24.9,98229.0,1706.89,21.2,0.99,0,2,34.0,1,1,0,0.53744,0.048,2.203,2.089,48.35,1,0
1859,36,29.1,102659.0,1664.7,14.2,0.889,0,2,8.0,0,0,1,0.41126,0.048,1.901,2.039,50.21,1,0
1860,25,36.6,121731.0,5312.16,16.5,0.91,2,3,63.0,0,1,0,0.52113,0.048,1.548,1.887,43.99,1,0
1861,31,34.0,100533.0,11356.6,12.5,0.741,1,1,-12.0,0,0,0,0.3958,0.03,1.61,1.474,30.11,1,0
1862,25,40.8,94624.0,10714.04,8.8,0.366,0,5,6.0,0,0,0,0.23585,0.03,0.751,0.625,23.02,0,1
1863,45,31.5,85617.0,2842.27,5.8,0.324,1,1,-4.0,1,1,1,0.40565,0.075,1.447,1.627,42.3,0,1
1864,33,32.7,106970.0,3309.67,7.1,0.615,2,5,15.0,0,1,0,0.31783,0.075,1.046,0.524,21.03,0,1
1865,48,35.2,71210.0,7390.48,6.9,0.636,2,3,-7.0,0,1,0,0.3988,0.075,2.162,2.165,48.62,0,1
1866,39,1.0,41655.0,2496.81,2.9,0.484,1,1,6.0,0,1,0,0.31313,0.105,1.307,1.051,24.99,1,0
1867,37,25.5,115325.0,2179.97,9.6,0.521,0,2,11.0,1,0,1,0.28258,0.03,0.943,1.414,31.29,1,0
1868,27,1.0,77303.0,5626.65,15.0,0.819,0,2,46.0,0,1,1,0.37256,0.078,2.073,2.185,49.65,1,0
1869,43,11.5,100325.0,3632.91,9.9,0.435,6,3,-12.0,0,1,1,0.60344,0.035,1.972,1.725,38.42,0,1
1870,35,24.3,50854.0,3266.05,1.7,0.366,0,1,33.0,0,1,1,0.26533,0.075,1.318,1.001,24.66,0,1
1871,46,48.6,179023.0,48874.32,4.9,0.704,2,5,56.0,0,1,0,0.27223,0.075,1.55,1.161,29.38,0,1
1872,54,61.9,71315.0,80524.82,8.1,0.539,1,4,34.0,0,1,1,0.25053,0.03,2.658,2.554,53.97,1,0
1873,34,23.7,52811.0,3670.61,3.6,0.217,0,1,-6.0,0,1,1,0.2684,0.075,0.878,0.927,23.66,0,1
1874,29,24.2,57453.0,5909.97,3.8,0.446,2,2,15.0,0,1,0,0.3593,0.075,0.148,0.027,7.57,1,0
1875,39,11.2,66849.0,2248.09,0.5,0.368,1,2,-3.0,0,1,0,0.31183,0.105,0.907,0.609,19.97,0,1
1876,35,32.8,78806.0,2461.63,4.3,0.24,1,1,36.0,0,0,0,0.25403,0.075,1.502,1.174,29.33,0,1
1877,32,14.9,56561.0,10806.83,20.2,0.908,0,2,73.0,1,1,1,0.48999,0.078,2.87,2.752,61.22,1,0
1878,46,67.3,164917.0,13120.9,5.7,0.598,0,5,46.0,0,1,0,0.26052,0.075,0.523,0.507,23.76,1,0
1879,30,16.6,100270.0,6155.83,11.4,0.774,0,3,-31.0,0,0,0,0.41969,0.078,1.401,0.961,29.54,1,0
1880,50,28.9,135648.0,16658.68,0.0,0.6,0,2,-18.0,0,0,0,0.28173,0.075,1.361,1.172,33.97,0,1
1881,60,75.2,167008.0,27896.84,5.8,0.704,0,5,29.0,0,0,0,0.22386,0.075,0.681,0.345,18.93,0,1
1882,44,42.6,63599.0,6644.57,3.8,0.588,3,3,-25.0,1,0,0,0.42785,0.05,0.243,0.088,15.54,1,0
1883,46,52.4,97893.0,26930.78,11.3,0.574,0,5,27.0,0,1,1,0.33386,0.03,1.198,1.495,41.31,1,0
1884,33,15.5,96681.0,3237.37,6.9,0.376,2,2,13.0,0,1,0,0.26067,0.105,1.476,1.127,33.26,1,0
1885,59,50.1,168399.0,64824.94,5.2,0.759,0,3,43.0,0,1,1,0.31946,0.093,0.243,0.603,16.0,1,0
1886,47,54.1,137184.0,58351.58,8.8,0.722,0,5,57.0,0,1,0,0.27442,0.03,1.86,1.67,39.55,1,0
1887,25,1.0,49077.0,4533.64,19.2,0.736,0,2,42.0,0,1,0,0.32407,0.06,2.812,2.183,43.57,1,0
1888,42,14.3,59105.0,9153.44,19.7,0.763,1,3,37.0,0,1,1,0.51842,0.078,2.329,2.36,50.54,1,0
1889,35,29.6,69965.0,3746.33,3.4,0.299,4,1,-16.0,0,1,0,0.36496,0.05,0.0,0.254,10.78,0,1
1890,61,52.6,151834.0,55933.53,2.0,0.757,0,4,39.0,0,1,0,0.19158,0.093,1.293,0.733,22.11,0,1
1891,19,14.9,44935.0,2306.28,13.6,0.71,0,2,34.0,0,1,1,0.49475,0.06,1.205,1.824,41.39,0,1
1892,39,19.4,69989.0,9287.52,6.6,0.517,1,1,5.0,0,1,0,0.37978,0.075,0.921,1.341,34.61,1,0
1893,52,43.7,47143.0,9231.12,14.7,0.634,6,2,-20.0,1,1,1,0.67906,0.005,0.714,0.826,33.69,0,1
1894,29,8.7,109543.0,754.03,15.9,0.916,0,1,32.0,0,1,1,0.45829,0.078,2.393,2.605,61.66,0,1
1895,47,55.1,145994.0,94106.64,6.4,0.588,0,5,46.0,0,1,1,0.25603,0.075,1.582,1.763,43.37,1,0
1896,21,5.8,67061.0,4514.81,22.5,0.99,0,1,42.0,0,1,0,0.45387,0.078,1.943,1.843,39.49,1,0
1897,46,17.3,94067.0,6186.51,10.1,0.602,0,2,20.0,0,0,1,0.48151,0.06,1.282,1.968,52.57,1,0
1898,24,22.4,83611.0,3035.52,12.7,0.741,0,2,21.0,0,1,0,0.38676,0.03,1.663,1.968,45.18,1,0
1899,28,14.4,108686.0,5987.98,15.7,0.767,0,4,66.0,0,1,1,0.49368,0.078,2.826,2.868,61.07,1,0
1900,20,16.7,77669.0,2525.97,18.7,0.719,0,2,33.0,0,1,0,0.40527,0.06,2.382,2.582,55.88,0,1
1901,49,46.3,74750.0,5498.37,8.8,0.722,1,1,-10.0,0,0,0,0.40164,0.03,1.292,1.355,38.9,0,1
1902,37,32.0,70366.0,3141.52,18.1,0.99,1,1,52.0,0,1,0,0.42234,0.048,2.616,2.51,60.48,0,1
1903,35,2.2,63341.0,2480.98,0.2,0.549,0,1,28.0,0,0,0,0.14622,0.105,0.74,0.548,17.17,1,0
1904,21,23.8,120203.0,3219.39,12.1,0.884,0,2,63.0,0,1,1,0.40786,0.048,1.308,0.753,20.88,1,0
1905,49,33.7,62861.0,13926.18,7.0,0.433,3,4,11.0,0,1,0,0.39342,0.05,0.684,0.487,21.22,1,0
1906,46,56.5,164383.0,38165.29,7.2,0.524,0,5,29.0,0,1,0,0.23384,0.075,0.222,0.114,10.69,0,1
1907,41,65.9,108802.0,41314.35,8.9,0.531,0,4,67.0,0,1,0,0.12971,0.03,0.91,0.665,23.86,0,1
1908,18,1.0,43498.0,6692.38,17.7,0.895,0,4,54.0,0,0,1,0.43944,0.078,2.893,2.982,58.04,1,0
1909,30,39.6,62399.0,2823.85,11.2,0.583,2,1,-47.0,0,0,0,0.47373,0.03,0.798,0.341,11.32,0,1
1910,25,28.2,65206.0,1545.6,2.5,0.582,2,1,10.0,0,0,0,0.2728,0.075,1.099,0.687,24.53,1,0
1911,25,5.6,73775.0,14547.8,15.2,0.846,1,2,36.0,0,0,0,0.48393,0.078,1.675,1.122,31.71,0,1
1912,34,9.0,50745.0,8223.33,14.1,0.654,0,3,37.0,1,1,0,0.411,0.06,1.416,1.321,33.58,1,0
1913,32,1.6,64052.0,8558.71,7.4,0.302,2,1,21.0,0,1,0,0.30349,0.105,1.064,0.593,22.28,1,0
1914,40,27.2,77368.0,15672.25,12.1,0.721,0,4,-3.0,0,1,0,0.3814,0.03,2.398,2.433,54.89,1,0
1915,24,10.2,59785.0,3336.21,14.8,0.925,0,3,30.0,0,1,0,0.33029,0.078,2.007,2.371,55.74,1,0
1916,29,1.0,52736.0,978.13,21.6,0.861,1,3,72.0,0,1,1,0.56038,0.078,2.432,2.568,57.95,1,0
1917,51,40.3,67257.0,3598.54,7.1,0.543,4,1,-33.0,0,1,1,0.47392,0.05,0.793,1.166,28.58,0,1
1918,33,37.3,70374.0,4537.39,7.3,0.347,1,1,-16.0,0,1,0,0.34952,0.075,0.95,0.812,21.24,0,1
1919,41,30.7,80573.0,7488.03,12.9,0.458,4,1,-29.0,0,0,0,0.59795,0.005,2.111,1.999,45.02,0,1
1920,24,18.3,46512.0,2283.5,0.8,0.658,0,1,18.0,0,0,0,0.2426,0.075,0.621,0.337,18.14,1,0
1921,60,67.2,143197.0,6319.41,9.6,0.829,0,3,40.0,0,1,0,0.189,0.048,0.923,0.898,28.63,1,0
1922,46,61.8,175349.0,31728.11,0.6,0.55,0,5,18.0,0,1,0,0.19318,0.075,0.453,0.52,20.86,1,0
1923,56,49.0,100548.0,15840.66,10.2,0.447,2,4,22.0,0,1,0,0.30266,0.03,1.098,0.788,27.18,0,1
1924,48,54.2,140373.0,19983.11,5.0,0.659,1,5,33.0,0,1,0,0.34772,0.075,1.319,1.237,35.61,0,1
1925,33,12.4,109119.0,7819.69,17.5,0.884,1,2,23.0,0,1,0,0.49341,0.078,1.666,1.145,23.44,1,0
1926,34,19.0,53866.0,2305.13,18.0,0.969,0,3,58.0,0,1,1,0.49978,0.048,2.89,2.848,60.05,1,0
1927,46,62.1,188528.0,17441.25,11.0,0.734,1,3,63.0,0,1,0,0.39559,0.03,1.188,0.969,29.91,0,1
1928,46,33.5,111480.0,9025.63,11.4,0.461,2,2,-12.0,0,0,0,0.38163,0.03,2.118,1.364,38.45,0,1
1929,24,1.0,71574.0,7933.65,16.2,0.99,0,3,50.0,0,1,0,0.46775,0.078,2.297,1.892,43.74,1,0
1930,54,70.0,125793.0,24630.29,7.0,0.601,0,5,35.0,0,0,1,0.24689,0.075,1.445,1.743,37.22,0,1
1931,35,31.0,95164.0,20762.15,8.8,0.657,2,2,17.0,0,1,0,0.51548,0.03,0.076,0.0,10.0,0,1
1932,40,61.6,68471.0,3484.44,6.0,0.561,2,1,28.0,0,1,0,0.37003,0.075,0.748,0.452,18.5,0,1
1933,32,17.3,31255.0,1165.88,3.9,0.531,1,2,2.0,0,1,1,0.26607,0.105,0.953,1.2,32.03,0,1
1934,35,25.9,57447.0,1103.05,3.7,0.17,2,1,10.0,0,0,0,0.26014,0.075,0.5,0.211,20.01,0,1
1935,30,65.0,81751.0,2733.33,6.9,0.671,3,2,8.0,0,1,1,0.35643,0.05,1.084,1.541,44.97,1,0
1936,31,18.3,92810.0,5600.38,11.3,0.808,0,4,50.0,0,1,1,0.31831,0.048,1.648,1.44,34.49,1,0
1937,49,61.2,108797.0,16948.39,4.6,0.648,1,4,16.0,0,1,1,0.26585,0.075,1.954,1.638,42.23,1,0
1938,34,19.2,66942.0,3198.93,0.5,0.727,2,2,-43.0,0,1,0,0.34402,0.075,0.449,0.209,11.82,0,1
1939,29,34.3,98938.0,5760.04,15.2,0.812,0,2,32.0,0,0,1,0.40262,0.048,2.322,2.631,59.5,1,0
1940,30,2.1,74779.0,7687.87,17.0,0.794,0,3,49.0,0,1,1,0.4386,0.078,2.611,2.763,64.09,1,0
1941,25,21.1,50298.0,8909.65,8.8,0.859,0,2,36.0,0,1,0,0.40385,0.048,1.654,1.406,35.9,0,1
1942,48,56.3,192754.0,56524.31,8.6,0.592,0,5,13.0,0,1,1,0.25517,0.03,1.94,1.799,35.1,0,1
1943,42,59.7,130248.0,17618.84,7.7,0.524,0,5,22.0,0,0,1,0.19721,0.075,0.91,1.311,32.01,0,1
1944,45,1.0,102040.0,5384.56,12.8,0.912,2,2,78.0,1,0,1,0.49311,0.078,1.352,2.164,44.85,0,1
1945,42,38.1,40478.0,4143.66,3.3,0.447,1,2,-12.0,0,0,1,0.25939,0.075,0.786,0.772,22.24,1,0
1946,37,18.7,57104.0,2203.26,7.3,0.481,2,1,3.0,0,1,1,0.45862,0.075,1.7,2.053,52.59,0,1
1947,37,1.4,87214.0,5008.65,13.4,0.81,0,2,33.0,0,1,1,0.46339,0.078,2.089,2.103,52.46,0,1
1948,21,37.0,57628.0,1329.84,4.7,0.326,0,1,46.0,1,1,0,0.31726,0.075,0.299,0.669,21.27,0,1
1949,18,10.0,55220.0,2992.58,16.9,0.887,0,2,15.0,0,1,0,0.52965,0.078,1.883,2.001,43.58,0,1
1950,32,26.0,30973.0,3820.09,2.3,0.403,0,2,-6.0,0,1,0,0.17593,0.075,0.698,0.327,17.27,0,1
1951,25,32.1,89016.0,7992.59,7.2,0.405,0,2,10.0,0,0,0,0.24266,0.075,1.071,0.932,24.51,0,1
1952,27,21.7,81264.0,9511.61,17.1,0.822,0,3,46.0,0,1,0,0.35037,0.048,2.106,1.421,39.28,0,1
1953,36,1.0,80848.0,4609.73,3.8,0.466,1,3,31.0,0,1,1,0.3779,0.105,0.426,0.55,16.34,1,0
1954,41,30.3,75814.0,3159.51,10.9,0.326,0,1,29.0,0,1,0,0.33534,0.03,0.6,0.625,24.2,0,1
1955,27,20.8,69317.0,2856.83,7.2,0.417,0,2,-4.0,0,0,0,0.32071,0.075,0.974,1.099,31.78,0,1
1956,38,18.1,54097.0,1170.78,0.0,0.396,2,1,15.0,0,0,0,0.2557,0.075,0.946,0.691,22.1,0,1
1957,38,29.7,82179.0,4647.65,7.9,0.586,5,3,-12.0,0,1,1,0.49453,0.05,0.401,0.184,11.05,0,1
1958,31,1.0,111890.0,2670.38,22.7,0.99,2,1,35.0,0,0,0,0.58964,0.078,2.71,2.176,45.2,1,0
1959,31,24.3,60337.0,4358.84,1.8,0.285,1,2,29.0,0,1,0,0.26606,0.075,1.36,1.467,30.41,0,1
1960,48,14.6,120316.0,14785.66,9.2,0.327,2,2,-4.0,0,1,1,0.39735,0.06,1.526,1.724,40.14,0,1
1961,37,27.6,48030.0,12912.74,12.3,0.525,2,3,22.0,0,1,1,0.45689,0.03,1.79,1.342,33.34,1,0
1962,61,63.9,89424.0,69025.02,9.8,0.513,0,5,42.0,1,0,0,0.32808,0.03,1.412,1.208,30.43,1,0
1963,32,43.9,94014.0,8384.7,11.2,0.259,2,1,9.0,0,1,0,0.40392,0.03,1.429,1.062,29.1,0,1
1964,34,6.2,60927.0,2375.42,18.0,0.99,0,1,-8.0,0,1,1,0.55844,0.078,3.196,3.182,71.92,1,0
1965,35,39.4,102436.0,2904.19,4.6,0.492,0,2,11.0,0,0,0,0.30414,0.075,1.321,1.279,33.13,1,0
1966,27,27.4,109051.0,2809.29,13.9,0.973,0,2,52.0,0,1,0,0.43858,0.048,1.874,1.734,40.74,1,0
1967,39,16.8,90575.0,4600.76,5.7,0.399,2,1,19.0,0,0,0,0.31492,0.105,1.265,1.192,27.84,1,0
1968,33,8.7,74914.0,2375.49,3.4,0.476,1,1,39.0,0,0,1,0.30655,0.105,0.642,0.939,31.35,1,0
1969,30,44.7,107601.0,30014.79,6.7,0.594,0,3,45.0,0,1,0,0.27221,0.075,1.292,1.373,35.63,0,1
1970,28,65.3,88167.0,50228.89,12.0,0.73,0,4,10.0,0,1,0,0.32519,0.03,2.063,1.738,45.95,1,0
1971,58,53.2,206641.0,19767.21,7.0,0.661,1,3,44.0,0,1,0,0.29309,0.075,1.233,0.734,26.05,1,0
1972,44,36.4,39356.0,5613.63,9.1,0.426,2,2,25.0,0,1,0,0.40711,0.03,2.589,2.624,59.67,0,1
1973,48,13.8,90510.0,1249.41,5.2,0.434,2,1,-2.0,0,1,0,0.38668,0.105,0.897,0.883,24.72,0,1
1974,49,51.2,165348.0,39055.9,7.6,0.801,0,4,26.0,0,1,0,0.34351,0.093,1.603,0.798,28.59,1,0
1975,20,18.8,74451.0,4241.82,11.1,0.918,0,3,58.0,0,1,0,0.3657,0.048,2.209,1.887,46.59,1,0
1976,26,7.8,85634.0,7704.85,21.7,0.787,0,3,43.0,0,1,1,0.56339,0.078,2.546,3.608,74.83,1,0
1977,49,62.1,156473.0,13097.13,8.0,0.677,0,3,54.0,0,1,0,0.2918,0.03,1.155,1.185,30.05,0,1
1978,28,33.8,55862.0,1109.15,0.0,0.484,0,1,13.0,0,0,1,0.18829,0.075,0.08,0.123,9.67,0,1
1979,47,23.4,86702.0,4884.86,7.2,0.414,0,2,-32.0,0,0,0,0.30288,0.075,0.985,0.382,15.79,1,0
1980,45,17.5,110654.0,3490.27,15.9,0.894,0,1,45.0,0,1,0,0.38499,0.078,1.986,2.143,49.55,1,0
1981,38,24.5,61532.0,2828.06,2.0,0.313,0,3,2.0,0,1,0,0.19225,0.075,0.51,0.296,16.29,0,1
1982,49,41.7,117361.0,20840.52,10.5,0.651,1,4,45.0,0,1,0,0.48403,0.03,1.424,1.39,35.79,1,0
1983,26,26.7,83944.0,5430.0,0.0,0.296,2,1,18.0,0,0,0,0.33451,0.075,0.518,0.362,21.15,0,1
1984,40,17.9,44020.0,5466.11,14.1,0.872,0,2,26.0,0,1,0,0.48363,0.078,1.242,0.61,18.89,1,0
1985,39,41.7,81168.0,9354.65,8.2,0.516,1,4,-5.0,1,1,1,0.41267,0.03,1.657,1.594,37.66,1,0
1986,33,29.3,72040.0,1402.64,6.8,0.538,0,1,20.0,0,1,0,0.26237,0.075,1.642,1.387,35.71,0,1
1987,32,13.6,60769.0,6234.24,22.0,0.99,1,3,52.0,0,1,1,0.4976,0.078,2.408,3.066,69.31,1,0
1988,34,43.4,93652.0,4197.56,8.3,0.464,4,3,10.0,0,1,0,0.41969,0.005,1.338,1.057,28.6,0,1
1989,36,18.5,58581.0,1955.32,5.7,0.429,0,1,-10.0,0,1,1,0.26267,0.075,0.941,1.048,29.15,0,1
1990,19,19.0,65588.0,1852.62,23.4,0.866,3,2,41.0,0,1,1,0.67279,0.023,2.645,2.523,60.06,1,0
1991,37,12.3,98574.0,4064.64,16.0,0.951,0,2,1.0,0,1,0,0.49251,0.078,2.071,1.841,46.96,0,1
1992,37,36.5,53706.0,15980.18,10.3,0.601,3,3,14.0,1,1,0,0.54251,0.005,0.621,0.477,16.18,1,0
1993,57,57.5,174502.0,37080.37,4.7,0.597,0,4,36.0,0,1,1,0.24436,0.075,0.72,1.055,28.29,1,0
1994,28,35.8,44500.0,3376.68,21.3,0.91,0,2,42.0,0,1,1,0.38814,0.048,1.672,1.953,49.12,1,0
1995,48,86.2,149067.0,34352.71,6.1,0.616,1,4,32.0,0,1,0,0.24812,0.075,2.261,1.873,44.98,1,0
1996,27,32.5,59703.0,3209.01,5.2,0.605,2,2,19.0,0,0,1,0.36289,0.075,0.995,0.901,30.54,0,1
1997,34,34.5,65695.0,4697.46,16.6,0.813,0,4,64.0,0,1,0,0.40505,0.048,3.071,2.796,60.92,1,0
1998,43,43.5,153309.0,35909.55,8.2,0.668,0,4,28.0,0,1,0,0.2709,0.03,1.278,1.356,37.11,1,0
1999,32,4.9,57746.0,1525.95,3.3,0.486,0,2,18.0,0,0,0,0.25004,0.105,1.563,1.449,35.22,0,1
2000,38,27.1,95721.0,8573.63,9.7,0.638,3,2,-0.0,0,1,1,0.42635,0.005,1.841,1.933,40.97,0,1
2001,36,22.5,68633.0,958.58,9.2,0.397,0,1,-32.0,0,0,0,0.26354,0.03,0.566,0.583,16.98,0,1
2002,37,59.6,155942.0,46520.41,14.2,0.791,1,3,21.0,0,1,1,0.40152,0.048,1.713,2.125,53.46,0,1
2003,33,2.3,63837.0,1464.96,4.0,0.2,1,1,18.0,0,0,1,0.31495,0.105,0.27,0.585,17.58,0,1
2004,44,44.8,63382.0,17199.5,7.8,0.47,5,3,15.0,0,1,1,0.43326,0.05,1.618,1.565,39.92,0,1
2005,26,41.9,70053.0,918.21,13.8,0.973,0,2,70.0,1,0,0,0.35357,0.048,2.359,2.426,53.13,1,0
2006,33,37.4,63090.0,8908.35,11.8,0.333,1,2,-13.0,0,1,0,0.41834,0.03,1.878,2.266,54.36,0,1
2007,50,75.0,131689.0,11025.85,8.3,0.537,1,3,53.0,0,0,0,0.32646,0.03,2.08,1.707,39.89,0,1
2008,28,18.7,102599.0,2062.91,19.0,0.849,1,2,64.0,0,1,0,0.45959,0.048,2.677,2.051,43.83,1,0
2009,22,5.9,77942.0,5465.55,17.9,0.814,0,1,52.0,0,1,1,0.40114,0.078,1.918,2.51,55.43,0,1
2010,38,31.9,79693.0,11960.46,15.0,0.66,5,2,-46.0,0,1,1,0.6347,0.005,1.418,1.828,40.98,1,0
2011,36,41.3,52040.0,3742.96,15.3,0.99,0,2,34.0,0,1,0,0.4318,0.048,3.079,2.597,57.32,1,0
2012,22,11.8,98043.0,8038.73,13.0,0.91,0,2,46.0,0,1,0,0.37964,0.078,1.408,1.169,32.86,1,0
2013,26,10.5,64963.0,2681.34,21.0,0.99,1,2,40.0,0,1,1,0.4741,0.078,1.938,2.151,49.51,1,0
2014,39,75.3,104140.0,24678.59,10.4,0.487,3,4,-7.0,1,1,0,0.50295,0.005,0.396,0.429,12.62,0,1
2015,56,76.1,215234.0,26295.17,9.2,0.648,1,5,29.0,0,1,0,0.3137,0.03,2.17,2.155,48.17,1,0
2016,37,20.8,86923.0,5637.75,13.1,0.738,0,3,-26.0,0,0,1,0.51519,0.03,2.011,1.749,41.98,0,1
2017,23,12.9,98944.0,1280.0,17.4,0.99,1,1,55.0,1,0,1,0.55639,0.078,2.163,2.565,57.36,0,1
2018,30,10.0,85923.0,4428.42,20.2,0.99,0,3,53.0,0,0,0,0.57996,0.078,2.512,2.103,45.68,1,0
2019,30,31.8,70212.0,7423.77,9.7,0.525,3,3,2.0,0,1,0,0.42646,0.005,0.746,0.578,19.96,0,1
2020,42,75.2,127965.0,64492.87,10.4,0.741,1,4,27.0,0,0,0,0.30076,0.03,1.738,1.54,35.6,0,1
2021,28,21.4,88857.0,3468.0,10.4,0.543,2,4,-8.0,0,1,0,0.40514,0.03,2.248,1.799,35.39,0,1
2022,22,29.1,103184.0,2969.71,15.1,0.965,1,2,42.0,0,1,1,0.55812,0.048,1.308,1.364,33.92,1,0
2023,39,17.2,74614.0,9838.93,15.4,0.99,1,3,61.0,0,1,0,0.45349,0.078,1.084,0.977,28.58,0,1
2024,24,43.9,132996.0,5445.09,14.9,0.813,1,3,34.0,0,1,0,0.509,0.048,2.238,1.679,34.83,1,0
2025,52,65.8,130840.0,45733.57,8.7,0.436,0,5,20.0,0,1,0,0.23819,0.03,1.904,1.665,44.89,1,0
2026,43,60.8,94715.0,42968.52,6.8,0.843,0,4,52.0,0,1,0,0.21221,0.093,2.299,2.066,38.66,1,0
2027,40,28.9,37067.0,4039.94,5.7,0.484,0,1,26.0,0,1,0,0.29608,0.075,1.659,1.322,32.39,1,0
2028,42,58.0,87493.0,104524.18,9.1,0.628,0,5,43.0,1,1,0,0.29062,0.03,1.755,1.363,37.16,0,1
2029,38,9.5,64389.0,8490.46,9.6,0.572,1,3,22.0,1,1,0,0.44623,0.06,0.609,0.117,12.27,1,0
2030,38,28.1,67628.0,4145.69,9.6,0.359,2,4,32.0,0,1,0,0.36585,0.03,1.173,1.648,42.8,0,1
2031,45,12.9,91381.0,6816.16,14.5,0.923,1,3,67.0,0,1,0,0.45321,0.078,2.462,2.602,52.74,1,0
2032,53,42.9,136938.0,22142.02,7.2,0.582,0,3,20.0,0,1,0,0.36026,0.075,0.613,0.834,22.29,1,0
2033,45,61.1,173290.0,29793.1,3.5,0.646,0,4,50.0,0,1,0,0.227,0.075,1.095,0.649,19.08,1,0
2034,54,37.2,139683.0,40705.11,7.7,0.643,0,4,36.0,1,1,0,0.34124,0.075,0.376,0.269,10.62,0,1
2035,44,11.8,76278.0,2638.46,13.3,0.528,1,3,33.0,0,1,1,0.38431,0.06,1.755,1.671,33.61,1,0
2036,24,24.9,50482.0,2153.13,4.8,0.484,0,2,-4.0,0,1,0,0.30546,0.075,2.249,1.696,41.03,1,0
2037,29,23.2,86629.0,4087.42,2.6,0.451,1,2,15.0,0,1,0,0.2955,0.075,0.882,0.625,23.25,0,1
2038,27,11.1,50261.0,3150.18,10.5,0.936,0,1,60.0,0,1,0,0.34617,0.078,1.379,0.774,28.04,0,1
2039,35,30.0,78102.0,15061.5,15.1,0.57,1,2,18.0,0,0,0,0.4725,0.03,2.879,2.467,56.32,1,0
2040,33,12.6,56176.0,1580.29,3.9,0.435,1,1,23.0,0,1,0,0.28268,0.105,1.007,0.688,28.35,0,1
2041,20,16.1,93860.0,2365.26,19.9,0.919,1,2,55.0,0,1,0,0.54802,0.078,2.566,2.24,48.13,1,0
2042,45,22.7,58669.0,10355.82,3.1,0.46,1,2,6.0,0,0,0,0.23246,0.075,0.685,0.743,27.43,0,1
2043,28,20.2,72168.0,2958.83,13.6,0.642,6,4,-4.0,1,1,1,0.73034,0.005,1.404,1.59,41.86,0,1
2044,34,25.2,54902.0,2948.35,1.4,0.461,0,2,-18.0,0,0,0,0.22555,0.075,0.609,0.315,17.59,0,1
2045,42,25.1,85946.0,9994.92,5.0,0.633,2,1,21.0,0,1,0,0.38621,0.075,2.27,2.075,46.14,0,1
2046,29,14.0,76049.0,4417.14,13.1,0.82,2,2,52.0,0,1,0,0.53255,0.078,1.434,1.093,27.57,0,1
2047,42,91.1,234876.0,76794.79,15.0,0.599,0,3,70.0,0,1,0,0.29674,0.03,2.87,2.156,50.74,1,0
2048,29,29.3,77492.0,12225.82,8.3,0.776,3,2,-9.0,0,1,0,0.53336,0.023,1.706,1.036,32.02,0,1
2049,27,12.6,76448.0,4478.98,18.2,0.883,0,3,67.0,0,1,0,0.38637,0.078,2.344,2.355,53.55,1,0
2050,44,56.9,132690.0,29394.76,9.2,0.742,1,5,25.0,0,1,1,0.33407,0.03,0.365,0.629,19.19,0,1
2051,36,10.3,68709.0,756.58,4.4,0.445,1,1,42.0,0,0,0,0.25867,0.105,1.385,0.96,26.53,0,1
2052,19,24.2,64836.0,3657.04,17.4,0.875,0,2,72.0,0,1,1,0.37969,0.048,1.993,2.439,52.92,1,0
2053,55,53.8,143539.0,37213.74,11.7,0.748,1,5,56.0,0,1,0,0.27223,0.03,1.141,1.078,24.95,1,0
2054,36,15.2,59130.0,3487.53,6.3,0.487,1,1,11.0,0,0,1,0.33418,0.105,1.02,1.436,40.9,1,0
2055,50,55.5,150667.0,158942.75,8.4,0.471,1,5,30.0,0,1,1,0.33797,0.03,1.102,1.613,38.09,0,1
2056,59,50.2,151678.0,38411.57,9.4,0.659,2,5,27.0,0,0,0,0.43913,0.03,1.297,1.381,37.68,1,0
2057,32,1.0,65764.0,4518.62,9.7,0.321,0,1,-8.0,0,1,0,0.29147,0.06,0.976,0.345,16.37,1,0
2058,44,56.4,141582.0,68235.3,6.9,0.78,2,4,43.0,1,0,0,0.36571,0.093,0.711,0.462,16.08,0,1
2059,25,26.5,116088.0,6394.28,11.0,0.99,3,3,39.0,0,1,0,0.45568,0.023,2.067,1.668,41.74,1,0
2060,28,18.4,85185.0,4255.22,13.0,0.99,0,2,51.0,1,1,0,0.41234,0.048,1.724,1.394,35.07,0,1
2061,34,40.7,119242.0,2845.79,1.7,0.469,2,1,13.0,0,1,1,0.27146,0.075,0.796,0.62,21.54,0,1
2062,23,25.0,77030.0,3582.83,13.6,0.849,0,2,24.0,0,1,1,0.40559,0.048,1.189,1.378,32.78,0,1
2063,35,68.3,178781.0,42711.71,5.7,0.675,1,6,54.0,0,0,1,0.24828,0.075,1.264,1.377,34.29,1,0
2064,25,38.6,62471.0,4028.4,15.9,0.797,0,2,46.0,0,1,1,0.32015,0.048,2.407,2.585,67.39,1,0
2065,52,60.8,201435.0,48035.7,8.7,0.898,0,4,50.0,0,1,1,0.34075,0.048,1.855,1.963,42.5,1,0
2066,36,22.8,48783.0,1556.91,5.1,0.561,0,2,-12.0,0,0,1,0.3095,0.075,0.723,1.223,31.72,0,1
2067,57,61.9,156076.0,35204.97,6.0,0.673,0,4,19.0,0,1,1,0.27907,0.075,0.484,0.704,20.68,0,1
2068,49,40.5,54935.0,8227.28,7.2,0.54,0,2,3.0,0,1,0,0.31205,0.075,0.89,0.391,15.5,1,0
2069,34,16.0,85865.0,3888.69,17.4,0.846,0,3,49.0,0,1,0,0.47372,0.078,1.761,1.784,44.4,1,0
2070,59,54.2,129523.0,106026.28,12.3,0.518,1,3,32.0,0,1,0,0.34892,0.03,2.199,1.961,45.08,1,0
2071,40,29.1,47677.0,3336.75,6.8,0.187,0,1,36.0,0,1,1,0.20483,0.075,1.437,1.726,48.93,1,0
2072,61,52.2,128243.0,30845.95,7.1,0.649,1,4,54.0,0,1,0,0.36003,0.075,1.682,1.203,41.78,0,1
2073,42,22.4,115233.0,4854.37,19.5,0.877,1,4,30.0,0,1,1,0.55407,0.048,1.947,2.03,44.71,1,0
2074,42,27.0,66934.0,2450.24,5.2,0.487,4,1,66.0,1,1,1,0.37495,0.05,1.462,1.555,43.95,0,1
2075,54,59.7,97443.0,8831.94,10.2,0.641,1,4,32.0,0,0,0,0.28637,0.03,1.887,1.556,37.24,0,1
2076,37,37.8,96778.0,14176.07,10.9,0.642,5,1,17.0,0,1,1,0.63568,0.005,0.272,0.305,18.92,0,1
2077,35,4.1,46378.0,12476.86,4.2,0.519,2,3,5.0,1,0,1,0.40788,0.105,1.521,1.982,41.39,0,1
2078,27,18.0,92892.0,6149.41,16.3,0.739,0,2,56.0,0,1,0,0.36785,0.03,1.703,1.267,34.35,1,0
2079,53,56.4,160230.0,45494.64,7.6,0.736,0,4,52.0,0,0,0,0.24531,0.075,1.863,1.499,31.19,1,0
2080,24,50.3,89760.0,3996.39,13.7,0.855,0,2,15.0,0,1,1,0.4076,0.048,1.714,1.958,45.96,1,0
2081,48,63.9,227606.0,67917.85,2.2,0.697,0,6,67.0,0,0,0,0.18327,0.075,0.243,0.407,12.86,0,1
2082,18,8.8,60764.0,4386.58,14.1,0.99,0,3,29.0,1,0,1,0.50826,0.078,2.0,2.005,47.8,0,1
2083,50,14.5,84909.0,9517.52,9.5,0.703,4,2,-15.0,0,1,1,0.65944,0.035,0.288,0.438,19.05,0,1
2084,27,31.7,106786.0,1626.92,18.9,0.914,0,1,33.0,0,0,0,0.37883,0.048,1.613,1.57,38.3,1,0
2085,41,26.8,60519.0,5671.02,11.1,0.61,4,4,-19.0,0,1,1,0.5105,0.005,1.389,1.74,44.07,0,1
2086,39,6.5,62139.0,5713.64,15.2,0.99,2,2,34.0,0,1,0,0.54145,0.078,2.167,1.64,31.58,1,0
2087,51,66.0,127704.0,57709.6,6.2,0.475,1,3,11.0,0,0,1,0.20407,0.075,0.507,0.734,18.5,0,1
2088,59,69.8,150646.0,58759.14,7.5,0.535,1,3,48.0,0,1,1,0.28742,0.075,1.215,1.205,27.44,1,0
2089,29,38.6,49197.0,2866.16,6.4,0.559,5,4,-6.0,1,1,1,0.58399,0.05,1.143,1.206,34.99,0,1
2090,66,62.2,160153.0,12245.75,2.3,0.493,0,4,31.0,0,1,0,0.15789,0.075,1.387,1.576,39.31,0,1
2091,57,63.9,94348.0,46778.56,3.8,0.61,1,3,53.0,0,0,1,0.23702,0.075,1.292,0.985,29.34,1,0
2092,36,24.8,83658.0,1846.31,8.2,0.394,0,1,44.0,0,0,1,0.27905,0.03,1.018,1.039,31.02,1,0
2093,48,35.0,82714.0,14309.54,14.0,0.6,5,2,-38.0,0,1,0,0.64163,0.005,0.571,0.423,15.14,0,1
2094,21,21.1,127394.0,1559.66,18.0,0.894,0,2,75.0,0,1,1,0.57143,0.048,2.012,1.621,40.44,1,0
2095,33,35.1,70676.0,2814.11,4.3,0.548,1,1,10.0,0,1,0,0.26294,0.075,1.476,1.157,26.57,0,1
2096,59,62.7,127099.0,31295.74,4.2,0.703,0,3,8.0,1,0,0,0.32398,0.075,1.872,1.376,32.21,0,1
2097,18,6.2,61258.0,6149.56,15.6,0.892,0,2,52.0,0,1,1,0.4271,0.078,1.902,2.493,54.2,1,0
2098,53,60.3,147194.0,16370.52,9.7,0.603,0,4,32.0,0,1,1,0.27005,0.03,1.135,1.663,38.89,1,0
2099,33,25.0,75382.0,1253.18,18.2,0.895,0,1,60.0,0,1,0,0.43725,0.048,2.135,1.685,36.51,1,0
2100,43,1.0,104689.0,5029.92,17.9,0.897,1,1,47.0,0,1,1,0.53647,0.078,2.996,3.115,63.61,1,0
2101,24,1.0,45916.0,4224.04,7.8,0.707,1,2,17.0,0,1,0,0.38881,0.105,0.0,0.0,4.0,0,1
2102,40,27.0,131155.0,8661.8,21.2,0.74,1,2,36.0,0,1,0,0.52468,0.03,3.713,3.33,73.89,0,1
2103,31,40.2,83240.0,2376.32,3.4,0.328,1,1,-10.0,0,0,0,0.26631,0.075,0.584,0.426,17.36,0,1
2104,32,6.8,55845.0,4966.95,12.1,0.312,1,2,24.0,0,1,1,0.32559,0.06,0.406,0.333,18.26,0,1
2105,29,32.2,116989.0,10970.33,3.5,0.62,1,1,-18.0,0,0,1,0.36083,0.075,1.974,2.317,62.55,0,1
2106,30,26.2,58278.0,18897.03,6.9,0.615,3,3,-0.0,0,1,0,0.48165,0.05,0.075,0.086,16.68,0,1
2107,41,27.9,76110.0,7717.11,9.5,0.527,6,3,20.0,0,0,1,0.59798,0.005,0.0,0.281,14.59,0,1
2108,27,25.7,41800.0,974.51,6.0,0.529,2,1,7.0,0,1,1,0.39465,0.075,0.678,0.648,22.1,0,1
2109,54,46.5,227199.0,30623.18,7.5,0.681,0,3,47.0,0,1,0,0.24091,0.075,1.533,1.089,33.76,1,0
2110,24,2.7,48713.0,4766.3,14.7,0.99,1,2,43.0,0,1,1,0.4367,0.078,2.911,2.976,68.85,1,0
2111,41,58.4,93535.0,44815.86,13.9,0.772,0,4,27.0,0,1,0,0.40318,0.048,1.748,1.158,31.89,1,0
2112,34,29.3,60661.0,2954.11,7.5,0.356,3,1,-38.0,0,1,0,0.36194,0.05,0.2,0.414,14.2,0,1
2113,31,2.5,108610.0,3673.88,13.2,0.975,0,2,43.0,0,1,0,0.39215,0.078,1.671,1.485,36.66,1,0
2114,36,40.5,93175.0,14065.27,13.6,0.448,1,3,-11.0,0,0,0,0.51449,0.03,1.249,1.11,27.82,0,1
2115,29,11.0,78546.0,4205.62,18.3,0.927,1,2,27.0,0,1,0,0.55599,0.078,2.79,2.912,64.56,1,0
2116,40,16.9,77684.0,2459.32,7.5,0.422,3,2,-29.0,0,0,1,0.45062,0.08,1.382,1.796,47.44,0,1
2117,37,19.4,73668.0,15536.46,16.5,0.897,0,2,12.0,0,1,0,0.36559,0.048,1.793,1.575,38.4,0,1
2118,27,14.5,85182.0,2244.71,12.3,0.767,0,3,78.0,0,1,1,0.31361,0.078,1.672,1.785,46.09,1,0
2119,22,26.0,118712.0,10030.47,16.2,0.99,2,2,45.0,1,1,1,0.61553,0.048,0.948,1.4,33.53,0,1
2120,30,4.8,71104.0,8739.82,11.9,0.758,0,1,17.0,0,1,0,0.32625,0.078,1.908,1.29,38.56,0,1
2121,32,1.0,61794.0,3887.32,16.7,0.983,0,1,33.0,0,1,1,0.50581,0.078,1.892,1.955,43.69,0,1
2122,19,12.3,86292.0,4404.82,17.8,0.742,0,2,44.0,0,0,0,0.36605,0.06,2.15,1.859,46.61,1,0
2123,23,16.7,92815.0,4394.61,18.9,0.898,1,1,53.0,0,1,1,0.46744,0.078,2.496,2.558,57.49,1,0
2124,24,1.1,78301.0,5064.95,15.8,0.99,0,2,40.0,0,1,1,0.38285,0.078,3.135,3.221,70.65,1,0
2125,48,45.3,180940.0,21742.83,10.0,0.9,1,4,72.0,0,1,0,0.34851,0.048,1.428,1.337,30.46,0,1
2126,44,64.2,130701.0,24226.32,5.6,0.462,0,4,73.0,0,1,0,0.14771,0.075,1.645,1.208,30.17,0,1
2127,54,52.9,142835.0,25402.31,10.6,0.563,1,4,41.0,0,1,1,0.31867,0.03,2.678,2.528,58.49,1,0
2128,38,44.6,152687.0,25934.97,9.8,0.583,0,5,27.0,0,0,0,0.33207,0.03,1.084,1.173,37.69,1,0
2129,18,27.6,82131.0,3676.96,13.8,0.99,0,2,51.0,0,1,1,0.41136,0.048,1.93,2.193,53.93,1,0
2130,27,8.4,117486.0,1048.69,17.4,0.892,0,2,19.0,0,1,0,0.50778,0.078,3.779,3.249,71.64,1,0
2131,28,29.8,83975.0,4794.88,18.9,0.99,0,3,63.0,0,1,0,0.46242,0.048,2.335,2.404,55.99,1,0
2132,25,22.3,54352.0,2129.23,4.7,0.463,1,1,13.0,1,1,1,0.34446,0.075,1.64,1.948,44.26,0,1
2133,31,25.5,68040.0,891.53,2.3,0.298,1,2,-13.0,0,0,0,0.2691,0.075,0.261,0.361,19.14,0,1
2134,32,19.5,77473.0,2389.49,5.0,0.225,2,2,-1.0,0,0,0,0.33648,0.075,0.417,0.451,18.35,0,1
2135,46,30.1,170085.0,24980.95,9.5,0.573,0,5,45.0,1,1,1,0.29508,0.03,0.585,0.704,21.52,1,0
2136,39,17.4,87422.0,18326.54,6.8,0.845,3,2,-40.0,0,1,0,0.48151,0.098,1.351,1.595,42.28,1,0
2137,44,60.5,92091.0,22538.76,5.3,0.668,1,3,17.0,0,1,1,0.38887,0.075,1.839,1.632,37.52,1,0
2138,45,26.4,30101.0,4630.55,5.9,0.546,0,1,1.0,1,1,1,0.36652,0.075,1.256,1.635,39.9,0,1
2139,38,1.0,83251.0,7370.16,6.7,0.274,1,1,29.0,0,1,1,0.37104,0.105,1.369,1.559,39.45,0,1
2140,29,21.4,66422.0,1994.45,10.3,0.394,1,2,43.0,0,1,0,0.34771,0.03,2.033,1.783,38.44,1,0
2141,36,8.5,58657.0,2908.8,6.3,0.516,1,1,17.0,0,0,1,0.3018,0.105,0.089,0.598,20.26,1,0
2142,50,64.8,166454.0,98433.93,4.7,0.52,0,4,-26.0,0,0,0,0.24723,0.075,0.656,1.071,27.92,0,1
2143,44,21.8,99277.0,3481.44,10.0,0.423,3,1,-11.0,1,1,0,0.41133,0.005,1.38,1.548,34.88,0,1
2144,31,30.9,86418.0,3824.97,7.3,0.333,1,2,76.0,0,1,0,0.32082,0.075,1.209,1.131,26.44,0,1
2145,54,74.8,178940.0,24557.59,2.6,0.731,0,5,37.0,0,1,1,0.24927,0.075,0.247,0.685,20.04,1,0
2146,35,27.5,46438.0,4688.89,1.7,0.474,1,1,-40.0,0,1,0,0.26667,0.075,1.275,1.14,29.42,0,1
2147,39,26.3,61954.0,4385.53,14.7,0.975,0,2,89.0,0,1,0,0.41961,0.048,2.247,2.263,53.35,1,0
2148,44,17.8,30976.0,911.87,6.8,0.526,1,3,-15.0,1,1,0,0.44695,0.105,1.346,0.799,20.4,0,1
2149,36,55.9,70006.0,2381.45,0.0,0.405,0,2,21.0,0,1,0,0.18983,0.075,0.41,0.454,17.81,0,1
2150,27,1.4,102520.0,2085.51,15.7,0.99,3,2,22.0,0,1,1,0.6248,0.053,2.488,2.538,58.64,1,0
2151,42,24.7,99287.0,8605.47,11.1,0.525,3,4,34.0,0,1,1,0.46815,0.005,1.15,1.26,29.74,0,1
2152,28,26.8,91204.0,2479.69,8.3,0.969,0,4,17.0,0,0,0,0.38181,0.048,2.224,2.19,48.31,0,1
2153,47,31.0,56596.0,4093.48,6.5,0.213,0,1,-1.0,0,1,1,0.26508,0.075,1.041,1.121,29.93,0,1
2154,36,27.8,50662.0,3088.57,6.8,0.348,0,1,30.0,0,0,1,0.26245,0.075,1.644,1.682,37.92,1,0
2155,35,39.1,57617.0,3554.58,6.7,0.845,2,3,-19.0,0,1,0,0.38729,0.093,1.444,1.375,35.96,0,1
2156,32,1.0,56453.0,2178.12,1.4,0.497,1,2,19.0,0,0,0,0.33106,0.105,0.144,0.22,10.91,1,0
2157,21,35.1,58365.0,6735.84,13.7,0.967,0,3,60.0,0,1,0,0.48657,0.048,2.365,1.939,49.32,0,1
2158,33,13.6,122100.0,9490.33,8.8,0.809,1,1,47.0,0,1,0,0.31872,0.078,1.056,1.103,27.05,0,1
2159,43,77.0,97088.0,17799.35,7.1,0.52,1,3,13.0,0,1,0,0.27761,0.075,1.397,1.571,42.93,1,0
2160,37,1.0,72062.0,2205.03,16.6,0.871,0,4,29.0,0,1,1,0.43411,0.078,2.205,2.188,47.56,1,0
2161,40,65.1,81816.0,113735.56,4.7,0.633,1,5,27.0,0,1,0,0.29178,0.075,0.357,0.41,18.76,1,0
2162,30,9.2,82336.0,4471.52,18.6,0.99,0,2,55.0,0,1,0,0.50238,0.078,2.954,2.488,57.03,1,0
2163,57,68.9,137911.0,33960.25,8.3,0.752,1,3,49.0,0,1,0,0.30466,0.048,0.433,0.298,17.75,1,0
2164,34,65.8,125326.0,19789.11,8.7,0.652,2,4,38.0,0,1,0,0.30811,0.03,1.444,1.523,33.54,0,1
2165,49,26.4,45864.0,3450.45,3.4,0.437,0,2,23.0,0,1,0,0.2239,0.075,1.593,1.67,36.31,1,0
2166,26,3.3,76051.0,13720.48,18.0,0.983,1,1,14.0,0,1,1,0.51182,0.078,2.972,3.171,65.45,0,1
2167,36,21.3,50934.0,3539.37,8.0,0.285,1,1,16.0,0,1,0,0.23759,0.03,1.095,1.027,27.28,0,1
2168,53,59.8,132993.0,63941.08,6.9,0.429,2,4,33.0,0,0,0,0.35887,0.075,0.364,0.358,16.67,1,0
2169,54,67.9,234103.0,32608.58,10.1,0.722,0,5,43.0,0,1,0,0.31667,0.03,1.584,1.609,35.34,1,0
2170,51,73.9,144567.0,16427.62,10.1,0.648,1,4,48.0,0,0,0,0.3629,0.03,2.094,2.313,58.14,1,0
2171,56,63.8,159354.0,20524.76,9.1,0.496,0,5,14.0,0,0,0,0.25883,0.03,0.937,0.779,28.04,0,1
2172,33,1.0,67043.0,2176.04,20.5,0.67,0,3,42.0,0,1,1,0.50485,0.06,2.56,3.165,69.6,1,0
2173,61,63.3,111660.0,36866.28,6.0,0.738,0,3,59.0,0,1,0,0.20892,0.075,0.692,1.033,28.6,1,0
2174,33,47.3,75530.0,9970.24,14.9,0.843,0,4,50.0,0,1,0,0.34234,0.048,2.002,1.898,42.32,1,0
2175,63,81.8,271324.0,35530.55,5.9,0.684,0,5,32.0,0,0,1,0.32554,0.075,0.834,0.877,25.85,1,0
2176,44,1.0,66624.0,6549.46,11.0,0.561,0,3,-31.0,0,1,0,0.3886,0.06,1.581,1.727,36.34,0,1
2177,36,62.8,152146.0,19153.2,7.3,0.636,1,4,44.0,0,1,1,0.32834,0.075,1.955,1.853,42.33,1,0
2178,53,33.2,47175.0,3779.73,2.6,0.365,2,2,-16.0,0,1,1,0.32234,0.075,1.886,2.34,51.81,0,1
2179,25,13.8,36119.0,2012.33,20.5,0.892,1,3,41.0,0,1,0,0.45834,0.078,1.926,2.203,51.75,1,0
2180,45,16.5,47669.0,1435.4,9.4,0.493,0,1,1.0,0,1,0,0.32967,0.06,1.652,1.523,38.2,0,1
2181,35,18.8,112205.0,5385.54,3.6,0.4,1,3,17.0,0,0,0,0.29977,0.075,1.125,1.398,34.71,0,1
2182,42,28.6,69289.0,2504.49,0.8,0.393,0,1,-1.0,0,1,0,0.25628,0.075,0.748,0.581,13.49,0,1
2183,30,8.2,91890.0,2472.59,9.5,0.497,2,1,4.0,0,0,0,0.32852,0.06,0.816,1.013,27.59,1,0
2184,33,30.3,69189.0,4031.69,17.3,0.974,0,3,27.0,0,0,1,0.4065,0.048,2.414,2.499,53.78,1,0
2185,36,30.3,38104.0,12823.22,10.1,0.465,1,2,-13.0,0,0,0,0.38865,0.03,0.77,0.4,14.34,0,1
2186,40,4.8,56339.0,5011.09,16.3,0.897,0,3,48.0,0,1,1,0.39802,0.078,2.233,2.753,59.48,1,0
2187,38,35.5,65676.0,1850.78,2.3,0.372,1,1,3.0,1,1,0,0.36376,0.075,0.291,0.361,13.39,0,1
2188,45,12.5,76771.0,5052.24,7.9,0.592,2,2,-14.0,0,1,1,0.42096,0.105,0.909,1.166,30.99,1,0
2189,18,9.3,75786.0,3964.01,17.8,0.99,0,3,47.0,0,1,1,0.50256,0.078,3.822,3.46,69.59,1,0
2190,34,15.1,51130.0,3651.2,3.3,0.469,3,1,29.0,0,1,1,0.41948,0.08,0.644,1.022,28.04,0,1
2191,32,41.7,97950.0,4397.32,17.2,0.99,1,2,58.0,0,1,0,0.39305,0.048,2.562,1.95,49.74,0,1
2192,40,22.8,62885.0,7378.15,9.0,0.614,2,2,-33.0,0,1,0,0.46987,0.03,0.056,0.047,6.68,0,1
2193,42,1.0,64113.0,3091.62,1.6,0.412,0,2,25.0,0,1,0,0.25088,0.105,1.098,1.051,22.41,1,0
2194,26,9.0,80116.0,4395.28,20.4,0.898,1,3,70.0,0,1,0,0.52427,0.078,3.496,3.15,65.68,1,0
2195,38,36.5,65181.0,4817.2,10.6,0.606,2,3,5.0,0,1,0,0.40186,0.03,0.747,0.529,18.19,0,1
2196,43,31.4,46506.0,6160.73,5.4,0.466,4,1,-36.0,0,1,1,0.45867,0.05,1.444,1.414,34.0,1,0
2197,18,43.3,67718.0,3288.97,17.5,0.791,0,2,49.0,0,0,0,0.25963,0.048,1.985,1.386,37.79,1,0
2198,53,78.9,228865.0,34803.89,3.2,0.614,1,4,60.0,0,1,0,0.26803,0.075,0.496,0.42,24.83,0,1
2199,27,18.3,102626.0,1179.23,14.7,0.82,1,2,35.0,0,1,0,0.38051,0.048,1.391,1.496,40.39,1,0
2200,32,20.3,94838.0,6955.82,4.9,0.703,2,4,47.0,0,0,0,0.43712,0.075,1.206,0.725,23.65,0,1
2201,31,35.5,61460.0,2201.95,16.3,0.688,1,1,3.0,0,1,0,0.40786,0.03,1.489,1.677,34.0,1,0
2202,44,17.6,40019.0,1587.64,5.4,0.447,1,2,13.0,0,1,1,0.26646,0.105,1.009,1.351,32.01,1,0
2203,42,14.1,79328.0,14483.83,4.9,0.263,0,1,24.0,0,0,0,0.26545,0.105,0.474,0.117,6.01,0,1
2204,28,11.0,97030.0,5292.39,19.2,0.948,0,4,47.0,0,1,0,0.50001,0.078,2.699,2.657,57.18,0,1
2205,55,47.0,143210.0,70997.9,4.0,0.596,0,4,37.0,0,0,0,0.25547,0.075,1.674,1.365,42.55,0,1
2206,44,25.4,65145.0,13948.74,6.8,0.39,2,1,-28.0,0,1,1,0.39815,0.075,1.268,1.599,43.72,0,1
2207,37,28.2,48492.0,15158.32,10.1,0.694,8,2,-19.0,1,1,1,0.72154,0.005,0.973,1.152,27.7,0,1
2208,44,70.8,174417.0,28116.01,8.7,0.363,1,3,45.0,0,1,1,0.2429,0.03,1.267,1.535,34.09,0,1
2209,25,11.3,104689.0,12784.57,12.4,0.897,1,2,4.0,1,1,1,0.55672,0.078,2.021,2.188,51.77,0,1
2210,35,1.0,63268.0,7802.34,19.2,0.976,1,3,61.0,0,1,1,0.49136,0.078,2.54,2.492,62.26,1,0
2211,35,2.8,48021.0,3081.7,8.7,0.581,0,3,8.0,0,0,1,0.35577,0.06,1.444,2.092,50.61,1,0
2212,42,64.5,192933.0,37972.95,9.1,0.463,0,5,44.0,0,1,0,0.18607,0.03,0.866,0.55,16.47,1,0
2213,23,22.9,49612.0,2744.88,0.4,0.373,0,1,26.0,0,0,0,0.22041,0.075,0.143,0.063,12.23,1,0
2214,55,55.3,223096.0,33105.23,8.4,0.759,0,5,100.0,0,1,1,0.25075,0.048,2.111,2.068,48.06,1,0
2215,31,16.4,57288.0,2916.17,5.4,0.557,0,2,37.0,0,1,0,0.2734,0.105,0.485,0.356,16.97,0,1
2216,31,20.7,68468.0,5766.55,15.3,0.99,2,4,21.0,0,1,0,0.62423,0.048,1.07,1.063,25.89,1,0
2217,38,32.7,76931.0,13944.15,19.6,0.99,0,2,85.0,0,1,0,0.51801,0.048,2.419,1.543,36.44,1,0
2218,26,12.6,53152.0,1370.57,4.2,0.374,0,3,-42.0,0,1,0,0.34572,0.105,1.506,1.112,29.82,0,1
2219,35,23.1,79967.0,6303.74,10.2,0.471,1,1,2.0,0,0,1,0.41752,0.03,0.702,0.773,20.89,0,1
2220,48,73.5,175287.0,25188.4,10.1,0.602,0,5,37.0,0,1,0,0.27496,0.03,2.222,2.241,50.55,1,0
2221,52,52.7,185127.0,73040.71,8.7,0.423,0,4,28.0,0,0,1,0.27617,0.03,1.797,2.043,50.85,1,0
2222,58,61.8,145049.0,25764.47,10.5,0.63,0,4,39.0,0,0,0,0.30791,0.03,1.697,1.642,43.56,0,1
2223,40,61.5,122002.0,41847.24,12.1,0.421,1,4,31.0,0,0,1,0.34881,0.03,2.317,2.552,58.53,1,0
2224,33,1.0,75814.0,4058.56,18.4,0.843,0,2,68.0,0,1,0,0.45801,0.078,1.578,1.588,35.73,0,1
2225,42,24.0,52594.0,974.07,4.3,0.269,1,2,1.0,1,1,0,0.35361,0.075,0.672,0.791,22.84,0,1
2226,28,16.4,112924.0,13935.12,14.2,0.948,2,3,42.0,0,0,1,0.50376,0.078,0.256,0.918,24.54,0,1
2227,37,37.7,94375.0,4334.7,6.0,0.504,2,1,26.0,0,1,0,0.34878,0.075,0.719,0.597,22.63,1,0
2228,32,1.8,74145.0,4752.17,9.4,0.704,1,2,62.0,0,1,0,0.41683,0.06,0.583,0.708,22.27,0,1
2229,31,16.1,59180.0,2270.51,16.5,0.99,0,1,41.0,0,1,0,0.42088,0.078,2.26,2.458,60.02,1,0
2230,42,47.6,109147.0,3354.79,8.0,0.524,3,3,1.0,0,1,1,0.4065,0.005,1.96,2.051,44.61,0,1
2231,53,86.9,143188.0,28008.98,7.1,0.592,0,5,70.0,0,1,0,0.21174,0.075,1.048,1.447,35.63,0,1
2232,31,46.4,69513.0,5439.35,11.8,0.482,0,2,-34.0,0,1,0,0.30631,0.03,2.329,2.297,48.16,0,1
2233,36,1.9,115485.0,2105.07,15.7,0.99,0,2,23.0,0,1,0,0.55607,0.078,1.31,1.516,32.79,1,0
2234,43,27.4,51411.0,2931.7,9.6,0.46,0,1,-1.0,0,1,0,0.2853,0.03,0.67,0.594,27.06,1,0
2235,36,16.2,54132.0,1144.96,3.0,0.363,2,3,14.0,0,1,1,0.38124,0.105,0.538,0.802,21.37,1,0
2236,25,25.4,55436.0,3254.93,1.9,0.219,2,3,28.0,0,0,1,0.20944,0.075,0.682,0.888,24.2,0,1
2237,28,6.7,53264.0,4142.56,12.6,0.99,1,1,29.0,0,1,0,0.38935,0.078,2.026,1.865,52.24,1,0
2238,50,41.4,150280.0,6381.94,10.0,0.858,0,5,16.0,0,1,0,0.33419,0.048,1.845,1.866,46.02,1,0
2239,41,57.9,112328.0,22776.16,11.1,0.799,0,3,9.0,0,1,0,0.36238,0.048,1.558,0.99,26.47,1,0
2240,35,39.7,61718.0,10847.21,7.4,0.513,4,2,-26.0,0,0,0,0.48409,0.05,1.236,1.322,30.58,0,1
2241,19,19.5,62836.0,2254.15,13.1,0.845,0,1,32.0,0,1,1,0.46756,0.048,1.319,2.083,49.29,1,0
2242,33,20.8,64860.0,6276.06,20.1,0.944,0,1,3.0,0,1,0,0.47967,0.048,4.098,3.79,73.18,1,0
2243,50,64.6,110029.0,42392.75,4.1,0.542,1,4,23.0,0,0,1,0.29517,0.075,1.77,1.778,39.78,1,0
2244,18,20.9,81246.0,2322.3,18.7,0.791,0,4,24.0,0,0,1,0.37529,0.048,0.943,1.361,31.89,1,0
2245,51,68.4,132323.0,31745.55,6.5,0.8,0,3,31.0,0,1,1,0.22719,0.093,1.225,1.303,31.01,1,0
2246,29,12.7,76992.0,7693.08,17.1,0.894,1,3,76.0,0,1,0,0.4492,0.078,1.833,1.674,39.04,1,0
2247,33,17.0,143489.0,2545.69,18.9,0.777,0,3,14.0,0,1,1,0.41814,0.078,3.364,3.306,66.32,1,0
2248,35,51.9,69039.0,6998.28,10.3,0.695,2,3,11.0,1,0,0,0.48262,0.03,1.229,0.415,16.86,0,1
2249,43,63.7,162486.0,67585.36,7.2,0.577,3,6,66.0,0,1,0,0.29566,0.05,0.513,0.19,13.16,1,0
2250,44,62.5,167556.0,18325.16,11.8,0.422,0,5,52.0,0,1,1,0.31237,0.03,2.484,2.717,68.26,0,1
2251,34,32.2,70788.0,10782.18,9.8,0.465,1,4,-1.0,0,1,0,0.4021,0.03,0.194,0.059,9.95,0,1
2252,35,19.4,63527.0,1487.56,14.4,0.373,0,1,35.0,0,1,1,0.31395,0.03,1.25,1.799,47.23,0,1
2253,50,56.8,138773.0,28821.18,3.4,0.664,0,5,46.0,0,1,0,0.21126,0.075,1.74,1.574,31.23,1,0
2254,37,33.5,76047.0,10695.4,4.4,0.609,4,4,13.0,1,1,0,0.46271,0.05,1.173,0.548,21.83,0,1
2255,32,15.9,50359.0,628.56,7.2,0.565,0,1,12.0,1,0,1,0.43393,0.105,1.62,1.798,46.06,0,1
2256,36,29.3,63006.0,5652.69,8.9,0.564,3,1,-28.0,0,1,1,0.41248,0.005,1.83,0.782,22.3,0,1
2257,53,12.5,59270.0,3965.68,6.6,0.379,2,1,32.0,0,0,1,0.23561,0.105,0.593,0.91,27.09,0,1
2258,30,23.3,34644.0,3474.36,1.5,0.567,0,1,60.0,1,0,0,0.24125,0.075,0.624,1.093,31.36,0,1
2259,25,23.0,113826.0,3204.42,16.1,0.99,0,3,38.0,0,1,1,0.39625,0.048,3.02,2.831,63.01,1,0
2260,72,59.5,247321.0,15607.59,9.2,0.617,0,4,34.0,0,0,0,0.2166,0.03,1.445,1.59,39.38,1,0
2261,41,6.9,75389.0,12036.5,7.5,0.622,2,3,-6.0,0,0,1,0.42169,0.105,1.312,1.644,42.92,1,0
2262,25,29.1,70613.0,2432.81,5.1,0.378,0,1,-18.0,0,1,0,0.22857,0.075,1.145,1.002,23.81,1,0
2263,55,63.4,184775.0,45613.86,4.3,0.512,0,4,18.0,1,0,0,0.2842,0.075,0.802,0.522,16.6,0,1
2264,23,4.1,53148.0,5761.64,17.1,0.99,0,2,50.0,1,0,1,0.45986,0.078,1.027,1.182,37.42,0,1
2265,44,40.3,92509.0,5981.19,12.9,0.53,3,2,-10.0,0,1,1,0.63775,0.005,1.614,1.73,44.14,0,1
2266,28,1.0,67734.0,9036.23,12.7,0.932,0,3,44.0,0,1,1,0.47492,0.078,2.938,3.057,61.66,1,0
2267,32,34.5,109512.0,2038.74,1.0,0.263,1,3,11.0,1,1,0,0.24237,0.075,0.998,0.742,23.23,0,1
2268,60,61.3,131161.0,69375.31,11.2,0.721,1,3,32.0,0,1,0,0.31003,0.03,1.112,0.839,25.68,1,0
2269,39,1.0,75395.0,7081.26,0.9,0.297,0,2,-5.0,0,0,0,0.23829,0.105,0.555,0.636,15.71,0,1
2270,42,24.1,56225.0,5936.9,6.8,0.615,0,1,18.0,0,1,0,0.33741,0.075,1.261,1.276,35.68,0,1
2271,41,26.1,130291.0,7114.09,9.1,0.788,3,1,-2.0,0,1,1,0.45512,0.023,1.781,1.733,38.84,1,0
2272,35,24.3,62698.0,41889.83,7.9,0.652,2,3,-25.0,0,1,0,0.3667,0.075,1.481,1.301,37.87,1,0
2273,39,13.1,80811.0,3311.2,8.5,0.443,1,3,18.0,0,0,0,0.27772,0.06,0.985,1.282,35.32,0,1
2274,43,20.5,69877.0,3508.89,7.0,0.409,1,1,-2.0,1,1,0,0.38168,0.075,0.685,0.312,17.1,0,1
2275,36,16.2,65805.0,2957.29,5.3,0.425,1,3,22.0,1,1,0,0.3152,0.105,1.25,0.996,26.38,0,1
2276,42,1.0,80848.0,2159.18,10.2,0.945,0,2,43.0,0,1,0,0.4049,0.078,2.688,1.881,48.09,1,0
2277,44,46.3,60134.0,18564.28,10.9,0.6,3,2,-1.0,0,1,0,0.33787,0.005,1.045,0.632,19.88,0,1
2278,30,13.1,37807.0,3101.9,13.1,0.99,0,4,47.0,0,0,0,0.4386,0.078,1.433,0.932,26.12,1,0
2279,37,13.2,78856.0,5454.06,3.9,0.329,1,1,9.0,0,0,0,0.27443,0.105,1.141,1.068,34.41,0,1
2280,39,17.5,63097.0,16998.94,9.0,0.758,1,3,-2.0,0,1,0,0.31717,0.078,1.745,1.237,32.26,0,1
2281,40,71.2,189246.0,47365.53,13.1,0.594,0,4,50.0,0,0,0,0.30964,0.03,2.984,2.495,50.81,1,0
2282,28,1.0,83571.0,2869.96,15.3,0.818,1,2,46.0,0,1,1,0.49828,0.078,2.387,2.847,64.5,1,0
2283,51,63.6,190819.0,25636.96,4.2,0.68,0,4,36.0,0,0,0,0.20309,0.075,0.865,0.582,18.65,0,1
2284,35,24.0,89405.0,1404.02,13.0,0.637,3,1,-15.0,0,0,0,0.55581,0.005,2.159,1.903,43.52,0,1
2285,31,9.7,39067.0,4171.91,18.0,0.709,0,3,9.0,0,1,1,0.39669,0.06,2.308,2.571,55.45,1,0
2286,29,2.8,89726.0,7582.47,18.1,0.847,0,2,45.0,0,1,0,0.34748,0.078,2.466,2.352,52.98,1,0
2287,40,14.6,53772.0,2570.84,8.5,0.191,1,1,-14.0,0,0,0,0.32836,0.06,0.938,0.809,25.87,0,1
2288,40,22.1,80809.0,2044.31,9.2,0.356,1,1,-1.0,0,1,0,0.30457,0.03,1.438,1.393,40.56,0,1
2289,30,18.8,89153.0,3708.18,13.6,0.83,0,2,28.0,0,1,0,0.34193,0.048,1.912,1.277,33.9,1,0
2290,19,6.6,89437.0,9915.16,12.2,0.933,1,3,30.0,0,0,0,0.48717,0.078,0.534,0.171,15.77,0,1
2291,48,20.9,54819.0,2895.84,6.8,0.343,1,1,-2.0,0,1,0,0.33152,0.075,1.894,1.738,39.59,0,1
2292,37,41.7,56276.0,26764.79,8.3,0.529,1,3,1.0,0,1,1,0.42084,0.03,0.754,0.952,22.68,1,0
2293,37,11.0,64058.0,5520.48,8.5,0.733,2,3,-2.0,0,1,0,0.46602,0.06,1.088,0.87,28.83,0,1
2294,47,61.9,84884.0,36852.98,5.0,0.867,0,4,36.0,0,0,0,0.28679,0.093,1.051,0.381,14.24,0,1
2295,26,4.6,64802.0,3395.21,17.6,0.799,0,3,67.0,1,0,1,0.44122,0.078,3.37,3.539,74.18,1,0
2296,40,3.4,51183.0,17330.94,17.1,0.99,2,2,100.0,1,0,1,0.44556,0.078,2.094,2.526,62.8,1,0
2297,45,25.1,40019.0,3371.71,4.1,0.473,0,1,20.0,0,1,0,0.34728,0.075,1.111,1.255,35.89,0,1
2298,32,9.5,78428.0,17945.28,12.3,0.709,0,2,61.0,0,1,0,0.38311,0.06,2.446,2.4,52.65,1,0
2299,28,1.4,87788.0,3424.63,19.3,0.813,0,2,49.0,0,0,0,0.56485,0.078,2.221,2.522,56.43,1,0
2300,39,37.9,58496.0,8097.37,5.2,0.097,1,1,22.0,0,0,0,0.19778,0.075,0.535,0.785,23.12,0,1
2301,36,33.0,51566.0,3239.16,7.5,0.466,3,2,-21.0,0,1,0,0.47632,0.05,1.19,0.564,19.57,0,1
2302,34,1.0,45684.0,5167.76,0.0,0.312,0,2,-41.0,0,1,1,0.27548,0.105,1.53,1.78,46.93,0,1
2303,51,44.3,126673.0,14482.25,8.2,0.655,2,4,-6.0,0,1,1,0.44846,0.03,0.572,0.657,18.4,0,1
2304,46,69.1,110526.0,40133.24,6.1,0.923,0,4,22.0,0,1,1,0.30907,0.093,1.061,0.914,27.1,0,1
2305,51,58.6,135679.0,15971.53,8.1,0.815,0,4,60.0,0,0,0,0.26392,0.048,1.987,1.96,44.62,1,0
2306,50,80.0,91509.0,37820.4,10.5,0.556,0,5,39.0,0,1,1,0.27344,0.03,1.745,2.247,50.08,1,0
2307,42,38.4,87010.0,2981.68,10.0,0.479,1,3,-15.0,0,0,1,0.34766,0.03,1.27,1.37,37.25,1,0
2308,45,65.6,118410.0,30101.71,8.0,0.782,1,4,45.0,0,1,0,0.34575,0.048,3.261,2.447,53.49,0,1
2309,43,18.7,79699.0,16306.92,9.0,0.479,4,1,-1.0,0,1,1,0.43849,0.005,0.601,0.484,19.73,0,1
2310,29,27.9,74970.0,4282.44,0.3,0.539,0,1,-16.0,0,1,0,0.2209,0.075,0.711,0.599,17.47,0,1
2311,31,6.7,64461.0,1345.2,2.1,0.731,1,2,19.0,0,1,0,0.3108,0.105,1.476,1.151,31.49,0,1
2312,25,31.7,94302.0,1310.13,19.0,0.974,1,2,60.0,0,1,0,0.52292,0.048,1.977,2.274,52.29,1,0
2313,41,67.1,78985.0,44201.11,6.6,0.77,0,3,74.0,1,1,1,0.28167,0.093,1.675,1.414,34.85,1,0
2314,36,6.1,66531.0,12576.83,19.1,0.99,0,2,42.0,0,1,0,0.48244,0.078,2.452,2.234,46.22,0,1
2315,42,71.7,185877.0,17101.58,10.2,0.579,0,3,66.0,0,0,0,0.29707,0.03,2.46,1.637,36.5,0,1
2316,24,42.9,87202.0,17591.05,18.4,0.932,1,3,36.0,0,1,1,0.51488,0.048,1.847,2.212,56.57,1,0
2317,38,13.4,125188.0,4481.05,16.9,0.795,0,2,88.0,0,1,0,0.37286,0.078,2.849,1.858,42.38,1,0
2318,31,28.6,93477.0,839.84,3.3,0.572,2,2,-1.0,1,1,0,0.3358,0.075,0.527,0.35,11.69,0,1
2319,48,56.8,149627.0,11601.84,7.6,0.521,0,4,46.0,0,0,0,0.24022,0.075,2.002,1.341,30.45,0,1
2320,28,23.0,55119.0,4948.47,6.2,0.507,0,1,15.0,0,0,0,0.25911,0.075,1.659,1.125,29.43,1,0
2321,35,1.0,58672.0,4895.4,10.3,0.99,0,2,72.0,0,1,0,0.33455,0.078,1.904,1.735,44.86,1,0
2322,35,16.0,66838.0,11793.18,19.4,0.846,2,3,70.0,0,1,1,0.56724,0.078,2.564,3.255,65.94,1,0
2323,54,62.5,123597.0,14686.88,6.6,0.561,0,4,14.0,0,0,1,0.30829,0.075,0.681,1.279,32.16,1,0
2324,33,37.6,64751.0,4860.29,15.8,0.881,0,3,38.0,0,0,0,0.40538,0.048,1.494,1.794,46.33,0,1
2325,30,1.0,59310.0,4519.82,15.8,0.802,0,2,84.0,0,0,0,0.40249,0.078,2.387,1.996,51.28,0,1
2326,31,18.6,65757.0,2733.69,4.4,0.447,1,2,12.0,0,1,0,0.26727,0.075,0.691,0.806,26.64,1,0
2327,23,31.5,120160.0,3509.18,12.5,0.799,1,2,59.0,0,1,0,0.33192,0.048,2.154,2.083,47.49,1,0
2328,38,13.1,97779.0,3554.89,16.4,0.807,0,2,24.0,0,0,0,0.49091,0.078,1.249,0.896,21.65,1,0
2329,43,28.9,65997.0,8961.71,10.6,0.65,2,2,-13.0,0,1,0,0.37718,0.03,0.613,0.669,19.07,1,0
2330,44,52.0,181461.0,38955.25,2.5,0.708,0,5,21.0,0,1,0,0.21685,0.075,0.589,0.223,14.21,0,1
2331,38,19.8,79064.0,9427.34,5.5,0.558,3,4,10.0,0,1,1,0.36617,0.05,0.425,0.363,11.67,0,1
2332,47,40.1,136492.0,70079.32,10.4,0.459,0,5,48.0,0,1,1,0.30175,0.03,1.861,2.36,56.59,1,0
2333,27,14.4,57380.0,1374.08,6.4,0.559,1,1,33.0,1,1,1,0.36431,0.105,1.024,0.877,22.78,0,1
2334,30,4.1,72006.0,1386.08,16.8,0.851,1,2,23.0,0,1,1,0.47933,0.078,1.68,1.709,43.25,0,1
2335,46,63.4,164522.0,61976.99,6.2,0.867,1,4,44.0,0,1,0,0.36607,0.093,2.569,2.198,49.52,1,0
2336,31,21.5,74767.0,4332.52,10.9,0.575,0,2,-8.0,0,1,0,0.45206,0.03,1.98,2.106,44.71,1,0
2337,25,16.2,48466.0,2344.22,1.3,0.445,1,1,-36.0,0,0,0,0.32384,0.105,0.194,0.0,11.0,0,1
2338,38,56.6,111889.0,21496.09,7.6,0.593,2,4,43.0,0,1,1,0.33005,0.075,1.232,1.135,24.15,1,0
2339,35,30.4,78199.0,5299.74,5.5,0.617,3,3,17.0,0,0,1,0.36369,0.05,0.484,0.84,19.19,0,1
2340,28,9.7,85325.0,1744.04,15.6,0.99,2,3,74.0,0,1,1,0.50316,0.078,2.391,2.117,50.53,1,0
2341,23,3.3,69839.0,3107.7,13.2,0.862,0,2,43.0,0,1,1,0.3493,0.078,1.087,1.459,38.37,1,0
2342,34,17.0,55985.0,6862.99,18.0,0.99,0,2,60.0,0,1,0,0.51168,0.078,1.268,1.909,50.98,1,0
2343,35,34.8,82706.0,2992.34,5.7,0.44,0,1,20.0,0,1,1,0.25298,0.075,1.366,1.123,29.38,0,1
2344,33,17.5,100600.0,6246.41,14.5,0.99,0,3,30.0,0,1,1,0.40262,0.078,1.919,2.528,50.96,0,1
2345,34,14.7,34500.0,2173.11,7.4,0.217,0,2,-7.0,0,0,0,0.27367,0.105,0.403,0.201,8.27,0,1
2346,23,14.5,109117.0,8092.42,13.4,0.99,0,3,43.0,0,1,1,0.45676,0.078,2.027,2.447,50.82,1,0
2347,36,1.0,55763.0,2155.83,4.4,0.468,1,2,6.0,0,1,0,0.31411,0.105,1.114,0.678,21.21,1,0
2348,26,20.3,62105.0,761.89,2.8,0.401,2,1,12.0,0,1,0,0.27406,0.075,0.891,0.52,20.16,0,1
2349,33,11.2,103343.0,5528.31,18.0,0.99,0,2,36.0,0,1,0,0.37345,0.078,1.348,1.045,26.53,0,1
2350,22,4.8,118738.0,7410.35,17.7,0.916,1,3,48.0,0,1,1,0.50428,0.078,2.56,3.129,67.03,1,0
2351,35,7.0,99634.0,3128.56,19.5,0.774,0,1,24.0,0,1,0,0.50939,0.078,1.934,1.645,37.64,1,0
2352,33,17.1,62967.0,6541.04,4.7,0.163,0,1,39.0,1,1,0,0.2441,0.105,0.382,0.017,8.33,0,1
2353,36,27.9,52421.0,2588.63,8.0,0.99,1,2,9.0,0,1,0,0.3632,0.048,1.426,1.34,33.35,1,0
2354,30,44.1,41662.0,12371.73,7.8,0.565,4,4,-10.0,0,1,1,0.39523,0.05,1.588,1.664,47.82,0,1
2355,44,50.9,174925.0,99468.43,12.2,0.573,0,4,30.0,0,0,0,0.29945,0.03,1.927,1.8,50.44,0,1
2356,38,15.8,84765.0,3072.49,3.6,0.371,0,1,7.0,0,0,0,0.21358,0.105,1.471,1.451,33.03,0,1
2357,57,56.1,110753.0,27619.5,2.8,0.801,0,5,18.0,0,1,0,0.20825,0.093,0.727,0.395,14.38,0,1
2358,61,71.7,128305.0,29875.82,9.2,0.586,0,4,5.0,1,1,0,0.30757,0.03,0.679,0.323,14.8,0,1
2359,35,23.7,50758.0,8645.2,5.9,0.501,1,2,15.0,0,0,1,0.41072,0.075,0.824,0.943,18.69,0,1
2360,42,17.1,64915.0,5846.75,14.0,0.863,0,3,40.0,0,1,1,0.53464,0.078,0.664,0.697,17.82,1,0
2361,33,28.4,78868.0,12089.58,3.8,0.292,0,1,17.0,0,1,0,0.2823,0.075,0.445,0.362,13.33,0,1
2362,37,8.8,80616.0,5395.64,13.7,0.99,0,3,13.0,0,1,0,0.49036,0.078,1.21,1.023,29.69,1,0
2363,42,78.4,129720.0,20921.31,9.4,0.761,0,4,67.0,0,0,1,0.18371,0.048,1.077,1.548,38.34,1,0
2364,38,22.0,120913.0,2053.06,4.7,0.355,1,3,8.0,0,0,1,0.42597,0.075,0.984,1.378,32.31,1,0
2365,22,20.7,48880.0,8326.86,5.9,0.586,2,1,-66.0,0,1,0,0.45478,0.075,0.59,0.665,19.92,0,1
2366,30,28.2,83480.0,2122.47,9.0,0.601,1,2,-4.0,0,1,0,0.31858,0.03,1.467,1.28,39.5,1,0
2367,32,30.8,57255.0,3304.66,14.0,0.949,0,2,35.0,0,1,1,0.55352,0.048,1.798,1.992,52.56,0,1
2368,40,56.9,132257.0,23841.25,11.9,0.857,1,4,12.0,0,1,1,0.39029,0.048,0.93,1.33,32.98,0,1
2369,52,73.4,143651.0,37397.33,10.4,0.604,2,5,57.0,0,0,0,0.36757,0.03,1.371,1.402,36.33,0,1
2370,44,23.5,90442.0,28264.97,8.7,0.554,3,2,10.0,0,1,0,0.41693,0.005,0.977,0.703,20.54,0,1
2371,45,52.8,128604.0,33160.74,8.2,0.621,0,4,40.0,0,1,0,0.29756,0.03,1.568,1.342,29.2,0,1
2372,42,69.9,124983.0,9170.64,10.7,0.536,0,4,35.0,0,0,1,0.30467,0.03,1.61,1.821,40.55,1,0
2373,46,51.5,127983.0,17666.95,7.5,0.451,1,5,44.0,0,0,0,0.31525,0.075,1.054,0.54,19.05,0,1
2374,22,25.9,56778.0,5336.47,18.0,0.915,0,2,14.0,0,1,0,0.54601,0.048,1.747,1.564,37.56,1,0
2375,48,66.2,163690.0,33993.95,12.0,0.698,1,4,38.0,0,1,1,0.35092,0.03,1.66,1.891,43.66,1,0
2376,30,5.5,81998.0,12935.47,14.7,0.9,1,2,68.0,0,1,0,0.46199,0.078,1.727,1.532,42.23,0,1
2377,33,21.1,66356.0,5599.42,8.9,0.423,1,1,30.0,0,0,1,0.32724,0.03,2.128,2.422,56.32,1,0
2378,50,24.4,70661.0,14643.79,12.7,0.491,8,4,-28.0,1,1,0,0.6934,0.005,1.103,0.729,23.11,0,1
2379,24,20.2,72143.0,3907.67,16.7,0.928,1,2,48.0,0,1,1,0.42928,0.048,1.465,1.657,40.25,1,0
2380,48,53.7,98897.0,16344.15,7.8,0.609,0,2,-29.0,0,0,0,0.3012,0.075,2.092,1.665,43.26,0,1
2381,28,17.6,77744.0,1675.75,5.1,0.482,0,1,13.0,0,0,1,0.33822,0.105,0.673,1.354,33.57,0,1
2382,30,22.4,111356.0,8444.11,15.3,0.936,0,3,30.0,0,1,1,0.46119,0.048,1.865,2.572,53.26,0,1
2383,37,16.3,84043.0,3745.31,13.9,0.943,1,2,27.0,0,0,1,0.46392,0.078,2.579,2.636,58.74,1,0
2384,37,16.3,109503.0,1755.72,17.4,0.99,1,3,51.0,0,1,0,0.48405,0.078,2.586,2.075,44.0,0,1
2385,26,14.0,67924.0,6617.26,13.2,0.963,0,3,30.0,0,1,1,0.36281,0.078,1.963,2.057,46.85,1,0
2386,39,11.7,55886.0,7441.08,3.6,0.483,0,1,-5.0,1,0,0,0.28729,0.105,0.23,0.139,13.86,0,1
2387,38,26.0,81468.0,2303.25,3.6,0.238,3,1,17.0,0,1,0,0.33017,0.05,0.085,0.008,11.17,0,1
2388,25,12.5,95436.0,12427.01,12.3,0.99,1,2,16.0,0,0,1,0.47066,0.078,2.443,2.268,48.0,0,1
2389,39,11.1,54550.0,1022.5,6.3,0.397,2,2,4.0,0,1,1,0.4054,0.105,1.224,1.263,28.82,0,1
2390,42,28.2,57297.0,2067.13,15.4,0.909,1,2,15.0,0,1,0,0.46657,0.048,1.478,1.482,37.05,1,0
2391,41,32.2,68142.0,7272.28,12.5,0.45,5,2,-34.0,0,0,1,0.6032,0.005,1.105,0.921,23.2,0,1
2392,39,19.3,49039.0,2357.53,3.8,0.66,2,1,32.0,1,0,0,0.31376,0.075,1.272,0.726,30.59,0,1
2393,54,78.1,219833.0,20740.73,6.9,0.368,0,6,26.0,0,0,1,0.18513,0.075,1.596,1.808,43.21,1,0
2394,19,1.0,93312.0,4908.5,13.6,0.99,1,2,30.0,0,1,1,0.50305,0.078,1.581,1.655,44.81,1,0
2395,41,46.3,58549.0,5673.79,9.1,0.637,0,1,8.0,0,1,1,0.31401,0.03,1.299,1.982,49.79,0,1
2396,28,11.4,44496.0,2375.67,4.6,0.22,3,1,41.0,0,0,1,0.36572,0.08,0.976,1.137,32.56,0,1
2397,25,18.5,61595.0,5392.74,18.0,0.99,0,2,49.0,0,1,0,0.52967,0.048,2.006,1.88,52.27,1,0
2398,44,8.9,65356.0,2915.9,16.2,0.957,0,4,63.0,1,1,1,0.55941,0.078,0.772,1.668,36.17,1,0
2399,27,4.9,72655.0,4200.34,21.7,0.641,1,2,34.0,1,1,1,0.66646,0.06,1.987,1.905,40.94,0,1
2400,33,46.8,97280.0,5258.48,10.2,0.544,1,2,-7.0,0,1,0,0.45676,0.03,0.597,0.653,19.25,0,1
2401,46,53.3,55462.0,3653.88,6.3,0.649,3,3,-8.0,1,1,1,0.43157,0.05,2.064,2.129,44.97,0,1
2402,28,19.3,109477.0,4928.42,1.6,0.618,0,2,16.0,0,0,0,0.36398,0.075,0.334,0.378,18.62,1,0
2403,32,26.0,45734.0,9103.68,5.9,0.385,0,2,28.0,0,1,1,0.39555,0.075,0.761,1.049,27.98,0,1
2404,44,22.7,40330.0,5992.95,1.8,0.139,1,2,-18.0,0,0,0,0.20482,0.075,0.496,0.268,12.35,0,1
2405,35,42.8,93073.0,3721.88,6.1,0.59,1,1,-7.0,0,1,0,0.29696,0.075,1.489,1.181,35.81,0,1
2406,18,1.0,108578.0,2965.61,18.4,0.955,1,2,35.0,0,0,0,0.55864,0.078,2.664,2.305,46.09,1,0
2407,42,35.5,68541.0,6638.89,11.5,0.344,0,1,-26.0,0,1,1,0.35185,0.03,0.981,0.981,28.1,0,1
2408,26,7.3,84242.0,8945.42,13.7,0.938,0,2,48.0,0,1,0,0.33259,0.078,1.544,1.362,38.27,0,1
2409,60,33.7,154012.0,7262.83,10.5,0.689,0,4,38.0,0,1,0,0.28175,0.03,1.708,1.232,34.3,0,1
2410,31,17.7,61219.0,2369.06,5.4,0.394,0,1,11.0,0,1,1,0.28276,0.105,1.722,2.14,51.61,1,0
2411,45,53.2,50735.0,12892.13,7.4,0.499,2,3,-16.0,0,1,1,0.34786,0.075,0.197,0.156,12.81,0,1
2412,47,14.1,30187.0,1431.51,4.1,0.363,1,1,36.0,0,0,1,0.30273,0.105,0.297,0.444,17.98,0,1
2413,43,71.5,109857.0,42137.51,9.3,0.604,1,4,38.0,0,1,1,0.39295,0.03,2.935,3.058,72.42,0,1
2414,37,45.4,117569.0,10221.41,7.2,0.629,2,2,-11.0,0,1,0,0.31702,0.075,1.503,1.467,37.44,0,1
2415,52,61.8,227742.0,12433.82,8.8,0.727,0,4,35.0,0,1,0,0.39874,0.03,0.976,0.885,24.33,0,1
2416,23,17.4,70813.0,4761.74,19.9,0.664,1,2,58.0,0,1,1,0.57786,0.06,3.949,4.265,86.13,1,0
2417,31,1.0,58679.0,3012.4,18.6,0.928,1,1,48.0,0,1,1,0.43182,0.078,2.734,2.453,56.74,1,0
2418,36,22.4,77615.0,10484.58,9.2,0.644,0,3,-24.0,1,1,1,0.3573,0.03,1.486,1.372,30.55,0,1
2419,27,26.9,85563.0,6954.86,16.6,0.919,1,2,77.0,0,1,0,0.42072,0.048,2.755,2.98,76.58,1,0
2420,35,22.7,69389.0,3888.11,3.0,0.385,0,2,19.0,0,0,0,0.20319,0.075,0.46,0.089,12.68,1,0
2421,29,20.4,38415.0,4717.42,14.6,0.99,0,2,22.0,0,1,1,0.47583,0.048,1.469,1.798,45.51,1,0
2422,30,17.6,178275.0,5429.48,11.8,0.99,1,2,9.0,0,1,0,0.4986,0.078,1.687,1.329,28.3,1,0
2423,31,48.3,80102.0,1396.78,5.2,0.39,0,1,23.0,1,0,0,0.28198,0.075,1.297,0.609,16.38,0,1
2424,25,10.8,72046.0,4410.94,17.8,0.891,1,3,69.0,0,1,1,0.50089,0.078,2.391,2.716,60.03,1,0
2425,34,41.3,48596.0,1787.64,4.3,0.515,1,2,19.0,0,1,1,0.27314,0.075,0.828,1.361,35.57,0,1
2426,35,23.6,77023.0,5865.65,2.1,0.571,0,1,22.0,0,1,0,0.26472,0.075,0.946,0.981,21.37,0,1
2427,26,36.3,86877.0,7015.92,16.2,0.81,0,2,56.0,0,1,0,0.49328,0.048,2.078,2.275,51.59,0,1
2428,40,16.3,73814.0,12449.77,12.6,0.475,5,3,-8.0,0,0,1,0.44445,0.035,1.298,1.685,36.5,0,1
2429,25,33.2,81485.0,24366.54,11.4,0.62,3,2,-40.0,1,1,1,0.56403,0.005,1.27,1.637,38.91,0,1
2430,30,17.3,57231.0,2420.87,4.4,0.306,1,1,-3.0,0,0,1,0.31729,0.105,0.613,1.285,32.07,0,1
2431,33,23.7,65762.0,2099.62,10.0,0.216,0,2,25.0,0,1,0,0.27839,0.03,1.237,0.896,23.62,0,1
2432,32,45.7,87600.0,6357.27,16.3,0.5,2,2,3.0,0,1,0,0.47622,0.03,0.627,0.51,18.49,0,1
2433,49,35.5,78993.0,2823.53,7.7,0.636,1,3,-12.0,0,1,1,0.42363,0.075,2.135,1.958,44.88,0,1
2434,49,76.6,149277.0,11886.54,7.3,0.811,2,4,24.0,0,1,0,0.31536,0.093,1.825,1.491,39.49,0,1
2435,39,23.0,104872.0,11979.04,10.9,0.512,2,2,-5.0,1,1,1,0.60359,0.03,1.82,2.484,52.71,0,1
2436,32,12.1,38333.0,1211.39,2.0,0.416,1,1,3.0,0,1,0,0.22333,0.105,0.175,0.403,11.09,0,1
2437,38,31.2,58046.0,3977.88,11.3,0.607,1,3,-10.0,1,1,0,0.49064,0.03,1.01,1.032,37.64,0,1
2438,29,30.5,72518.0,7488.16,9.3,0.519,2,3,-5.0,0,1,1,0.40084,0.03,1.221,1.394,40.51,0,1
2439,48,59.8,113317.0,24478.32,9.0,0.56,0,5,19.0,0,1,0,0.29245,0.03,2.127,1.153,28.64,1,0
2440,28,10.5,53017.0,5334.99,2.9,0.467,2,1,25.0,0,0,1,0.35741,0.105,0.169,0.606,22.57,1,0
2441,33,36.4,83532.0,3120.25,2.4,0.298,0,2,7.0,0,0,1,0.19787,0.075,1.912,2.01,48.7,0,1
2442,18,11.6,73004.0,2678.01,10.6,0.816,0,1,53.0,0,1,1,0.41394,0.078,2.158,2.148,46.18,1,0
2443,21,33.1,46379.0,8462.45,20.0,0.878,0,2,45.0,1,1,1,0.62028,0.048,2.155,2.481,58.57,1,0
2444,48,31.2,64223.0,12847.59,11.5,0.625,3,3,21.0,0,1,1,0.44379,0.005,1.403,1.588,35.48,1,0
2445,55,69.8,140182.0,12789.14,9.8,0.473,2,4,44.0,0,1,0,0.29265,0.03,1.049,1.331,27.85,0,1
2446,47,37.7,72776.0,9425.46,9.9,0.576,3,2,-0.0,0,0,1,0.51224,0.005,0.758,0.842,21.58,0,1
2447,39,6.1,88311.0,2827.17,9.8,0.758,0,1,51.0,0,1,0,0.39814,0.078,0.176,0.342,19.92,0,1
2448,54,66.4,156858.0,19762.8,6.0,0.565,0,4,74.0,0,1,0,0.16007,0.075,1.759,1.935,56.04,0,1
2449,35,54.1,69351.0,26967.33,8.3,0.677,1,3,-9.0,0,1,0,0.3776,0.03,1.482,0.86,20.56,0,1
2450,31,34.0,52172.0,8673.03,6.1,0.582,2,2,-5.0,0,1,0,0.4087,0.075,1.307,1.385,37.52,0,1
2451,46,41.8,63915.0,6945.14,4.4,0.774,2,2,-6.0,0,1,0,0.36329,0.093,1.332,1.348,35.46,0,1
2452,35,30.3,49868.0,3170.31,1.9,0.422,1,1,-27.0,0,0,0,0.3596,0.075,0.543,0.14,7.41,0,1
2453,55,34.7,66666.0,14121.49,9.1,0.696,1,3,-6.0,0,1,0,0.30222,0.03,1.201,1.084,28.31,0,1
2454,32,24.2,71105.0,1901.36,4.6,0.517,0,2,29.0,0,1,0,0.1801,0.075,0.77,0.744,18.64,0,1
2455,52,37.6,80300.0,5665.47,11.5,0.589,1,2,2.0,0,1,0,0.44174,0.03,0.687,0.623,16.28,0,1
2456,37,40.2,89940.0,12259.22,14.6,0.445,4,3,21.0,0,0,1,0.4563,0.005,0.69,0.818,29.26,1,0
2457,47,14.8,64908.0,2985.56,10.9,0.578,1,2,7.0,0,0,0,0.3975,0.06,0.832,0.679,21.22,0,1
2458,41,19.0,114205.0,8568.38,15.5,0.841,0,3,54.0,0,1,0,0.34967,0.048,2.068,1.685,43.03,1,0
2459,22,13.8,91140.0,1585.2,20.9,0.837,0,2,61.0,0,1,1,0.52135,0.078,2.717,3.431,69.95,1,0
2460,35,26.3,74215.0,6818.87,4.7,0.607,4,2,-1.0,0,1,0,0.45612,0.05,0.924,0.848,29.46,0,1
2461,28,37.6,69438.0,1061.17,0.0,0.271,0,3,5.0,1,0,1,0.23014,0.075,0.11,0.298,12.35,0,1
2462,29,22.2,59992.0,4026.42,6.6,0.494,3,2,-10.0,0,0,0,0.35409,0.05,1.146,1.148,34.78,0,1
2463,34,1.0,43007.0,10460.03,18.2,0.789,0,2,-1.0,0,1,1,0.49522,0.078,2.32,2.851,59.05,0,1
2464,37,40.5,61121.0,15773.62,9.5,0.562,3,4,22.0,0,1,0,0.43165,0.005,1.732,1.537,38.93,0,1
2465,29,1.0,92995.0,9510.88,13.0,0.816,0,3,40.0,0,1,0,0.3802,0.078,2.139,2.332,54.72,1,0
2466,39,1.0,60292.0,1169.73,2.5,0.353,1,1,-10.0,0,1,0,0.28095,0.105,0.263,0.12,10.58,0,1
2467,22,32.9,56860.0,1515.02,1.1,0.445,0,1,3.0,0,1,0,0.22977,0.075,0.659,0.571,19.15,0,1
2468,47,32.9,57268.0,9977.76,5.6,0.541,5,1,25.0,0,1,0,0.48501,0.05,1.877,1.123,24.79,0,1
2469,36,36.7,42461.0,12735.56,13.2,0.591,2,4,-7.0,1,1,1,0.53172,0.03,1.01,1.251,31.78,0,1
2470,53,56.7,202748.0,19030.67,7.6,0.517,0,3,39.0,0,1,1,0.30335,0.075,1.193,0.976,28.09,0,1
2471,53,45.4,130467.0,21964.71,12.8,0.549,0,5,74.0,0,0,0,0.2896,0.03,0.636,0.598,17.43,0,1
2472,45,7.8,52539.0,1437.98,2.1,0.654,3,1,26.0,0,1,0,0.42731,0.08,0.528,0.46,14.35,0,1
2473,34,18.7,49215.0,8815.15,5.8,0.353,0,4,5.0,0,0,0,0.22745,0.075,0.392,0.153,9.42,0,1
2474,34,46.7,193635.0,23500.33,8.6,0.408,1,3,2.0,0,1,0,0.3371,0.03,0.552,0.885,24.5,0,1
2475,49,65.7,175076.0,32657.54,10.4,0.678,0,4,46.0,0,1,0,0.29936,0.03,1.447,1.304,30.46,0,1
2476,30,10.5,58532.0,4751.43,16.7,0.822,0,3,31.0,0,1,0,0.57918,0.078,2.618,1.76,45.81,1,0
2477,22,18.2,104080.0,9232.51,18.7,0.927,1,2,57.0,0,0,1,0.46126,0.048,0.92,1.269,35.83,0,1
2478,30,17.9,73081.0,2422.92,17.5,0.89,1,3,43.0,1,1,1,0.47926,0.078,2.076,1.654,46.86,0,1
2479,46,66.6,117027.0,68381.71,5.1,0.7,0,4,42.0,0,0,0,0.20776,0.075,1.119,0.799,25.99,1,0
2480,26,28.0,54503.0,1306.62,6.5,0.419,1,2,27.0,0,1,0,0.26982,0.075,0.848,0.634,18.4,0,1
2481,54,57.9,111694.0,68268.88,7.7,0.615,0,5,1.0,0,0,0,0.30765,0.075,2.06,1.462,39.85,0,1
2482,25,18.2,53202.0,1475.7,13.9,0.99,0,2,46.0,0,1,0,0.35203,0.048,2.215,2.296,55.88,1,0
2483,26,18.8,93718.0,4204.34,17.9,0.656,0,3,44.0,0,1,1,0.43868,0.03,3.131,3.284,69.26,1,0
2484,46,32.9,130017.0,92044.31,10.5,0.494,0,4,39.0,0,1,1,0.30323,0.03,1.648,1.895,43.11,0,1
2485,44,29.8,69699.0,4720.09,3.2,0.339,0,3,20.0,0,1,0,0.26674,0.075,0.882,0.543,16.44,0,1
2486,49,63.8,149127.0,42078.77,7.1,0.454,0,3,37.0,0,1,0,0.26039,0.075,0.874,0.767,22.19,0,1
2487,36,28.8,68419.0,1517.62,0.8,0.377,0,1,-2.0,0,1,1,0.25997,0.075,0.847,1.381,32.13,0,1
2488,32,6.6,33958.0,1860.77,0.0,0.366,2,1,-11.0,0,1,0,0.33089,0.105,0.192,0.182,17.21,0,1
2489,32,12.2,60142.0,10782.61,15.3,0.99,0,1,14.0,0,0,1,0.53398,0.078,1.361,1.886,45.39,1,0
2490,47,17.9,83965.0,10874.95,11.1,0.58,3,3,-6.0,1,0,1,0.46132,0.035,1.663,1.813,41.08,0,1
2491,40,30.9,41818.0,5350.95,3.0,0.407,0,1,20.0,0,1,0,0.18114,0.075,1.298,0.98,20.33,1,0
2492,54,45.1,152625.0,33572.32,11.9,0.598,0,3,28.0,0,1,0,0.32384,0.03,1.863,1.483,36.19,1,0
2493,33,4.9,52208.0,3746.99,15.4,0.784,0,2,60.0,0,1,0,0.41551,0.078,2.084,2.461,57.73,1,0
2494,25,28.4,59263.0,4937.91,4.0,0.528,1,1,8.0,0,0,1,0.25369,0.075,0.902,0.494,13.97,1,0
2495,29,14.4,91125.0,3550.87,3.7,0.563,1,2,8.0,0,1,0,0.34182,0.105,0.981,0.529,16.93,0,1
2496,37,19.9,88749.0,7163.28,11.7,0.457,0,3,-35.0,0,1,0,0.3178,0.03,1.26,1.57,42.71,0,1
2497,33,41.9,43683.0,3191.01,6.4,0.768,0,2,-16.0,0,1,0,0.31066,0.093,0.635,0.635,21.69,0,1
2498,22,27.4,95564.0,8365.51,15.7,0.826,0,2,61.0,0,1,0,0.39165,0.048,1.912,2.246,52.62,0,1
2499,22,30.7,96500.0,3993.35,3.0,0.347,2,1,37.0,0,1,0,0.3024,0.075,0.445,0.478,18.52,0,1
2500,40,72.2,293667.0,21577.81,6.5,0.692,0,6,30.0,0,1,0,0.23138,0.075,1.356,1.299,34.48,1,0
2501,27,13.2,86401.0,9685.13,16.1,0.962,0,2,60.0,0,1,1,0.5011,0.078,2.506,2.53,57.23,0,1
2502,38,28.5,49813.0,9373.81,8.7,0.582,3,3,19.0,0,0,1,0.5158,0.005,1.53,1.748,43.01,0,1
2503,29,14.2,66347.0,3560.22,7.3,0.392,0,1,-8.0,0,0,1,0.38644,0.105,0.141,0.343,13.12,1,0
2504,36,24.0,90782.0,5328.9,4.5,0.559,2,3,16.0,0,1,0,0.4356,0.075,0.471,0.364,16.13,1,0
2505,26,9.7,72256.0,6949.97,17.5,0.831,0,1,48.0,0,0,0,0.50626,0.078,2.442,2.634,50.27,1,0
2506,37,10.8,100723.0,5446.46,16.5,0.892,0,3,64.0,1,1,0,0.51742,0.078,2.393,2.532,56.37,0,1
2507,34,29.2,47033.0,2653.9,8.3,0.616,0,1,-6.0,0,1,0,0.29577,0.03,1.155,0.785,17.11,0,1
2508,40,36.2,65240.0,10891.62,3.7,0.283,2,3,16.0,0,0,1,0.26077,0.075,0.721,0.678,23.3,0,1
2509,39,35.8,36763.0,4965.29,8.2,0.54,0,3,-13.0,0,1,0,0.3655,0.03,1.73,1.716,36.69,0,1
2510,28,52.5,55705.0,12991.86,11.0,0.703,4,1,0.0,1,1,0,0.45349,0.005,2.18,1.769,43.66,1,0
2511,48,53.5,137772.0,30302.42,7.1,0.698,1,3,57.0,0,0,0,0.35298,0.075,0.867,0.895,30.45,1,0
2512,40,39.9,125104.0,43004.28,9.3,0.738,0,5,62.0,0,1,1,0.2676,0.03,2.593,2.629,61.03,1,0
2513,28,24.6,53494.0,10032.23,22.3,0.754,0,3,67.0,0,1,0,0.43225,0.048,2.911,2.73,55.41,0,1
2514,24,6.7,66409.0,3674.99,13.4,0.935,1,3,25.0,0,1,1,0.51799,0.078,1.321,1.526,36.39,1,0
2515,32,12.7,83075.0,6654.35,20.1,0.869,0,2,35.0,0,0,0,0.50868,0.078,2.158,1.155,29.09,0,1
2516,26,1.0,57642.0,3565.22,3.2,0.68,0,1,29.0,0,1,0,0.27004,0.105,1.495,1.474,37.87,0,1
2517,29,5.2,77261.0,2966.05,19.6,0.989,1,3,55.0,0,1,0,0.4862,0.078,3.226,2.77,66.82,1,0
2518,33,1.0,92607.0,10194.43,17.9,0.898,0,2,39.0,1,1,1,0.45365,0.078,2.2,2.483,61.65,1,0
2519,44,25.8,65629.0,12701.42,10.6,0.621,1,3,-25.0,0,1,0,0.30635,0.03,2.191,1.74,36.21,0,1
2520,24,11.3,109696.0,3392.68,15.6,0.906,1,2,-30.0,0,1,1,0.61913,0.078,2.46,2.361,51.8,1,0
2521,29,17.1,58185.0,9220.35,15.3,0.977,1,2,14.0,1,0,1,0.54476,0.078,1.437,1.949,40.83,0,1
2522,39,45.9,121174.0,4660.02,7.1,0.496,4,2,-14.0,1,1,1,0.44439,0.05,1.128,1.463,31.78,0,1
2523,60,70.1,186377.0,31403.79,8.0,0.79,0,4,28.0,0,0,0,0.31541,0.048,0.478,0.446,16.61,0,1
2524,28,11.5,65402.0,6052.35,8.5,0.444,5,3,-0.0,0,1,0,0.47591,0.035,0.925,0.749,21.94,0,1
2525,29,29.3,54567.0,4888.89,5.0,0.453,1,1,21.0,0,0,0,0.25647,0.075,0.591,0.419,20.45,0,1
2526,49,17.3,80363.0,3294.59,12.2,0.809,2,3,87.0,0,0,0,0.48,0.078,2.461,1.943,45.11,0,1
2527,33,20.8,69351.0,4911.73,4.6,0.435,1,1,-5.0,0,1,1,0.34727,0.075,1.0,1.201,30.98,0,1
2528,22,21.7,79286.0,4415.02,7.9,0.539,1,2,-27.0,0,1,0,0.38791,0.075,0.487,0.624,15.79,0,1
2529,31,24.5,41082.0,2350.67,7.0,0.242,1,1,-8.0,0,1,0,0.28576,0.075,1.884,1.183,31.13,0,1
2530,19,22.7,81026.0,26278.68,9.1,0.571,2,2,24.0,0,1,0,0.40373,0.03,0.37,0.131,12.6,0,1
2531,40,28.8,40658.0,4928.52,15.9,0.432,3,3,-8.0,0,1,1,0.54668,0.005,0.986,1.211,27.37,0,1
2532,44,45.2,68634.0,3201.38,7.4,0.559,5,2,11.0,1,0,0,0.53904,0.05,1.727,1.352,45.43,0,1
2533,32,22.6,106615.0,13955.95,8.8,0.431,1,3,-19.0,0,1,1,0.43061,0.03,1.38,1.331,36.19,0,1
2534,26,3.6,51831.0,1112.89,12.1,0.918,0,3,34.0,0,0,0,0.36127,0.078,0.671,0.866,26.24,1,0
2535,41,21.3,38311.0,7911.31,3.4,0.383,1,1,-23.0,0,0,1,0.29304,0.075,0.329,0.9,24.18,0,1
2536,26,17.4,76423.0,8547.01,13.8,0.672,3,1,-14.0,0,1,1,0.57304,0.035,1.053,0.688,31.03,1,0
2537,26,1.3,85811.0,1186.58,3.5,0.565,1,1,10.0,0,1,0,0.29843,0.105,1.19,0.694,22.54,0,1
2538,47,57.9,150673.0,17274.54,3.9,0.641,0,5,50.0,0,0,0,0.26152,0.075,1.475,1.266,28.91,1,0
2539,24,33.4,45444.0,1555.69,18.4,0.99,2,3,55.0,0,1,0,0.59871,0.048,2.338,2.093,43.21,0,1
2540,47,61.5,87602.0,41042.57,9.1,0.792,0,4,72.0,0,1,0,0.27248,0.048,1.639,1.657,41.49,1,0
2541,40,64.1,141691.0,13507.45,10.2,0.539,0,4,31.0,0,1,0,0.29481,0.03,0.728,0.794,30.8,0,1
2542,51,36.4,100369.0,44349.16,7.2,0.798,3,5,39.0,0,0,1,0.39853,0.068,2.015,2.33,49.1,0,1
2543,48,67.3,143188.0,26248.27,5.3,0.636,1,3,34.0,0,1,0,0.25426,0.075,1.563,1.535,36.09,1,0
2544,33,17.1,80130.0,3303.86,15.5,0.792,0,2,31.0,0,1,1,0.49317,0.078,1.281,1.639,39.05,1,0
2545,39,23.0,63082.0,11139.71,10.5,0.623,5,3,-0.0,0,0,0,0.50934,0.005,1.401,1.386,33.67,0,1
2546,50,64.2,225256.0,47991.23,7.8,0.632,0,3,29.0,0,1,0,0.30279,0.075,0.944,1.033,29.74,1,0
2547,25,24.0,69197.0,6317.88,5.5,0.275,1,1,42.0,0,1,1,0.24399,0.075,0.783,1.047,30.32,0,1
2548,32,3.3,105411.0,2980.59,14.6,0.779,0,2,29.0,0,1,1,0.3841,0.078,2.107,2.321,48.12,0,1
2549,47,66.0,176940.0,31385.93,9.1,0.82,0,5,28.0,0,1,1,0.3485,0.048,2.596,2.718,58.02,1,0
2550,28,30.4,72982.0,2977.59,16.0,0.931,2,2,20.0,1,1,1,0.6133,0.048,1.518,1.811,47.26,0,1
2551,45,28.3,68317.0,8894.06,7.1,0.753,3,1,-2.0,1,1,0,0.46593,0.068,1.335,1.067,30.3,0,1
2552,44,51.6,127345.0,19295.03,8.4,0.594,0,3,9.0,0,1,0,0.28659,0.03,1.95,1.614,42.1,1,0
2553,47,28.9,86536.0,6072.55,8.0,0.502,1,2,-8.0,0,1,1,0.34463,0.03,1.358,1.56,39.91,0,1
2554,45,32.3,49498.0,2284.76,6.2,0.245,2,1,-12.0,0,1,0,0.34396,0.075,1.27,1.206,29.34,0,1
2555,34,1.3,121085.0,5445.35,18.4,0.99,0,3,25.0,0,1,0,0.48564,0.078,2.494,2.074,49.31,0,1
2556,31,37.9,58867.0,8015.38,10.4,0.635,0,3,-23.0,0,1,0,0.45298,0.03,1.954,1.48,36.99,0,1
2557,18,7.9,80531.0,6253.7,11.6,0.855,0,2,58.0,0,1,1,0.31854,0.078,2.09,2.237,51.61,0,1
2558,37,18.9,71442.0,4197.67,13.4,0.813,0,2,42.0,0,1,0,0.31357,0.048,1.113,0.977,26.95,0,1
2559,50,55.2,122185.0,21952.84,6.3,0.764,1,5,32.0,0,1,0,0.30035,0.093,1.077,0.715,25.51,0,1
2560,24,9.2,136629.0,5095.77,13.8,0.88,1,3,55.0,0,1,1,0.33954,0.078,2.53,2.892,69.5,1,0
2561,46,49.3,63951.0,4407.34,7.5,0.572,5,2,-21.0,1,1,1,0.50822,0.05,0.488,0.581,17.44,0,1
2562,32,14.1,66313.0,11581.33,11.5,0.524,1,2,-45.0,0,0,1,0.41016,0.06,0.817,1.0,26.31,0,1
2563,32,27.8,49315.0,2491.94,6.4,0.385,1,2,-11.0,0,1,0,0.32216,0.075,1.244,1.42,30.86,1,0
2564,53,82.8,139538.0,36549.72,6.9,0.701,0,4,29.0,0,1,0,0.23915,0.075,1.079,1.094,30.74,1,0
2565,30,39.2,70057.0,9229.98,10.6,0.434,2,3,-9.0,1,1,0,0.46484,0.03,1.076,1.611,36.41,1,0
2566,48,46.0,102008.0,90625.94,8.9,0.649,0,3,45.0,0,1,0,0.25205,0.03,1.317,1.421,37.1,0,1
2567,37,1.0,67772.0,5766.74,15.9,0.99,0,2,41.0,0,0,1,0.44706,0.078,1.268,1.978,45.78,1,0
2568,30,7.0,89599.0,4719.34,19.1,0.891,0,3,63.0,0,1,0,0.4984,0.078,3.239,3.051,69.21,1,0
2569,47,32.9,95007.0,5100.82,7.2,0.706,1,2,-1.0,0,1,1,0.25336,0.075,0.487,0.934,24.65,0,1
2570,43,24.7,59384.0,5053.91,4.6,0.577,2,1,-17.0,0,1,0,0.39251,0.075,1.447,1.165,24.84,1,0
2571,29,1.0,77220.0,3775.16,13.2,0.99,0,2,-4.0,0,1,1,0.35925,0.078,1.905,2.171,50.24,1,0
2572,22,20.5,65313.0,2967.97,6.3,0.531,4,2,-27.0,1,0,1,0.53179,0.05,0.28,0.601,18.68,1,0
2573,27,12.3,51515.0,2642.71,0.8,0.426,3,3,13.0,0,1,0,0.35996,0.08,0.668,0.654,17.79,0,1
2574,40,19.8,46028.0,3397.64,1.8,0.468,0,1,17.0,0,1,1,0.25363,0.075,0.549,1.083,32.03,0,1
2575,27,54.8,47293.0,4699.3,9.2,0.538,3,2,-10.0,0,1,0,0.38381,0.005,1.081,0.368,12.41,0,1
2576,36,19.8,59561.0,7408.47,8.2,0.535,3,4,-6.0,0,0,1,0.45731,0.005,0.788,1.195,37.39,1,0
2577,40,19.3,91905.0,7636.79,8.3,0.528,2,2,17.0,0,1,1,0.33803,0.03,1.522,1.877,42.59,0,1
2578,45,8.4,52612.0,2892.94,3.7,0.71,1,2,10.0,0,1,0,0.40947,0.105,1.141,0.695,23.35,0,1
2579,25,23.6,69221.0,10040.18,20.8,0.87,0,2,51.0,0,1,0,0.52023,0.048,1.927,1.658,44.8,1,0
2580,30,21.5,53456.0,1279.03,1.4,0.548,2,2,40.0,0,0,0,0.25003,0.075,0.141,0.102,9.51,0,1
2581,29,5.2,106357.0,16878.64,12.6,0.804,1,4,10.0,0,1,1,0.53699,0.078,2.126,2.056,42.5,1,0
2582,37,17.6,45919.0,2936.65,2.2,0.617,1,2,42.0,0,0,0,0.28612,0.105,0.446,0.096,14.63,1,0
2583,28,6.5,81903.0,6561.47,15.8,0.858,1,2,-5.0,0,1,0,0.45862,0.078,1.645,1.573,36.83,1,0
2584,36,19.6,74608.0,4889.9,17.4,0.906,1,1,28.0,1,1,0,0.61925,0.048,1.493,1.782,44.63,0,1
2585,23,48.2,77407.0,1465.45,17.7,0.698,0,2,33.0,1,0,1,0.54114,0.03,2.182,2.64,59.54,0,1
2586,50,68.6,147412.0,16102.27,10.6,0.763,1,4,3.0,0,1,1,0.34814,0.048,2.206,1.858,45.95,0,1
2587,52,60.9,140146.0,22758.91,7.7,0.787,1,3,31.0,0,0,0,0.33603,0.093,2.219,1.591,39.1,0,1
2588,26,8.0,94146.0,8584.82,14.9,0.769,0,1,43.0,0,1,1,0.41281,0.078,1.925,2.422,55.01,0,1
2589,55,45.9,136914.0,13012.72,12.4,0.769,0,3,48.0,0,1,1,0.36493,0.048,1.773,1.956,48.6,1,0
2590,50,70.8,221016.0,18347.74,0.5,0.493,1,4,47.0,1,1,1,0.26841,0.075,1.134,1.38,32.08,0,1
2591,41,30.2,59713.0,3339.31,4.7,0.5,1,2,13.0,0,1,1,0.34421,0.075,1.701,1.246,33.67,0,1
2592,36,16.4,37248.0,4079.48,5.7,0.398,0,1,31.0,0,1,0,0.19291,0.105,1.169,1.159,31.36,1,0
2593,41,45.6,85542.0,10667.59,14.1,0.737,3,3,4.0,0,1,1,0.47663,0.005,2.346,2.819,59.28,0,1
2594,25,16.3,84487.0,2373.76,11.5,0.927,0,1,38.0,0,1,0,0.44042,0.078,2.101,1.846,46.13,0,1
2595,25,25.3,76671.0,1592.62,14.9,0.99,0,2,46.0,0,1,0,0.38417,0.048,2.344,2.872,63.68,1,0
2596,44,25.6,55007.0,4258.86,0.8,0.566,0,1,-2.0,0,1,0,0.26379,0.075,0.118,0.114,11.05,1,0
2597,33,13.9,42939.0,11422.76,11.1,0.868,0,4,21.0,0,1,0,0.34611,0.078,0.859,0.936,22.16,0,1
2598,42,50.5,81582.0,25566.68,7.4,0.637,0,4,42.0,0,1,0,0.29715,0.075,0.94,0.647,20.94,1,0
2599,36,20.3,92053.0,1425.56,6.7,0.308,1,2,-18.0,0,0,0,0.33035,0.075,0.944,0.673,23.56,0,1
2600,18,32.1,50373.0,2268.66,7.8,0.397,1,2,6.0,0,1,1,0.35015,0.075,1.404,1.488,38.86,0,1
2601,45,55.9,179105.0,41341.9,6.6,0.852,1,6,-10.0,0,1,1,0.37205,0.093,1.93,1.874,49.82,1,0
2602,45,36.3,46705.0,6875.05,10.8,0.673,3,2,-7.0,0,0,1,0.39992,0.005,2.166,2.071,52.03,0,1
2603,48,49.0,104022.0,79870.92,7.5,0.525,1,3,20.0,0,1,0,0.40984,0.075,1.427,0.808,19.05,0,1
2604,36,31.4,70865.0,5473.09,6.0,0.609,1,3,21.0,0,0,0,0.25826,0.075,1.176,0.839,27.1,0,1
2605,18,19.8,73926.0,5072.82,19.1,0.943,0,1,40.0,0,1,1,0.61295,0.048,2.381,2.608,66.63,1,0
2606,26,1.6,87874.0,1263.35,15.5,0.99,1,3,42.0,1,1,0,0.43756,0.078,3.003,2.542,56.81,1,0
2607,40,28.3,71735.0,5101.17,11.9,0.644,0,2,-7.0,0,1,1,0.38143,0.03,1.756,2.186,50.18,0,1
2608,32,27.2,71856.0,3151.45,12.7,0.946,1,3,32.0,1,1,0,0.41484,0.048,1.914,1.41,35.33,1,0
2609,45,15.9,59923.0,4924.1,10.8,0.37,2,1,-19.0,0,0,0,0.51676,0.06,1.749,1.055,30.19,1,0
2610,48,49.1,99970.0,36225.73,10.8,0.762,0,6,23.0,0,0,1,0.28553,0.048,1.896,2.424,54.41,0,1
2611,34,21.2,86165.0,3441.99,7.0,0.182,0,1,8.0,0,1,0,0.21937,0.075,1.719,1.051,27.21,0,1
2612,26,47.6,90081.0,1010.52,1.3,0.542,1,1,-1.0,0,1,0,0.26161,0.075,0.857,0.779,19.26,0,1
2613,48,53.9,104251.0,53985.99,7.4,0.651,0,5,43.0,0,1,1,0.33009,0.075,1.791,2.101,45.59,1,0
2614,26,27.9,43791.0,3031.61,5.3,0.522,1,1,-24.0,0,1,0,0.39975,0.075,0.866,0.626,15.56,0,1
2615,18,19.1,69188.0,5677.69,17.2,0.917,1,3,16.0,0,1,1,0.50034,0.048,1.497,1.599,40.63,0,1
2616,41,54.9,151286.0,51928.77,8.3,0.755,0,3,70.0,0,0,0,0.25216,0.048,1.476,1.058,31.13,1,0
2617,40,17.9,72359.0,2733.4,19.9,0.902,0,2,36.0,0,1,1,0.51684,0.078,2.448,3.141,63.17,1,0
2618,33,16.6,67519.0,6799.85,1.0,0.461,0,1,-9.0,0,1,0,0.25031,0.105,1.246,0.594,19.87,0,1
2619,37,17.7,58221.0,2735.86,3.9,0.475,1,1,10.0,0,1,1,0.30465,0.105,0.508,0.781,22.2,0,1
2620,31,2.1,57202.0,8018.63,0.0,0.637,2,1,25.0,0,0,0,0.31223,0.105,1.77,1.073,23.3,0,1
2621,22,21.7,113190.0,1677.92,6.2,0.496,1,2,22.0,0,1,1,0.34445,0.075,0.611,0.683,20.68,0,1
2622,42,32.8,51200.0,7640.57,6.0,0.285,0,1,-4.0,0,0,1,0.28181,0.075,1.116,1.128,31.81,1,0
2623,18,16.7,118335.0,2500.49,25.0,0.838,0,2,34.0,0,1,1,0.62674,0.078,2.561,2.733,64.41,1,0
2624,31,35.1,87199.0,15726.07,7.3,0.496,3,2,4.0,0,0,1,0.36658,0.05,0.775,1.233,34.87,1,0
2625,38,38.0,82498.0,4309.19,9.9,0.729,3,3,-2.0,0,1,0,0.43111,0.005,0.515,0.637,23.09,0,1
2626,51,61.3,82039.0,63593.88,8.7,0.561,0,3,35.0,0,1,1,0.26134,0.03,0.702,0.999,23.11,0,1
2627,33,23.5,72606.0,6321.05,8.1,0.836,2,3,-25.0,0,1,1,0.44655,0.048,0.852,1.416,36.06,1,0
2628,36,56.2,120095.0,50932.46,8.4,0.659,0,3,24.0,0,1,0,0.32674,0.03,2.003,1.773,42.25,1,0
2629,23,1.0,76413.0,4383.01,16.7,0.946,0,2,39.0,0,1,0,0.41583,0.078,2.41,1.967,46.62,0,1
2630,24,12.8,57039.0,2213.95,10.7,0.762,0,3,72.0,0,1,1,0.399,0.078,1.379,1.487,39.86,1,0
2631,24,17.8,93216.0,730.62,16.5,0.99,0,1,41.0,0,1,1,0.43884,0.078,2.42,2.927,60.76,1,0
2632,56,82.6,180044.0,163312.42,8.3,0.591,1,3,97.0,0,0,0,0.28397,0.03,1.927,1.37,32.64,1,0
2633,27,28.3,80919.0,3145.83,9.2,0.348,2,1,5.0,0,0,0,0.50743,0.03,1.531,1.204,34.61,1,0
2634,40,20.6,64941.0,1180.75,8.6,0.555,2,3,-40.0,0,0,1,0.49618,0.03,0.976,0.721,21.69,1,0
2635,39,13.7,54088.0,9738.99,6.9,0.742,3,3,-1.0,0,0,1,0.49446,0.08,0.399,0.397,17.12,0,1
2636,56,59.5,151746.0,50097.31,8.7,0.691,1,3,54.0,0,1,0,0.35543,0.03,2.095,2.187,52.05,1,0
2637,48,71.7,221715.0,20104.29,8.2,0.542,0,5,43.0,0,1,0,0.23159,0.03,1.387,1.264,32.78,1,0
2638,35,13.4,77437.0,2839.55,15.6,0.842,0,3,48.0,0,1,0,0.43566,0.078,2.494,2.273,54.67,1,0
2639,34,28.5,66664.0,2961.56,1.0,0.585,2,1,3.0,0,1,1,0.28058,0.075,0.317,1.128,25.93,0,1
2640,32,13.8,71329.0,9833.19,15.6,0.874,1,1,39.0,0,1,0,0.43967,0.078,2.154,2.116,47.33,0,1
2641,27,39.6,62849.0,8537.05,7.4,0.652,1,2,-52.0,0,1,1,0.40372,0.075,0.148,0.563,21.07,1,0
2642,18,2.8,70476.0,7765.64,3.9,0.519,0,2,26.0,0,1,0,0.28132,0.105,0.536,0.45,27.83,0,1
2643,41,50.3,69967.0,16688.74,11.0,0.214,1,3,-15.0,0,0,0,0.34979,0.03,1.909,1.735,40.89,1,0
2644,38,8.7,65791.0,2585.46,2.7,0.569,0,1,32.0,0,1,1,0.26679,0.105,1.7,1.575,44.91,0,1
2645,32,25.5,87161.0,1621.31,15.4,0.806,0,1,34.0,0,1,1,0.39624,0.048,2.612,3.049,65.02,1,0
2646,31,18.7,64804.0,2589.01,6.0,0.39,3,2,9.0,0,1,1,0.43399,0.05,1.095,1.35,32.66,0,1
2647,45,20.6,68591.0,4224.18,3.8,0.599,1,1,34.0,0,0,1,0.2669,0.075,1.486,1.251,32.39,0,1
2648,32,19.1,46863.0,3119.1,11.5,0.589,1,1,35.0,0,1,1,0.39266,0.03,1.884,2.394,53.22,1,0
2649,41,34.1,56254.0,12083.22,9.7,0.644,2,2,8.0,0,1,1,0.47066,0.03,1.65,2.207,52.35,0,1
2650,39,27.5,58325.0,5258.44,1.1,0.51,0,1,-26.0,1,1,0,0.33858,0.075,0.91,0.796,23.95,0,1
2651,47,34.7,58705.0,4236.22,2.2,0.538,2,1,-14.0,0,0,1,0.32326,0.075,0.92,1.306,30.96,1,0
2652,47,78.9,119848.0,26756.36,5.5,0.797,3,3,47.0,0,1,0,0.25221,0.068,1.657,1.546,38.87,1,0
2653,30,26.0,62967.0,4206.1,2.3,0.601,2,1,-3.0,1,1,0,0.36802,0.075,0.575,0.125,14.61,1,0
2654,25,42.6,75396.0,12828.6,5.9,0.442,0,1,11.0,0,0,0,0.3583,0.075,0.378,0.486,18.07,0,1
2655,60,63.1,190163.0,12149.82,5.0,0.559,0,4,38.0,0,0,0,0.21774,0.075,0.431,0.33,17.79,0,1
2656,38,34.9,86388.0,4117.92,3.6,0.402,0,1,15.0,0,0,0,0.23777,0.075,0.467,0.134,7.12,1,0
2657,52,67.1,96762.0,105271.01,11.1,0.654,1,4,14.0,0,0,0,0.35369,0.03,1.397,1.255,32.99,1,0
2658,60,24.4,52597.0,3728.32,7.6,0.584,2,2,11.0,0,1,0,0.40666,0.075,1.863,1.595,40.92,0,1
2659,31,18.2,70283.0,8626.1,17.8,0.789,0,2,34.0,0,1,0,0.4118,0.048,2.984,3.055,65.76,1,0
2660,20,22.0,77665.0,9408.78,11.5,0.948,1,1,55.0,0,1,0,0.44994,0.048,1.931,1.706,42.09,1,0
2661,34,21.6,55322.0,1148.74,3.5,0.258,0,2,6.0,0,0,0,0.25646,0.075,0.842,0.191,11.5,0,1
2662,42,67.0,118871.0,50844.45,5.6,0.649,0,6,70.0,0,1,0,0.16077,0.075,1.463,1.216,37.22,0,1
2663,46,72.4,127111.0,26826.24,8.8,0.656,0,5,62.0,0,0,0,0.15866,0.03,1.459,1.486,33.88,1,0
2664,26,15.7,86594.0,4326.62,13.2,0.913,0,3,85.0,0,1,1,0.34196,0.078,2.69,3.271,72.73,1,0
2665,45,26.7,96376.0,25907.06,13.6,0.734,0,3,65.0,0,1,0,0.29491,0.03,1.784,1.748,39.18,1,0
2666,25,42.1,111079.0,7041.77,0.1,0.509,0,1,7.0,0,0,0,0.22851,0.075,0.294,0.137,9.17,0,1
2667,46,18.4,59335.0,2789.14,7.6,0.674,0,1,-0.0,0,1,0,0.32007,0.075,1.86,1.149,35.77,0,1
2668,31,6.1,100934.0,3329.84,18.4,0.843,1,3,22.0,0,1,0,0.55351,0.078,2.361,2.153,47.3,1,0
2669,36,17.5,61563.0,5985.25,9.8,0.621,0,3,-3.0,0,0,1,0.38449,0.06,0.907,1.711,40.96,1,0
2670,54,58.0,161149.0,25638.43,8.1,0.664,0,4,34.0,0,0,1,0.23323,0.03,1.406,1.332,30.33,0,1
2671,41,24.2,73972.0,3965.94,14.0,0.609,1,1,-9.0,0,1,0,0.42399,0.03,2.674,2.085,53.78,0,1
2672,51,53.2,173919.0,23543.48,14.7,0.501,0,3,18.0,0,1,0,0.31537,0.03,1.241,1.543,34.67,1,0
2673,54,53.8,130793.0,34543.56,7.4,0.51,0,5,41.0,0,1,1,0.29082,0.075,0.648,0.759,19.37,0,1
2674,50,68.4,209804.0,41620.13,8.4,0.641,1,4,27.0,0,1,0,0.29455,0.03,1.393,0.823,25.75,1,0
2675,43,55.4,48125.0,17497.66,7.5,0.417,4,2,-17.0,0,0,1,0.49114,0.05,0.513,0.887,26.71,0,1
2676,54,71.8,178321.0,37426.24,4.8,0.603,0,5,37.0,0,1,1,0.27662,0.075,0.723,0.834,22.66,1,0
2677,50,75.5,142495.0,23507.76,9.3,0.569,0,5,33.0,0,1,1,0.25392,0.03,1.266,1.709,45.75,1,0
2678,33,17.5,44817.0,1554.94,5.2,0.397,0,1,-17.0,0,1,1,0.26541,0.105,1.681,2.126,50.95,1,0
2679,46,23.3,99943.0,3632.89,0.2,0.555,1,2,-5.0,0,1,0,0.24054,0.075,0.434,0.153,13.92,0,1
2680,46,67.1,227330.0,29649.49,9.2,0.521,2,5,44.0,1,1,0,0.40585,0.03,0.81,0.71,26.14,0,1
2681,38,14.1,33703.0,2840.01,5.3,0.526,2,3,9.0,0,1,0,0.35801,0.105,1.626,1.012,26.99,0,1
2682,38,16.9,61884.0,3558.21,2.9,0.367,1,1,-27.0,0,1,0,0.2724,0.105,0.408,0.502,16.89,0,1
2683,25,26.3,91952.0,6307.13,14.2,0.851,0,2,57.0,0,1,1,0.43044,0.048,1.778,2.101,46.35,1,0
2684,32,44.1,81120.0,9533.1,10.1,0.641,1,3,-9.0,0,0,1,0.42535,0.03,1.44,2.159,50.53,0,1
2685,27,16.8,114426.0,4027.88,20.3,0.87,0,2,24.0,0,1,0,0.44842,0.078,1.921,1.841,43.34,1,0
2686,32,7.7,83982.0,1781.96,5.6,0.332,1,1,-3.0,0,0,1,0.33942,0.105,0.445,0.478,18.54,0,1
2687,19,12.5,81641.0,3021.54,18.1,0.859,2,1,47.0,0,1,1,0.5685,0.078,2.532,3.125,70.96,1,0
2688,33,13.7,133151.0,13885.02,6.8,0.395,2,2,-50.0,0,1,1,0.50499,0.105,0.633,0.902,21.08,0,1
2689,31,16.9,97874.0,3416.94,14.9,0.942,0,2,52.0,1,0,0,0.4647,0.078,1.799,1.62,41.17,0,1
2690,58,65.1,125508.0,13340.55,9.6,0.299,0,3,53.0,0,1,1,0.23014,0.03,0.566,0.74,22.91,1,0
2691,39,18.8,50826.0,6374.69,0.8,0.528,0,2,27.0,0,1,0,0.25983,0.075,0.336,0.417,19.11,0,1
2692,31,64.9,193051.0,17343.02,8.6,0.708,1,5,56.0,0,1,0,0.35648,0.03,1.222,1.438,35.85,0,1
2693,39,27.0,47629.0,3069.53,5.8,0.606,1,1,-5.0,0,0,0,0.35942,0.075,0.335,0.088,9.5,1,0
2694,31,25.1,52821.0,4128.31,4.4,0.67,1,1,30.0,0,1,0,0.31815,0.075,1.589,1.519,34.98,0,1
2695,38,7.6,55304.0,3006.28,5.4,0.533,1,1,15.0,0,1,1,0.30474,0.105,1.031,1.492,37.63,0,1
2696,29,13.0,83660.0,898.78,16.2,0.831,0,2,28.0,0,1,0,0.42746,0.078,1.67,1.661,32.85,0,1
2697,34,26.9,55997.0,3866.81,2.8,0.669,1,2,19.0,1,0,0,0.33721,0.075,1.496,1.363,40.48,0,1
2698,28,34.9,53258.0,10657.66,12.8,0.769,1,2,52.0,0,1,0,0.42404,0.048,1.788,1.519,35.46,0,1
2699,49,58.7,188862.0,53355.76,7.8,0.431,1,3,63.0,0,1,1,0.27582,0.075,1.559,2.299,51.04,0,1
2700,44,28.6,52897.0,754.29,8.0,0.634,1,2,33.0,0,1,0,0.30314,0.03,1.719,1.231,29.58,0,1
2701,38,41.5,124219.0,31885.47,11.8,0.656,2,3,-21.0,0,1,0,0.49836,0.03,2.11,1.824,43.38,0,1
2702,46,28.6,78159.0,3379.2,8.1,0.384,2,2,-2.0,0,0,0,0.35997,0.03,1.378,0.752,25.49,0,1
2703,56,75.8,194299.0,15875.28,7.0,0.491,0,3,40.0,0,1,1,0.21955,0.075,2.08,2.146,56.55,1,0
2704,40,36.4,69956.0,4986.99,3.3,0.491,3,2,15.0,0,1,0,0.3809,0.05,0.544,0.294,14.95,0,1
2705,25,47.6,102692.0,10738.0,7.8,0.494,4,2,-14.0,0,0,0,0.49348,0.05,0.464,0.162,11.6,0,1
2706,57,67.5,160974.0,33715.37,8.8,0.56,1,4,67.0,0,0,0,0.28473,0.03,1.541,1.16,26.35,1,0
2707,32,50.3,62868.0,2071.97,7.4,0.646,0,2,-2.0,0,0,1,0.3922,0.075,1.856,1.656,36.85,1,0
2708,34,8.6,102095.0,10688.14,22.1,0.99,1,4,76.0,0,1,1,0.4422,0.078,2.923,3.221,66.64,0,1
2709,22,41.5,148702.0,4386.43,13.8,0.916,0,2,17.0,0,1,0,0.45431,0.048,2.179,2.02,40.78,1,0
2710,30,40.2,66942.0,2891.17,10.8,0.573,0,4,-15.0,0,0,0,0.30027,0.03,0.886,0.453,22.22,0,1
2711,49,38.1,73125.0,6683.27,6.0,0.529,1,2,25.0,0,1,0,0.29632,0.075,0.546,0.416,17.54,1,0
2712,22,12.2,75892.0,5189.37,15.1,0.838,0,2,24.0,0,1,0,0.43818,0.078,1.887,1.443,33.26,1,0
2713,37,26.1,87127.0,9289.01,13.2,0.655,0,1,30.0,0,0,0,0.36436,0.03,1.419,1.335,33.55,1,0
2714,30,33.1,76870.0,6528.87,16.7,0.596,3,1,54.0,0,1,1,0.4397,0.005,1.2,1.319,36.14,1,0
2715,32,9.0,32949.0,14198.94,10.2,0.422,1,2,-23.0,0,0,1,0.33256,0.06,1.032,1.34,37.99,0,1
2716,29,14.0,72001.0,3678.84,16.7,0.99,0,2,65.0,0,0,0,0.34087,0.078,1.73,1.016,25.61,1,0
2717,40,36.3,180753.0,32336.5,5.9,0.642,0,3,62.0,0,1,0,0.24509,0.075,1.624,0.685,24.55,1,0
2718,35,19.9,47987.0,4789.86,4.1,0.519,1,2,39.0,0,0,1,0.29145,0.075,0.433,0.995,31.54,0,1
2719,21,6.2,97455.0,3693.64,12.9,0.99,0,3,50.0,0,1,1,0.44914,0.078,0.953,1.786,39.55,0,1
2720,35,28.4,75659.0,13479.31,9.0,0.742,1,1,-16.0,0,0,1,0.4655,0.03,0.207,0.638,21.19,0,1
2721,55,97.1,131046.0,4711.08,9.8,0.66,1,5,27.0,0,1,0,0.3295,0.03,0.884,0.7,21.16,1,0
2722,37,42.6,75347.0,2861.38,2.6,0.46,1,3,15.0,0,1,0,0.30165,0.075,1.5,1.282,32.65,1,0
2723,39,44.7,165858.0,29927.89,0.0,0.636,0,3,36.0,0,1,1,0.17525,0.075,1.045,0.864,26.38,1,0
2724,55,68.7,154594.0,29231.47,8.7,0.612,1,4,27.0,0,0,0,0.3559,0.03,1.303,1.15,29.7,1,0
2725,29,25.6,99986.0,2544.86,14.6,0.727,0,2,74.0,0,1,1,0.37728,0.03,1.899,2.373,54.63,1,0
2726,31,17.9,62326.0,5406.45,2.5,0.559,1,2,5.0,0,1,0,0.24385,0.105,1.133,1.275,30.9,0,1
2727,40,24.1,37844.0,2161.33,2.4,0.388,0,1,37.0,0,1,0,0.26552,0.075,1.639,0.692,25.46,0,1
2728,28,19.3,68624.0,5125.64,17.1,0.851,2,2,46.0,0,1,0,0.46728,0.048,2.064,1.971,45.06,1,0
2729,41,45.8,84780.0,31236.26,6.9,0.58,2,4,35.0,0,0,1,0.28372,0.075,1.375,1.108,26.02,0,1
2730,48,9.6,70459.0,4153.08,7.0,0.283,2,3,20.0,0,0,0,0.42737,0.105,0.911,0.695,20.31,0,1
2731,29,18.1,96806.0,11406.71,18.6,0.891,0,2,54.0,0,1,0,0.468,0.048,1.941,1.426,40.54,0,1
2732,28,17.2,98002.0,5108.44,15.3,0.957,1,2,41.0,0,1,0,0.41898,0.078,1.582,1.413,33.95,1,0
2733,35,22.5,82164.0,13823.22,7.6,0.512,2,2,3.0,0,0,0,0.35606,0.075,1.497,0.987,29.09,1,0
2734,57,52.5,179216.0,35159.73,8.3,0.754,1,5,47.0,0,1,0,0.3705,0.048,1.3,1.353,37.11,1,0
2735,25,14.9,49653.0,3238.7,15.6,0.859,0,1,75.0,0,1,0,0.33825,0.078,1.59,1.411,32.41,1,0
2736,38,72.6,134050.0,29187.0,3.3,0.471,0,4,35.0,0,1,0,0.19362,0.075,1.485,1.477,32.08,0,1
2737,24,15.1,51868.0,3742.58,21.2,0.99,1,1,29.0,0,1,0,0.55915,0.078,2.264,2.38,47.88,0,1
2738,47,50.5,65360.0,11573.83,10.9,0.612,3,2,-21.0,0,1,1,0.61104,0.005,1.184,1.397,39.58,1,0
2739,44,22.7,111392.0,8574.27,7.7,0.685,2,1,37.0,0,1,0,0.30798,0.075,1.239,0.803,27.33,0,1
2740,36,33.3,96722.0,4773.93,3.8,0.688,3,2,-44.0,0,1,0,0.3536,0.05,1.318,1.104,35.57,0,1
2741,39,11.7,90881.0,3895.42,15.5,0.796,0,3,21.0,0,1,1,0.40895,0.078,1.486,1.576,40.36,1,0
2742,40,29.1,56177.0,1112.67,2.9,0.373,2,1,10.0,0,1,0,0.27126,0.075,1.168,0.672,19.4,0,1
2743,27,6.6,58117.0,3991.17,15.8,0.99,0,3,32.0,0,1,0,0.46969,0.078,2.042,1.551,40.74,1,0
2744,34,45.1,62056.0,3002.55,0.0,0.632,0,1,26.0,1,1,0,0.2347,0.075,0.934,0.551,22.45,0,1
2745,51,41.7,186259.0,103671.5,6.7,0.647,0,3,48.0,0,0,0,0.30402,0.075,1.595,1.485,39.18,1,0
2746,29,42.6,65904.0,7207.38,3.4,0.361,0,2,-0.0,0,1,0,0.2382,0.075,0.998,0.737,23.24,1,0
2747,29,17.1,49531.0,2297.75,15.5,0.99,1,3,73.0,0,0,0,0.40312,0.078,2.517,2.575,56.06,0,1
2748,31,22.6,78177.0,5130.63,15.4,0.831,0,3,23.0,0,1,0,0.41531,0.048,2.608,2.249,49.34,1,0
2749,37,78.0,82323.0,36902.81,8.1,0.676,0,4,20.0,0,1,1,0.2553,0.03,1.479,1.39,37.67,1,0
2750,28,26.3,94430.0,3874.02,20.1,0.853,0,2,74.0,0,0,0,0.50319,0.048,2.756,2.393,48.58,1,0
2751,27,7.2,63031.0,4037.92,14.6,0.93,1,3,19.0,0,1,1,0.5422,0.078,1.971,2.356,56.42,0,1
2752,42,29.2,42406.0,2383.44,2.0,0.326,1,3,17.0,0,1,0,0.27941,0.075,1.455,1.188,34.35,0,1
2753,22,44.4,73580.0,10133.76,0.0,0.389,3,1,40.0,0,1,0,0.2379,0.05,0.131,0.194,10.16,1,0
2754,26,5.4,88391.0,3433.42,14.6,0.831,0,3,-5.0,0,1,1,0.48088,0.078,2.626,2.563,57.32,1,0
2755,32,47.4,62821.0,3744.25,0.7,0.503,2,1,4.0,0,1,0,0.23051,0.075,0.081,0.029,6.47,0,1
2756,42,26.6,106623.0,579.69,7.1,0.448,3,1,28.0,0,0,1,0.41571,0.05,1.404,1.327,28.79,1,0
2757,35,16.8,70034.0,5123.98,4.2,0.527,2,3,5.0,0,0,0,0.41434,0.105,1.101,0.937,19.59,0,1
2758,51,20.3,60493.0,17274.08,11.5,0.499,2,3,-7.0,0,1,0,0.33193,0.03,1.033,0.979,31.68,1,0
2759,43,28.3,82835.0,4037.49,13.0,0.567,2,3,-4.0,0,1,1,0.45142,0.03,1.722,2.504,62.63,0,1
2760,35,7.5,66648.0,5735.73,6.7,0.659,5,3,-2.0,1,1,0,0.58424,0.08,0.198,0.412,16.66,0,1
2761,40,26.0,101361.0,10728.66,8.1,0.684,0,2,-23.0,0,1,0,0.40253,0.03,0.842,0.701,19.86,0,1
2762,33,18.8,63650.0,3038.19,8.1,0.271,0,1,25.0,0,1,0,0.25054,0.03,0.892,0.414,19.9,0,1
2763,35,3.1,84210.0,6093.47,16.5,0.935,0,2,49.0,0,1,1,0.42576,0.078,1.425,2.048,42.51,0,1
2764,40,71.0,93486.0,26549.99,9.4,0.551,0,4,12.0,0,1,0,0.28535,0.03,2.238,1.443,38.28,0,1
2765,23,13.4,77269.0,15107.63,18.8,0.99,0,2,35.0,1,0,0,0.58239,0.078,3.182,2.764,60.53,0,1
2766,38,14.4,58110.0,1941.15,6.9,0.635,2,1,-17.0,0,0,0,0.43054,0.105,0.731,0.671,17.6,0,1
2767,58,58.1,104660.0,184059.57,9.1,0.353,1,6,38.0,0,1,1,0.31961,0.03,1.403,1.364,36.9,0,1
2768,23,35.3,67820.0,17933.89,12.8,0.518,3,2,1.0,0,1,0,0.51159,0.005,2.649,2.566,54.29,1,0
2769,45,22.9,66366.0,5152.53,4.3,0.459,1,2,14.0,0,1,0,0.27257,0.075,0.744,0.71,22.72,0,1
2770,34,13.6,58931.0,1525.47,5.9,0.43,0,3,20.0,0,1,0,0.28213,0.105,0.759,0.557,18.65,0,1
2771,18,17.5,51908.0,8128.46,15.5,0.99,0,2,47.0,0,1,0,0.4682,0.078,2.604,2.512,57.83,0,1
2772,18,21.4,54804.0,4442.3,7.3,0.439,0,1,24.0,0,1,0,0.25143,0.075,0.518,0.733,21.06,0,1
2773,24,8.3,51996.0,756.44,2.6,0.372,2,2,8.0,0,0,0,0.28935,0.105,0.162,0.116,8.2,0,1
2774,29,12.5,80076.0,1805.95,11.5,0.788,1,1,57.0,1,1,0,0.37375,0.078,1.87,1.927,50.49,1,0
2775,35,29.0,60378.0,3785.09,6.3,0.299,1,1,-14.0,0,1,0,0.3698,0.075,1.364,1.566,42.41,0,1
2776,53,68.9,123485.0,29344.09,5.2,0.558,0,6,7.0,0,0,0,0.34221,0.075,1.529,0.859,24.94,1,0
2777,34,28.2,63751.0,5718.64,6.0,0.528,3,4,-6.0,0,0,0,0.37106,0.05,0.745,0.622,17.86,0,1
2778,41,70.1,140528.0,64525.01,11.4,0.682,1,5,47.0,1,1,0,0.40428,0.03,2.117,1.955,44.81,0,1
2779,26,4.2,98567.0,2533.55,18.6,0.883,1,3,39.0,0,1,0,0.59258,0.078,1.854,1.361,35.21,0,1
2780,29,4.6,81938.0,3347.36,15.1,0.828,0,3,56.0,0,1,0,0.35772,0.078,2.604,2.447,53.77,1,0
2781,31,13.0,111605.0,2955.03,7.8,0.789,0,2,50.0,0,1,0,0.34065,0.123,2.202,2.005,44.03,1,0
2782,23,34.0,103203.0,6269.44,17.4,0.823,0,4,5.0,0,1,0,0.52683,0.048,1.378,1.392,30.56,0,1
2783,44,33.0,107853.0,2616.39,10.8,0.528,2,2,36.0,0,1,1,0.37125,0.03,1.08,0.709,19.51,1,0
2784,45,58.7,199693.0,23155.89,9.4,0.558,0,5,10.0,0,0,0,0.28986,0.03,0.654,0.615,16.44,0,1
2785,23,34.5,115900.0,1468.56,17.3,0.974,0,2,26.0,0,0,1,0.53171,0.048,1.492,1.851,43.01,1,0
2786,34,27.6,52737.0,6527.82,8.5,0.74,2,2,14.0,0,0,1,0.38959,0.03,0.916,0.754,25.76,1,0
2787,46,57.8,85753.0,12799.72,7.9,0.461,4,3,-8.0,0,0,0,0.39465,0.05,1.277,1.463,34.07,0,1
2788,37,24.9,100044.0,12949.07,6.0,0.713,2,4,-23.0,0,1,1,0.40281,0.075,0.34,0.402,23.55,0,1
2789,30,9.9,86080.0,1869.5,2.6,0.506,0,3,1.0,0,1,0,0.36095,0.105,0.789,0.305,10.07,0,1
2790,55,60.0,112074.0,45258.71,8.9,0.66,0,4,17.0,0,0,0,0.33224,0.03,1.33,1.161,29.36,1,0
2791,50,19.0,70459.0,2659.81,5.4,0.598,1,2,-5.0,0,1,0,0.372,0.075,0.706,0.412,18.4,0,1
2792,30,6.3,77559.0,10900.22,18.1,0.881,1,3,59.0,0,0,1,0.52814,0.078,2.114,2.608,64.13,1,0
2793,44,53.2,97149.0,2756.98,0.7,0.474,2,3,1.0,0,1,0,0.22689,0.075,0.871,0.996,23.87,0,1
2794,42,25.8,40568.0,434.37,0.0,0.444,0,1,-10.0,0,1,0,0.25866,0.075,2.002,2.357,47.93,0,1
2795,31,27.6,47934.0,5366.39,3.5,0.435,1,1,-4.0,1,0,1,0.32095,0.075,0.887,1.371,33.68,0,1
2796,38,25.5,44159.0,5935.95,6.2,0.64,2,2,-11.0,0,1,0,0.38494,0.075,0.389,0.119,7.94,0,1
2797,29,24.1,74867.0,6694.0,9.5,0.595,3,2,-22.0,0,1,0,0.46618,0.005,1.595,1.344,37.4,0,1
2798,48,74.3,254294.0,39808.73,4.5,0.691,0,3,28.0,0,1,0,0.27419,0.075,1.179,0.814,28.35,0,1
2799,34,10.9,71143.0,3168.89,12.2,0.516,4,1,-1.0,0,0,0,0.63745,0.035,1.288,1.114,31.44,0,1
2800,32,8.3,60632.0,3149.16,2.3,0.36,0,1,1.0,0,1,0,0.22127,0.105,0.861,0.466,15.95,1,0
2801,30,19.0,68450.0,4246.25,8.8,0.356,2,1,-6.0,0,1,1,0.44828,0.03,1.852,1.367,32.47,0,1
2802,47,78.2,133734.0,40543.59,9.4,0.6,1,5,21.0,0,0,1,0.29855,0.03,1.638,1.596,38.6,1,0
2803,33,11.5,83895.0,3048.87,13.2,0.99,0,2,70.0,0,1,1,0.44307,0.078,1.853,2.332,55.79,1,0
2804,37,36.0,80043.0,15244.17,14.7,0.539,3,2,33.0,0,1,0,0.49275,0.005,1.822,1.0,22.72,0,1
2805,18,16.3,60487.0,2353.03,16.7,0.972,0,3,45.0,0,1,1,0.42498,0.078,2.41,2.653,60.75,1,0
2806,24,31.6,74094.0,2996.63,16.4,0.929,0,2,58.0,0,1,0,0.38518,0.048,2.198,1.974,47.14,1,0
2807,38,43.0,168608.0,29292.6,7.8,0.591,1,5,16.0,1,1,0,0.37011,0.075,1.76,1.401,30.26,0,1
2808,37,30.8,75812.0,3635.21,5.8,0.574,0,2,-1.0,0,0,0,0.31543,0.075,1.883,1.627,40.99,1,0
2809,33,13.6,107913.0,3644.15,17.4,0.981,1,1,53.0,0,1,1,0.53212,0.078,3.131,3.223,73.24,1,0
2810,31,27.1,83204.0,10000.74,13.7,0.9,1,2,-1.0,0,0,0,0.63705,0.048,1.756,1.564,34.02,0,1
2811,23,6.2,83663.0,5452.17,15.4,0.891,0,3,59.0,0,0,0,0.46102,0.078,1.618,1.862,43.64,1,0
2812,37,22.3,72247.0,3151.22,4.8,0.44,1,1,-1.0,0,1,0,0.25665,0.075,0.972,0.843,20.33,1,0
2813,35,29.8,61318.0,9473.8,10.6,0.422,1,2,-28.0,0,1,0,0.45899,0.03,0.735,0.541,19.7,0,1
2814,21,4.0,64012.0,7246.12,17.6,0.809,0,1,51.0,0,1,0,0.48928,0.078,2.557,2.545,49.16,1,0
2815,34,1.0,73482.0,5262.37,16.4,0.951,0,1,71.0,0,1,0,0.43972,0.078,1.856,1.906,40.24,1,0
2816,44,24.0,51030.0,2467.62,7.5,0.416,1,4,-14.0,0,1,1,0.29671,0.075,1.944,1.744,47.82,0,1
2817,36,17.6,84826.0,9136.32,14.4,0.818,0,2,50.0,0,1,0,0.38834,0.078,1.467,1.049,30.81,0,1
2818,34,21.9,95576.0,8647.16,5.8,0.547,2,2,1.0,0,1,1,0.4372,0.075,1.187,1.471,37.83,0,1
2819,57,58.0,113925.0,49943.39,9.6,0.959,0,4,39.0,0,1,1,0.35323,0.048,2.455,2.69,56.73,1,0
2820,32,1.0,66356.0,2304.24,2.8,0.504,2,3,-9.0,1,1,0,0.49327,0.105,0.203,0.383,18.7,0,1
2821,34,11.6,64127.0,1372.61,15.5,0.99,0,2,48.0,0,1,1,0.52144,0.078,1.648,2.117,48.38,1,0
2822,34,43.3,54718.0,1818.75,9.6,0.501,1,3,-5.0,1,1,0,0.41887,0.03,1.678,0.97,32.95,1,0
2823,27,24.5,132388.0,2435.71,16.0,0.94,1,3,-8.0,0,1,0,0.35286,0.048,1.876,1.544,37.67,1,0
2824,18,21.0,45012.0,4199.03,4.5,0.236,0,3,26.0,0,1,0,0.20472,0.075,1.682,1.395,33.1,1,0
2825,33,24.9,41768.0,6974.37,2.1,0.394,0,1,-19.0,0,1,0,0.19972,0.075,1.097,0.7,15.31,0,1
2826,36,12.1,62522.0,3650.61,5.2,0.486,1,1,12.0,0,0,0,0.39814,0.105,0.483,0.209,11.05,0,1
2827,46,81.5,148377.0,16147.87,7.2,0.484,1,3,63.0,0,0,0,0.26141,0.075,0.826,0.475,19.11,1,0
2828,41,40.8,91002.0,2703.09,15.8,0.943,2,3,39.0,0,1,1,0.48606,0.048,0.462,1.063,32.97,1,0
2829,27,24.0,101278.0,7265.39,7.6,0.482,2,3,-10.0,0,1,0,0.36707,0.075,0.717,0.556,19.31,0,1
2830,31,53.1,47833.0,1279.67,5.9,0.364,1,2,21.0,0,1,1,0.31881,0.075,0.527,0.66,17.9,0,1
2831,23,7.8,65011.0,17641.07,14.5,0.808,1,2,71.0,0,0,0,0.38781,0.078,1.09,0.984,33.27,0,1
2832,45,47.0,213072.0,108327.64,7.6,0.561,1,5,13.0,0,1,0,0.26424,0.075,1.075,1.013,28.33,0,1
2833,56,53.5,177828.0,128163.3,12.3,0.602,1,4,-11.0,0,1,1,0.3246,0.03,0.592,1.439,37.63,0,1
2834,45,19.4,73227.0,3842.29,3.7,0.395,1,1,32.0,1,1,1,0.3282,0.075,0.74,1.01,28.05,0,1
2835,33,58.7,61399.0,6407.38,9.1,0.646,3,2,8.0,0,1,1,0.3737,0.005,1.5,1.687,36.18,0,1
2836,33,27.6,97578.0,10085.18,10.8,0.531,1,2,-1.0,0,1,1,0.44214,0.03,1.237,2.008,43.24,0,1
2837,30,20.7,89436.0,14440.28,9.6,0.766,1,2,-42.0,0,0,0,0.44983,0.048,1.144,1.175,36.45,0,1
2838,38,5.2,79991.0,2947.84,15.0,0.99,0,3,55.0,0,1,0,0.3706,0.078,0.401,0.636,16.49,1,0
2839,57,75.7,117839.0,15641.91,6.0,0.666,1,4,54.0,1,1,0,0.29244,0.075,1.187,0.997,24.51,0,1
2840,28,28.0,78221.0,3741.62,16.0,0.862,1,1,85.0,0,1,1,0.37223,0.048,2.484,3.406,68.89,1,0
2841,25,16.2,92077.0,1815.96,6.3,0.371,0,2,5.0,0,1,1,0.28344,0.105,2.591,2.456,52.75,1,0
2842,40,39.5,102707.0,71687.19,11.6,0.675,0,3,37.0,0,1,0,0.38985,0.03,2.144,2.568,57.82,1,0
2843,50,48.5,111198.0,21435.68,4.0,0.694,0,3,-7.0,0,1,0,0.27241,0.075,1.062,1.109,27.97,0,1
2844,33,36.7,64150.0,4788.63,20.8,0.878,1,3,62.0,0,1,0,0.45719,0.048,1.565,1.551,34.82,1,0
2845,18,24.3,68021.0,8525.43,15.2,0.857,0,2,62.0,0,1,1,0.4212,0.048,2.425,3.04,71.55,0,1
2846,36,31.8,71695.0,18381.4,11.5,0.629,3,2,-0.0,0,0,0,0.45821,0.005,1.226,0.615,18.91,0,1
2847,40,38.4,98450.0,5153.32,14.0,0.908,1,2,67.0,0,1,1,0.43611,0.048,1.767,1.947,49.11,1,0
2848,27,39.5,86083.0,5776.92,11.7,0.837,1,2,29.0,0,1,0,0.4179,0.048,2.522,1.958,46.32,1,0
2849,45,21.6,59977.0,1548.94,1.0,0.442,0,1,6.0,0,1,0,0.19946,0.075,0.04,0.0,10.0,0,1
2850,54,61.8,148717.0,62222.88,7.1,0.573,0,2,31.0,0,1,0,0.20516,0.075,1.55,1.457,36.34,1,0
2851,41,55.0,163323.0,72749.79,9.4,0.557,0,4,55.0,0,0,0,0.25134,0.03,0.786,0.802,24.48,1,0
2852,47,58.6,87636.0,9487.8,8.1,0.639,0,5,55.0,0,1,0,0.2778,0.03,1.934,1.562,40.9,1,0
2853,34,4.2,78796.0,9435.95,3.8,0.367,0,2,16.0,0,1,1,0.34762,0.105,1.891,2.344,49.18,1,0
2854,42,44.1,110401.0,20293.63,11.0,0.559,0,4,39.0,0,1,0,0.25573,0.03,2.13,1.623,40.23,1,0
2855,28,1.3,52342.0,4415.51,4.5,0.545,0,2,20.0,0,0,0,0.25082,0.105,1.708,1.947,56.36,1,0
2856,46,35.0,64680.0,3155.12,5.3,0.387,0,2,4.0,0,1,0,0.30515,0.075,1.255,0.942,26.69,0,1
2857,31,12.3,70549.0,7692.13,17.4,0.793,3,2,18.0,1,1,1,0.64768,0.053,2.386,3.231,73.92,1,0
2858,57,85.4,157390.0,27980.26,8.0,0.709,0,5,25.0,0,1,0,0.25309,0.03,0.807,0.834,31.05,1,0
2859,32,13.2,61303.0,1573.73,2.6,0.34,2,2,18.0,0,1,0,0.33769,0.105,0.547,0.56,15.32,0,1
2860,49,82.8,127630.0,44980.28,9.3,0.768,0,4,23.0,0,1,1,0.34281,0.048,0.944,0.896,30.47,1,0
2861,53,57.6,208517.0,26570.64,10.0,0.561,0,5,52.0,0,1,1,0.31947,0.03,1.883,2.118,48.11,0,1
2862,34,12.2,87169.0,3415.48,9.8,0.807,1,1,-10.0,0,1,0,0.40073,0.078,0.973,0.645,19.94,1,0
2863,53,77.4,149729.0,16329.66,8.4,0.665,1,3,73.0,0,1,0,0.28492,0.03,1.624,1.277,36.29,0,1
2864,18,32.8,91626.0,1942.52,20.0,0.96,0,3,42.0,0,1,0,0.53858,0.048,2.294,2.48,56.07,1,0
2865,52,51.1,114070.0,22754.25,11.7,0.643,1,5,52.0,0,1,0,0.32669,0.03,2.3,2.167,44.14,0,1
2866,18,12.0,136718.0,6168.11,15.7,0.929,0,4,32.0,0,1,1,0.47355,0.078,2.215,2.615,55.07,1,0
2867,47,51.1,102883.0,20156.14,6.3,0.615,1,2,28.0,0,0,0,0.27078,0.075,1.208,1.096,26.21,1,0
2868,44,29.6,74234.0,15081.65,10.2,0.488,1,3,-9.0,0,1,0,0.32895,0.03,1.588,1.224,31.27,1,0
2869,39,23.3,54609.0,2776.31,2.7,0.467,0,1,17.0,0,1,1,0.26529,0.075,1.112,1.866,43.16,1,0
2870,20,11.8,69626.0,3728.34,18.4,0.99,0,3,30.0,0,1,1,0.54831,0.078,2.249,2.918,66.27,0,1
2871,30,9.2,63689.0,8087.66,10.1,0.459,2,2,-19.0,0,1,0,0.4851,0.06,0.427,0.449,15.04,0,1
2872,44,55.0,112044.0,79248.35,15.2,0.809,0,5,36.0,0,0,0,0.30894,0.048,2.903,1.856,44.07,1,0
2873,30,24.4,104751.0,1845.42,20.0,0.966,0,2,52.0,0,1,0,0.55139,0.048,2.239,1.544,37.23,1,0
2874,18,13.5,54897.0,13206.59,13.1,0.852,0,3,43.0,0,0,1,0.43059,0.078,1.646,2.053,47.49,1,0
2875,29,12.1,99116.0,8399.58,14.6,0.85,1,2,41.0,0,1,0,0.5222,0.078,2.359,2.269,45.72,1,0
2876,31,4.8,90544.0,4437.1,10.8,0.99,0,2,19.0,0,1,0,0.37318,0.078,1.303,0.451,15.3,0,1
2877,27,8.7,68573.0,9708.91,10.2,0.99,0,2,54.0,0,1,0,0.42542,0.078,1.158,1.091,32.41,0,1
2878,53,78.9,159343.0,25948.88,8.3,0.765,1,5,50.0,0,1,1,0.32145,0.048,0.834,0.731,20.77,0,1
2879,40,17.3,68995.0,9632.4,5.8,0.562,0,3,10.0,0,1,1,0.2459,0.105,0.739,1.416,40.6,0,1
2880,25,24.6,56456.0,3165.02,20.4,0.961,0,2,47.0,0,1,0,0.51262,0.048,2.9,2.786,63.34,1,0
2881,18,16.6,56617.0,8434.13,19.1,0.938,0,3,33.0,0,1,1,0.43477,0.078,2.461,2.61,53.57,1,0
2882,30,18.9,90713.0,2841.58,15.3,0.881,0,3,38.0,0,1,0,0.42945,0.048,2.821,2.382,51.4,1,0
2883,31,22.2,84744.0,7737.3,8.1,0.602,1,3,-5.0,0,1,1,0.49869,0.03,1.367,1.423,39.15,1,0
2884,45,57.8,147318.0,49758.24,12.0,0.762,0,3,34.0,0,1,0,0.34568,0.048,1.412,1.262,34.28,1,0
2885,41,30.9,64777.0,15811.93,13.6,0.766,1,3,-24.0,0,1,0,0.46332,0.048,1.465,0.998,30.39,0,1
2886,39,9.8,72191.0,2638.81,13.5,0.872,2,2,12.0,0,1,0,0.43721,0.078,2.503,2.123,46.77,0,1
2887,29,20.0,69605.0,7342.04,13.1,0.756,0,2,33.0,0,1,1,0.40279,0.048,2.312,2.2,48.12,0,1
2888,39,27.5,36813.0,1584.58,3.7,0.611,0,1,5.0,0,1,1,0.27199,0.075,0.946,0.866,30.11,0,1
2889,19,42.1,77267.0,1112.22,17.2,0.99,1,3,50.0,0,1,0,0.36144,0.048,2.432,1.907,43.1,1,0
2890,31,19.3,87514.0,2767.2,14.6,0.944,0,3,36.0,0,1,0,0.37274,0.048,1.828,1.844,42.37,0,1
2891,29,1.0,77400.0,7741.58,17.2,0.99,1,1,39.0,1,1,0,0.63021,0.078,0.6,0.617,21.76,0,1
2892,44,36.0,95127.0,2976.27,9.8,0.466,0,1,12.0,0,0,1,0.37448,0.03,1.032,1.247,32.68,1,0
2893,34,28.6,54896.0,5650.21,5.2,0.49,1,4,22.0,1,1,0,0.35093,0.075,0.35,0.349,16.35,0,1
2894,36,55.1,60230.0,8293.75,7.8,0.446,0,3,-11.0,0,1,0,0.33154,0.075,0.938,0.887,26.81,0,1
2895,42,39.7,61158.0,3044.0,0.8,0.285,2,2,-19.0,0,0,0,0.282,0.075,0.1,0.005,9.1,0,1
2896,28,9.9,81170.0,6741.7,13.7,0.901,0,3,31.0,0,1,0,0.38889,0.078,1.665,1.425,34.53,1,0
2897,27,30.7,35312.0,1052.32,3.7,0.379,2,1,44.0,0,0,0,0.39325,0.075,0.435,0.385,13.46,0,1
2898,47,8.9,89431.0,4210.36,14.0,0.836,1,2,71.0,0,1,0,0.35573,0.078,2.172,1.715,39.23,1,0
2899,30,31.0,76993.0,8673.06,10.4,0.578,2,3,10.0,0,1,0,0.43615,0.03,1.858,1.305,31.76,0,1
2900,49,70.1,77868.0,13174.0,8.4,0.734,0,5,47.0,1,1,0,0.28341,0.03,1.673,1.46,37.54,0,1
2901,51,75.4,133719.0,13057.1,8.8,0.58,2,3,48.0,0,0,0,0.30373,0.03,0.911,0.734,21.44,1,0
2902,37,32.7,47429.0,2366.83,3.7,0.351,2,1,5.0,0,1,1,0.38746,0.075,0.092,0.363,22.0,1,0
2903,28,16.9,67245.0,4525.0,15.4,0.847,0,1,60.0,0,1,0,0.41132,0.078,1.438,1.136,22.71,0,1
2904,34,51.8,41110.0,3023.58,3.6,0.531,1,2,27.0,0,1,0,0.24752,0.075,1.492,1.125,39.91,1,0
2905,47,57.6,154412.0,22289.36,7.3,0.632,0,4,50.0,0,1,0,0.23384,0.075,2.691,2.817,65.88,1,0
2906,30,11.7,115856.0,5425.85,10.1,0.621,4,2,-19.0,0,1,1,0.57485,0.035,0.574,1.029,26.52,0,1
2907,50,5.0,63377.0,2320.42,0.0,0.601,1,1,4.0,0,0,0,0.25467,0.105,0.067,0.127,7.31,0,1
2908,27,33.7,42423.0,5463.65,16.8,0.99,0,2,32.0,0,1,0,0.45495,0.048,2.998,2.922,63.84,1,0
2909,39,21.1,63730.0,6737.01,2.2,0.5,0,1,29.0,0,1,0,0.23653,0.075,0.619,0.194,11.56,0,1
2910,36,32.9,68314.0,1889.26,8.1,0.65,2,4,-2.0,0,1,0,0.36289,0.03,1.527,0.983,34.66,0,1
2911,36,24.5,53485.0,11993.84,4.8,0.46,3,2,-1.0,0,1,0,0.31379,0.05,0.683,0.699,24.43,1,0
2912,26,10.6,83614.0,4186.35,15.0,0.941,2,3,55.0,0,1,0,0.51065,0.078,1.598,1.367,36.65,1,0
2913,27,21.6,91305.0,11258.92,9.8,0.597,2,1,-35.0,0,0,1,0.43872,0.03,0.652,0.707,25.72,0,1
2914,37,36.7,60110.0,17288.55,10.2,0.688,3,3,9.0,0,0,1,0.47205,0.005,1.376,1.032,31.75,0,1
2915,46,60.8,88539.0,19587.74,4.8,0.597,1,3,24.0,0,1,1,0.1894,0.075,0.907,1.218,33.19,0,1
2916,37,21.2,44150.0,8313.46,17.1,0.922,0,4,35.0,0,1,1,0.43169,0.048,1.199,1.566,36.78,1,0
2917,21,20.1,63497.0,1991.62,19.1,0.967,1,1,28.0,0,1,1,0.5817,0.048,1.464,2.062,53.43,1,0
2918,31,16.9,56574.0,3259.43,3.2,0.639,0,3,12.0,0,0,1,0.21519,0.105,0.67,1.076,31.3,1,0
2919,23,1.0,66116.0,3843.72,16.0,0.99,2,2,43.0,0,1,1,0.64928,0.078,1.668,1.812,42.7,0,1
2920,48,12.5,59870.0,8244.31,3.4,0.729,1,2,-34.0,0,0,0,0.39028,0.105,1.061,0.659,19.36,1,0
2921,29,58.3,68777.0,1577.34,2.1,0.51,2,2,-24.0,0,0,0,0.29874,0.075,0.379,0.201,16.89,0,1
2922,33,33.7,86116.0,5977.79,16.7,0.853,0,1,40.0,0,1,0,0.42787,0.048,3.121,3.077,66.65,0,1
2923,36,32.1,80208.0,12618.5,18.6,0.98,0,3,59.0,0,1,0,0.4033,0.048,2.714,2.275,47.54,0,1
2924,37,22.9,89758.0,4253.47,7.4,0.505,1,3,6.0,0,1,0,0.41679,0.075,1.244,1.432,36.51,1,0
2925,19,16.1,63658.0,5090.35,23.2,0.877,1,2,63.0,0,1,0,0.55758,0.078,2.327,1.851,40.91,0,1
2926,28,21.2,53578.0,13953.9,9.8,0.786,1,3,-12.0,0,1,0,0.43065,0.048,1.327,1.145,27.61,0,1
2927,44,15.3,62529.0,6596.64,5.6,0.649,5,4,-15.0,1,1,1,0.6312,0.08,0.406,0.445,15.92,0,1
2928,29,23.9,61376.0,19369.45,12.5,0.615,1,3,-10.0,0,1,0,0.45184,0.03,1.438,1.166,24.61,0,1
2929,52,77.9,79313.0,24202.08,4.6,0.679,0,3,49.0,0,1,0,0.19429,0.075,2.454,1.838,39.07,1,0
2930,39,41.1,62138.0,7417.56,9.9,0.58,3,3,23.0,0,1,1,0.42125,0.005,2.017,2.056,50.08,0,1
2931,41,19.4,97026.0,4194.99,6.5,0.353,1,2,-17.0,0,1,0,0.36388,0.075,0.27,0.25,13.15,0,1
2932,32,12.2,94346.0,4885.94,12.3,0.761,0,2,39.0,0,1,1,0.38606,0.078,2.064,2.306,54.9,1,0
2933,31,40.0,82969.0,8015.73,11.6,0.658,1,3,-7.0,0,0,1,0.33493,0.03,1.911,1.794,34.66,1,0
2934,28,15.1,61134.0,4535.56,3.8,0.329,1,1,5.0,0,0,0,0.35894,0.105,1.195,1.244,29.77,0,1
2935,43,32.0,106471.0,5290.47,13.7,0.578,2,3,-19.0,0,0,0,0.48654,0.03,1.146,0.773,23.85,1,0
2936,45,66.8,103649.0,20541.33,5.3,0.505,0,5,32.0,0,0,1,0.21232,0.075,2.817,2.737,65.19,1,0
2937,30,66.7,106352.0,43222.27,3.8,0.561,0,6,19.0,0,0,0,0.25399,0.075,1.157,1.184,30.35,0,1
2938,34,19.0,102955.0,11159.05,14.7,0.9,0,3,58.0,0,1,0,0.38089,0.048,1.65,1.582,38.92,1,0
2939,22,8.2,76569.0,6772.93,23.8,0.99,0,1,72.0,0,1,1,0.44969,0.078,2.618,2.0,46.34,1,0
2940,32,9.4,63403.0,14952.75,18.3,0.99,1,1,39.0,0,1,0,0.53208,0.078,2.532,1.847,40.93,1,0
2941,45,8.4,68481.0,4304.07,6.0,0.349,1,3,42.0,0,1,0,0.32835,0.105,1.258,1.033,31.01,0,1
2942,29,1.0,67515.0,6306.73,17.6,0.934,1,2,42.0,1,0,1,0.56309,0.078,1.315,1.766,40.52,1,0
2943,42,20.6,47059.0,4665.3,3.2,0.273,0,1,-3.0,0,0,0,0.23837,0.075,1.216,1.003,29.53,0,1
2944,30,25.8,60165.0,11838.87,23.4,0.906,0,1,57.0,0,1,0,0.49734,0.048,2.872,2.664,59.43,1,0
2945,40,1.0,82893.0,10059.3,17.2,0.99,1,3,26.0,0,1,0,0.53464,0.078,1.947,1.88,42.79,1,0
2946,42,65.3,145886.0,15808.77,9.0,0.633,1,4,46.0,0,0,0,0.30685,0.03,1.256,1.0,21.7,1,0
2947,49,71.4,207841.0,53845.25,10.7,0.785,2,5,39.0,0,0,1,0.4147,0.048,1.579,1.999,45.57,1,0
2948,40,1.0,54555.0,3564.75,1.1,0.522,2,1,2.0,0,1,1,0.37538,0.105,1.668,2.16,52.08,0,1
2949,34,18.8,54304.0,2644.52,2.1,0.457,0,1,0.0,0,1,1,0.3512,0.075,0.224,0.915,20.97,0,1
2950,43,41.8,87029.0,947.63,3.8,0.403,2,1,-7.0,0,0,1,0.40273,0.075,0.085,0.388,13.28,0,1
2951,26,22.6,99172.0,1653.63,18.7,0.841,0,2,64.0,0,1,0,0.39157,0.048,2.407,2.053,45.9,1,0
2952,49,1.0,61354.0,2367.2,1.0,0.27,1,2,6.0,0,1,0,0.25984,0.105,0.287,0.484,14.87,0,1
2953,44,23.9,49862.0,1736.88,15.8,0.758,0,1,50.0,0,1,1,0.43948,0.048,0.919,1.161,35.76,0,1
2954,37,13.0,47386.0,2399.28,3.9,0.539,0,2,10.0,0,1,0,0.21019,0.105,1.063,1.004,27.4,1,0
2955,53,70.3,103819.0,50909.92,3.7,0.807,1,3,30.0,0,0,0,0.28668,0.093,0.584,0.246,14.76,0,1
2956,57,53.7,139365.0,21935.67,6.6,0.521,2,3,40.0,0,0,0,0.27248,0.075,0.327,0.323,17.67,0,1
2957,21,15.4,66253.0,4750.87,17.5,0.908,1,2,54.0,0,1,0,0.48663,0.078,2.234,2.737,58.82,1,0
2958,20,9.5,117157.0,2244.78,12.0,0.727,1,3,47.0,0,1,0,0.40971,0.06,2.991,2.032,50.53,0,1
2959,38,16.0,49722.0,5464.52,19.8,0.793,0,3,40.0,0,1,0,0.37826,0.078,3.202,3.819,78.74,1,0
2960,37,15.2,43120.0,4174.11,5.8,0.459,0,1,-11.0,1,1,0,0.48332,0.105,0.551,0.145,10.97,0,1
2961,33,19.3,63029.0,1189.7,5.4,0.373,0,3,-1.0,1,1,1,0.30089,0.075,1.27,1.669,38.21,0,1
2962,35,7.9,67920.0,1840.22,4.5,0.219,0,2,4.0,0,1,0,0.32682,0.105,0.439,0.046,7.8,0,1
2963,18,21.9,37796.0,1974.7,13.1,0.99,0,2,44.0,0,1,0,0.32486,0.048,1.628,2.005,42.63,1,0
2964,37,33.1,45065.0,11138.76,7.2,0.585,7,3,-41.0,0,1,1,0.5782,0.05,0.399,0.924,24.39,0,1
2965,24,1.0,70779.0,5006.22,17.0,0.779,0,3,56.0,0,1,1,0.48382,0.078,1.284,1.475,36.37,1,0
2966,44,42.9,103834.0,7745.63,7.2,0.604,1,1,-2.0,0,1,0,0.32485,0.075,1.489,0.982,24.17,1,0
2967,56,59.9,229740.0,29439.96,8.5,0.631,0,4,23.0,0,1,0,0.31985,0.03,1.483,1.168,26.32,1,0
2968,33,17.9,67953.0,5550.68,13.6,0.946,0,2,27.0,0,1,0,0.46079,0.078,1.977,1.858,49.95,0,1
2969,41,40.2,68758.0,9997.1,10.2,0.553,3,3,-21.0,1,1,1,0.46984,0.005,0.548,0.559,23.7,0,1
2970,19,19.9,60629.0,3260.73,17.4,0.935,1,3,19.0,0,1,0,0.58273,0.048,3.08,3.193,71.64,1,0
2971,53,76.0,163730.0,21170.27,3.6,0.744,1,4,28.0,0,1,0,0.28461,0.075,1.473,1.174,28.83,0,1
2972,42,27.5,108785.0,7699.03,9.2,0.445,0,2,-11.0,0,1,0,0.26092,0.03,1.33,1.094,32.97,0,1
2973,38,28.4,106683.0,3977.88,11.9,0.824,1,3,61.0,0,0,0,0.39126,0.048,2.461,2.157,47.6,1,0
2974,50,23.5,58540.0,11450.76,0.0,0.522,1,1,19.0,0,1,0,0.28493,0.075,0.88,0.594,19.98,0,1
2975,37,68.1,110041.0,24933.3,6.4,0.579,0,2,58.0,0,0,0,0.22232,0.075,0.999,0.626,16.51,1,0
2976,32,26.8,59131.0,3621.52,12.1,0.421,0,2,12.0,0,0,0,0.34103,0.03,2.012,1.881,45.39,1,0
2977,33,45.9,104530.0,10829.72,11.1,0.538,3,3,-25.0,0,1,1,0.49236,0.005,1.009,1.304,32.28,1,0
2978,39,39.7,64620.0,19881.35,12.8,0.545,2,3,25.0,0,1,0,0.32913,0.03,2.235,2.103,51.82,1,0
2979,38,25.7,44102.0,4721.71,10.6,0.536,3,2,-14.0,0,1,0,0.46372,0.005,1.216,1.164,27.73,0,1
2980,33,14.3,53535.0,7166.26,5.1,0.292,0,2,-19.0,0,0,0,0.26783,0.105,1.864,1.834,47.01,0,1
2981,45,30.4,66775.0,7269.11,11.4,0.641,6,4,-4.0,1,1,1,0.69154,0.005,1.548,1.178,31.59,0,1
2982,21,6.9,46478.0,22872.88,14.3,0.99,0,4,14.0,0,1,0,0.43511,0.078,2.03,1.531,39.07,1,0
2983,22,3.4,80914.0,5696.03,17.3,0.881,2,3,42.0,0,1,1,0.6497,0.078,2.2,2.479,62.63,1,0
2984,31,5.5,82540.0,3598.93,12.2,0.694,4,3,-17.0,0,0,0,0.55297,0.035,0.712,0.648,19.93,0,1
2985,26,1.0,125575.0,3958.73,17.9,0.846,2,1,54.0,0,1,1,0.48021,0.078,1.674,1.867,41.12,0,1
2986,20,39.8,53037.0,10725.8,19.4,0.839,1,1,62.0,0,0,0,0.53185,0.048,2.852,2.674,60.18,1,0
2987,29,8.1,92571.0,4744.94,16.5,0.945,1,3,38.0,0,0,0,0.53675,0.078,1.098,1.189,31.89,1,0
2988,37,53.8,93477.0,7695.88,13.6,0.637,4,1,-16.0,1,1,1,0.60758,0.005,2.341,2.147,51.13,0,1
2989,23,20.8,87447.0,7180.91,15.4,0.888,1,2,58.0,0,1,0,0.43542,0.048,2.555,2.547,58.24,1,0
2990,44,30.4,54862.0,6392.93,14.7,0.664,3,4,-23.0,0,1,1,0.52656,0.005,1.213,1.409,36.09,0,1
2991,35,4.0,44257.0,2615.97,6.0,0.288,1,2,11.0,0,1,0,0.33734,0.105,1.207,1.307,36.49,1,0
2992,42,22.1,60569.0,1623.48,3.5,0.397,2,2,20.0,0,1,0,0.28396,0.075,0.342,0.253,16.81,1,0
2993,48,84.7,141401.0,98442.18,4.8,0.746,0,4,19.0,0,0,0,0.31634,0.075,1.964,1.161,29.14,1,0
2994,38,49.7,61906.0,3613.74,6.8,0.696,5,2,-14.0,0,0,0,0.51291,0.05,0.136,0.199,10.83,1,0
2995,34,34.3,102044.0,8931.59,6.4,0.682,2,4,-6.0,0,1,0,0.37299,0.075,1.818,1.499,38.14,0,1
2996,49,48.2,123847.0,43713.67,7.8,0.752,1,5,59.0,0,0,0,0.2896,0.093,1.296,1.23,31.5,0,1
2997,43,19.5,43180.0,7929.33,5.6,0.549,3,3,-31.0,0,1,0,0.37205,0.05,0.633,0.192,10.96,0,1
2998,26,5.8,71539.0,1991.86,19.5,0.712,0,2,41.0,0,1,1,0.5065,0.06,1.837,2.181,55.32,1,0
2999,39,37.3,67169.0,1567.4,4.8,0.402,0,1,36.0,0,0,0,0.20452,0.075,1.056,0.868,27.17,0,1
3000,23,35.6,83351.0,6319.96,16.2,0.97,0,3,62.0,0,1,1,0.40113,0.048,1.731,1.7,41.23,0,1
3001,40,24.4,64572.0,1807.04,1.4,0.518,1,1,5.0,1,0,1,0.45546,0.075,1.132,1.564,38.73,0,1
3002,34,27.4,107775.0,2080.55,6.9,0.532,1,3,-9.0,0,1,1,0.26139,0.075,0.925,1.564,37.83,0,1
3003,35,34.6,56246.0,5787.0,10.0,0.794,0,3,53.0,0,1,0,0.31651,0.048,1.915,1.359,34.23,1,0
3004,35,10.3,52622.0,1701.47,8.9,0.334,0,2,19.0,0,1,1,0.2441,0.06,1.815,1.846,48.35,1,0
3005,40,16.6,115342.0,6782.66,12.2,0.84,0,3,70.0,0,1,0,0.33203,0.078,1.874,1.476,37.12,1,0
3006,27,27.6,34687.0,2631.51,0.9,0.221,1,1,31.0,0,0,0,0.21507,0.075,0.462,0.317,9.7,0,1
3007,28,20.6,70964.0,6800.96,12.8,0.532,1,3,-34.0,0,0,1,0.37467,0.03,1.209,1.069,31.16,0,1
3008,25,8.4,105905.0,4655.42,17.0,0.905,1,4,14.0,0,1,1,0.54585,0.078,1.421,1.733,45.01,1,0
3009,19,7.4,105480.0,2146.97,16.3,0.889,2,3,34.0,0,1,0,0.61483,0.078,1.868,1.005,23.1,1,0
3010,25,39.0,70511.0,1754.3,5.4,0.394,0,1,-25.0,1,1,0,0.33945,0.075,0.287,0.181,13.99,0,1
3011,33,39.0,91451.0,3800.48,18.6,0.824,2,3,69.0,0,1,0,0.53153,0.048,1.664,1.599,36.36,0,1
3012,35,23.4,44543.0,1425.88,4.8,0.367,2,1,-18.0,0,0,1,0.43197,0.075,0.084,0.096,8.94,0,1
3013,32,18.8,85481.0,4771.18,0.3,0.369,1,3,4.0,0,1,0,0.28183,0.075,0.108,0.143,15.83,0,1
3014,35,23.8,52073.0,6551.18,11.0,0.668,4,3,-25.0,0,1,0,0.42012,0.005,0.766,0.546,23.74,0,1
3015,25,16.0,55859.0,1754.08,17.1,0.9,0,2,14.0,0,0,1,0.48435,0.078,2.004,2.05,53.62,1,0
3016,50,24.4,79949.0,5562.64,12.2,0.938,0,3,14.0,0,1,0,0.28547,0.048,1.179,0.949,22.68,1,0
3017,30,20.8,51647.0,3203.98,1.1,0.393,1,2,-1.0,0,1,0,0.23749,0.075,0.146,0.065,11.08,0,1
3018,20,21.0,80362.0,3367.32,14.0,0.948,2,3,80.0,0,1,0,0.37873,0.048,1.875,1.351,34.38,0,1
3019,55,57.1,155021.0,41496.8,9.1,0.606,0,4,61.0,0,0,0,0.2724,0.03,2.88,2.107,52.33,1,0
3020,27,13.7,122833.0,6535.19,13.4,0.863,0,3,44.0,0,1,1,0.35449,0.078,1.438,1.251,37.03,1,0
3021,63,59.8,155145.0,152450.67,1.6,0.812,0,4,-6.0,0,1,0,0.26679,0.093,1.416,1.183,31.76,0,1
3022,31,18.2,49926.0,6337.8,5.0,0.54,0,1,4.0,0,1,0,0.32741,0.075,1.264,1.038,26.16,0,1
3023,55,56.7,165655.0,11046.3,10.4,0.447,0,4,77.0,0,1,0,0.20841,0.03,2.81,2.817,58.34,1,0
3024,46,40.1,57518.0,6329.94,8.7,0.478,3,2,0.0,0,1,1,0.42483,0.005,1.037,1.355,33.98,0,1
3025,45,40.8,176586.0,26907.88,9.5,0.625,0,4,31.0,0,1,0,0.19763,0.03,1.719,1.496,32.59,1,0
3026,24,34.9,77338.0,6539.58,17.1,0.843,0,2,32.0,0,0,0,0.34957,0.048,2.065,1.783,42.32,1,0
3027,34,17.6,84680.0,2452.84,16.0,0.734,1,3,61.0,0,1,1,0.50327,0.06,1.936,2.323,53.96,0,1
3028,39,29.3,36480.0,2123.99,4.9,0.443,1,1,17.0,0,0,1,0.25198,0.075,1.249,1.545,35.82,1,0
3029,28,39.7,39211.0,3562.9,12.6,0.383,2,1,-3.0,0,0,1,0.38193,0.03,0.907,1.092,31.81,1,0
3030,41,53.5,92007.0,21633.94,5.4,0.654,1,6,56.0,0,1,0,0.23432,0.075,3.28,2.53,60.75,0,1
3031,18,11.0,94528.0,2077.96,6.6,0.51,0,1,31.0,0,1,1,0.21943,0.105,1.772,2.253,50.24,1,0
3032,33,3.6,55742.0,3671.59,12.8,0.99,0,3,52.0,0,1,0,0.36279,0.078,1.577,1.418,34.97,1,0
3033,27,13.0,92616.0,2080.99,13.9,0.884,0,3,14.0,0,1,0,0.43597,0.078,1.979,1.491,33.76,1,0
3034,28,24.4,63906.0,8519.81,19.2,0.99,2,2,25.0,0,1,1,0.55229,0.048,2.306,2.423,49.79,1,0
3035,23,15.0,55298.0,4077.77,1.2,0.466,3,1,-2.0,0,1,0,0.40815,0.08,0.308,0.325,14.35,0,1
3036,30,38.3,71136.0,3119.59,8.3,0.683,3,2,-9.0,0,1,1,0.41218,0.005,1.479,1.702,41.06,0,1
3037,35,2.6,112223.0,8136.21,15.4,0.509,1,3,20.0,0,1,0,0.44759,0.06,1.86,2.036,46.47,1,0
3038,24,11.4,88992.0,1626.88,18.8,0.99,2,2,83.0,0,1,1,0.50425,0.078,3.399,3.281,79.21,0,1
3039,30,30.0,84326.0,10767.62,14.0,0.9,0,2,51.0,0,1,1,0.43757,0.048,1.427,1.534,36.26,0,1
3040,42,28.9,102184.0,22842.25,7.5,0.763,2,2,2.0,0,1,0,0.33643,0.093,1.59,0.888,23.55,1,0
3041,65,52.1,116314.0,30861.41,7.5,0.789,0,5,5.0,0,1,1,0.33397,0.093,0.642,1.298,29.29,0,1
3042,35,14.1,78727.0,1723.56,8.0,0.458,2,1,2.0,0,1,0,0.41271,0.06,0.705,0.322,15.39,1,0
3043,43,1.0,75256.0,1948.07,1.8,0.475,1,1,-1.0,0,0,0,0.26763,0.105,0.297,0.224,10.16,0,1
3044,43,49.9,175480.0,23826.62,5.1,0.62,0,4,22.0,0,0,1,0.2528,0.075,1.352,1.489,41.73,0,1
3045,23,34.7,56582.0,2798.75,6.4,0.34,1,2,21.0,0,1,1,0.30266,0.075,0.959,1.162,25.57,0,1
3046,33,15.0,52429.0,7311.27,0.0,0.495,0,1,1.0,0,1,0,0.21525,0.105,1.387,1.043,23.95,0,1
3047,38,56.4,109115.0,59553.62,5.5,0.7,0,5,-2.0,0,1,0,0.24959,0.075,2.341,1.531,39.58,0,1
3048,38,3.0,57901.0,15038.21,8.8,0.412,3,3,8.0,1,1,0,0.42933,0.035,1.715,1.168,30.36,0,1
3049,30,2.4,46060.0,3351.77,4.4,0.421,2,2,33.0,1,1,1,0.4929,0.105,0.844,1.197,30.24,0,1
3050,18,30.3,83913.0,2125.97,12.3,0.99,0,2,49.0,0,1,0,0.35743,0.048,2.533,2.556,55.6,0,1
3051,47,29.4,55472.0,1818.62,5.5,0.591,0,1,7.0,0,1,0,0.23623,0.075,0.767,0.559,19.65,1,0
3052,25,1.0,85388.0,4681.16,17.5,0.98,0,1,27.0,1,1,1,0.45634,0.078,2.287,2.416,55.86,0,1
3053,27,23.4,82137.0,3664.63,7.2,0.423,2,2,-24.0,0,0,0,0.34654,0.075,1.267,0.964,35.67,0,1
3054,41,21.6,44319.0,3655.38,9.0,0.314,0,1,30.0,0,1,0,0.29481,0.03,1.118,0.657,15.88,1,0
3055,33,16.6,53647.0,13501.11,9.9,0.552,4,3,-22.0,1,1,1,0.56536,0.035,1.838,2.082,41.46,0,1
3056,57,38.0,129738.0,45613.8,5.3,0.794,0,4,72.0,0,0,0,0.27104,0.093,2.119,1.364,32.33,1,0
3057,33,29.1,58404.0,11109.66,13.4,0.523,2,1,10.0,0,1,0,0.48006,0.03,3.137,2.473,52.66,1,0
3058,25,22.9,59921.0,1337.76,14.6,0.99,0,2,50.0,0,1,0,0.4089,0.048,2.002,1.906,47.46,0,1
3059,31,23.1,120129.0,10705.51,16.5,0.831,0,3,96.0,0,1,0,0.37225,0.048,2.15,1.763,38.01,1,0
3060,33,26.5,50236.0,1624.62,14.7,0.959,0,3,68.0,0,1,0,0.47881,0.048,3.345,2.903,58.6,1,0
3061,43,12.4,124324.0,7243.86,10.7,0.487,2,1,-16.0,0,0,0,0.48588,0.06,0.458,0.051,6.91,0,1
3062,48,62.7,149194.0,47836.51,6.7,0.619,0,6,15.0,0,1,0,0.28143,0.075,1.829,1.652,43.24,1,0
3063,33,12.8,99188.0,5681.22,14.9,0.776,0,1,36.0,0,0,1,0.39642,0.078,1.652,2.093,46.13,0,1
3064,40,21.0,74589.0,1307.37,4.1,0.589,0,1,8.0,0,1,0,0.31264,0.075,2.021,1.431,40.8,0,1
3065,50,59.5,163013.0,15671.19,6.6,0.564,0,6,20.0,0,1,0,0.27232,0.075,2.548,2.607,57.22,1,0
3066,48,54.1,216145.0,38564.51,10.9,0.47,0,3,13.0,0,1,1,0.3145,0.03,1.191,1.224,33.48,1,0
3067,39,25.8,103028.0,44602.29,4.6,0.461,0,5,38.0,0,0,0,0.27751,0.075,1.652,1.885,48.33,0,1
3068,33,29.9,72858.0,2191.08,15.9,0.891,1,2,61.0,0,1,0,0.45773,0.048,3.128,2.775,60.16,1,0
3069,35,26.0,46865.0,3872.1,4.7,0.38,0,1,45.0,0,1,0,0.18,0.075,1.549,1.616,40.67,0,1
3070,46,44.2,87297.0,11950.92,7.7,0.711,1,3,35.0,0,1,0,0.32649,0.075,1.74,1.499,40.58,0,1
3071,38,21.7,63574.0,6752.62,18.6,0.874,1,3,55.0,0,1,0,0.42571,0.048,2.462,2.738,58.34,1,0
3072,25,16.6,97820.0,1688.96,0.4,0.558,0,2,-25.0,0,1,0,0.29681,0.105,0.298,0.278,18.38,1,0
3073,47,17.0,56300.0,3161.18,6.0,0.388,2,1,26.0,0,0,0,0.26386,0.105,1.84,1.468,37.89,1,0
3074,35,12.8,100795.0,2834.32,1.1,0.543,0,1,-9.0,0,1,0,0.26515,0.105,0.22,0.054,13.96,1,0
3075,37,28.4,103618.0,6379.18,3.1,0.325,1,2,16.0,0,1,0,0.26274,0.075,0.522,0.365,17.79,0,1
3076,32,12.4,132452.0,3511.34,0.9,0.265,0,1,9.0,0,1,0,0.18285,0.105,0.384,0.437,17.96,1,0
3077,37,48.8,230843.0,21678.47,7.1,0.549,1,5,29.0,0,1,0,0.29319,0.075,0.756,0.98,21.67,1,0
3078,37,44.6,136096.0,10106.48,7.4,0.466,2,2,-36.0,0,1,0,0.42121,0.075,1.051,1.038,31.35,0,1
3079,40,28.9,78607.0,32201.41,13.4,0.454,1,2,-22.0,0,0,0,0.39016,0.03,1.274,1.028,32.18,1,0
3080,34,14.2,80833.0,7280.19,16.7,0.946,0,1,26.0,0,1,1,0.48385,0.078,1.088,2.035,48.06,1,0
3081,28,24.3,82297.0,4330.22,17.2,0.871,2,1,33.0,0,1,1,0.55227,0.048,1.056,1.571,38.86,0,1
3082,18,8.0,76001.0,2617.52,13.0,0.916,0,3,66.0,0,1,0,0.33748,0.078,2.895,1.923,43.54,1,0
3083,27,25.4,74969.0,5358.7,11.0,0.648,2,3,-15.0,0,0,1,0.45771,0.03,1.848,1.532,40.06,1,0
3084,49,25.7,72286.0,4667.43,8.9,0.245,0,2,-3.0,0,0,0,0.28348,0.03,0.76,0.314,17.06,1,0
3085,27,3.5,52027.0,1686.81,6.8,0.493,1,1,22.0,0,0,1,0.34033,0.105,1.387,1.883,48.25,0,1
3086,59,64.7,95135.0,32055.98,4.5,0.507,0,3,40.0,0,1,0,0.16147,0.075,0.916,0.653,22.83,0,1
3087,22,6.9,83840.0,11456.18,14.7,0.837,2,2,83.0,0,1,1,0.39075,0.078,1.729,1.247,36.11,0,1
3088,48,72.3,114457.0,35286.16,8.3,0.432,0,6,53.0,0,1,0,0.27627,0.03,0.82,0.682,21.38,0,1
3089,42,37.6,61409.0,3966.98,7.4,0.662,2,2,-46.0,0,1,0,0.46589,0.075,1.804,1.267,32.49,0,1
3090,29,27.0,56769.0,12356.88,11.3,0.244,1,1,25.0,0,1,0,0.34129,0.03,2.169,2.294,49.52,1,0
3091,46,2.7,53360.0,9432.9,3.2,0.298,0,1,23.0,0,0,0,0.28643,0.105,0.921,0.941,29.38,0,1
3092,36,20.8,79619.0,4155.27,4.4,0.306,0,1,42.0,1,0,0,0.21837,0.075,0.864,0.311,11.51,0,1
3093,38,7.9,56403.0,6874.74,2.9,0.416,1,1,6.0,0,1,1,0.28615,0.105,1.013,1.38,29.7,1,0
3094,33,21.6,80710.0,2522.06,5.1,0.412,2,2,31.0,0,1,1,0.30509,0.075,0.949,1.757,39.7,0,1
3095,54,34.2,145894.0,51245.68,11.7,0.729,2,4,27.0,0,1,0,0.38767,0.03,0.422,0.166,11.94,0,1
3096,40,1.0,74205.0,3417.05,16.3,0.888,0,1,50.0,0,1,0,0.38951,0.078,2.607,1.76,40.67,1,0
3097,28,30.3,79317.0,1864.62,15.4,0.99,0,2,24.0,0,1,1,0.51206,0.048,2.161,2.3,52.48,1,0
3098,61,66.4,97370.0,172515.24,5.1,0.682,0,4,8.0,0,1,0,0.23185,0.075,2.612,2.344,56.58,1,0
3099,25,11.8,83264.0,1803.68,19.3,0.796,0,1,61.0,0,1,1,0.47585,0.078,3.147,3.874,82.13,1,0
3100,34,5.1,95585.0,5460.23,15.6,0.827,0,2,44.0,0,1,0,0.45097,0.078,2.001,1.942,46.67,1,0
3101,38,9.0,77097.0,3612.62,4.0,0.596,1,2,-14.0,0,1,1,0.39883,0.105,1.091,1.957,41.61,0,1
3102,22,18.4,52754.0,6293.27,9.7,0.99,0,2,59.0,0,0,0,0.39466,0.048,1.794,1.548,31.92,1,0
3103,36,17.9,39150.0,2830.12,4.2,0.521,2,2,-42.0,1,1,1,0.42361,0.105,0.41,0.747,26.27,0,1
3104,35,40.6,51039.0,2849.38,3.4,0.535,2,1,-5.0,0,0,1,0.26629,0.075,0.194,0.42,19.17,1,0
3105,32,28.8,104640.0,8753.11,4.1,0.641,4,2,-40.0,1,1,0,0.56932,0.05,0.13,0.306,21.25,0,1
3106,41,31.7,76426.0,10928.3,11.7,0.627,3,2,15.0,0,1,0,0.53407,0.005,0.966,0.885,21.59,1,0
3107,50,45.3,111954.0,31962.24,6.6,0.645,0,4,26.0,0,1,0,0.39616,0.075,1.878,1.717,34.94,0,1
3108,37,26.7,48636.0,7652.3,14.1,0.777,2,4,-7.0,0,0,0,0.5577,0.048,1.712,1.233,34.57,1,0
3109,29,18.1,63184.0,1906.67,19.8,0.849,1,2,50.0,0,1,0,0.47163,0.048,1.922,1.572,35.51,1,0
3110,34,17.5,48164.0,11106.23,2.6,0.456,0,1,25.0,0,1,0,0.224,0.105,0.669,0.338,14.32,0,1
3111,46,56.2,177660.0,45328.7,11.7,0.452,0,5,47.0,0,1,1,0.197,0.03,2.127,2.09,47.13,1,0
3112,30,19.9,99895.0,5154.48,20.3,0.743,0,3,59.0,0,1,1,0.40405,0.03,2.589,2.113,48.88,1,0
3113,33,49.2,54228.0,5330.99,7.5,0.79,0,2,-13.0,0,1,1,0.26964,0.093,0.683,1.025,27.29,0,1
3114,57,32.7,88237.0,4166.57,6.2,0.658,3,2,8.0,0,1,1,0.44017,0.05,0.858,0.881,24.03,0,1
3115,39,75.7,164508.0,55965.03,2.2,0.617,0,5,22.0,0,0,0,0.24472,0.075,1.624,1.871,47.54,0,1
3116,34,38.5,52360.0,7210.45,10.0,0.599,5,3,-16.0,0,1,0,0.65875,0.005,1.022,0.53,19.6,0,1
3117,25,29.0,74299.0,6738.04,13.4,0.751,2,3,15.0,0,0,1,0.63583,0.048,2.277,2.152,48.85,1,0
3118,52,23.7,78940.0,3321.92,10.1,0.543,2,3,24.0,0,1,0,0.41149,0.03,0.651,0.126,11.64,1,0
3119,20,13.5,79425.0,12299.19,14.5,0.74,1,3,25.0,0,1,0,0.42092,0.06,1.918,2.173,51.5,0,1
3120,32,13.6,47889.0,8084.69,13.9,0.868,0,2,71.0,0,1,0,0.36492,0.078,2.789,2.099,50.84,0,1
3121,31,22.6,78740.0,4269.03,14.5,0.975,0,2,54.0,0,1,1,0.3743,0.048,2.687,3.024,68.12,1,0
3122,51,71.5,163865.0,43366.72,4.5,0.69,0,4,38.0,0,1,0,0.33188,0.075,0.381,0.622,16.2,1,0
3123,58,63.5,211398.0,51799.93,6.5,0.815,1,4,41.0,0,1,1,0.18805,0.093,1.3,1.889,43.99,1,0
3124,58,72.5,115201.0,13419.36,6.0,0.672,0,5,14.0,0,0,0,0.32843,0.075,0.959,0.39,22.61,0,1
3125,26,9.2,65592.0,13392.1,16.0,0.627,1,2,75.0,0,1,0,0.36815,0.06,1.181,1.343,31.0,1,0
3126,30,26.6,71833.0,6160.74,16.3,0.99,0,2,37.0,0,1,0,0.42327,0.048,1.109,1.093,26.42,1,0
3127,25,43.2,77890.0,5062.07,6.1,0.498,1,2,11.0,0,1,0,0.19493,0.075,0.47,0.387,12.2,0,1
3128,30,24.1,78017.0,2206.25,19.0,0.918,0,3,34.0,0,0,1,0.53122,0.048,1.535,2.187,51.88,1,0
3129,32,32.6,84760.0,15196.35,8.6,0.601,1,2,-35.0,0,1,1,0.43108,0.03,1.57,1.95,45.87,0,1
3130,34,30.6,43542.0,3441.36,8.6,0.456,1,1,48.0,0,1,0,0.25787,0.03,1.268,0.893,22.93,0,1
3131,37,51.3,153608.0,43790.92,8.7,0.645,0,5,23.0,0,0,0,0.34655,0.03,1.738,1.336,36.03,0,1
3132,38,24.4,48286.0,3052.45,4.7,0.437,1,2,19.0,0,1,0,0.33431,0.075,1.54,1.595,37.75,0,1
3133,18,19.6,73115.0,2345.02,14.7,0.755,1,2,-14.0,0,1,1,0.45444,0.048,1.862,1.845,44.95,0,1
3134,30,1.0,120530.0,6263.12,17.7,0.99,0,1,43.0,0,1,1,0.37805,0.078,1.795,2.154,49.84,1,0
3135,26,27.7,40448.0,2638.51,4.6,0.502,2,1,21.0,0,1,1,0.31669,0.075,0.829,1.12,37.21,0,1
3136,29,7.0,54712.0,2958.0,6.8,0.436,0,1,13.0,0,1,1,0.35241,0.105,0.681,1.229,31.42,1,0
3137,43,16.9,41820.0,14064.64,8.8,0.633,0,1,8.0,0,0,0,0.29804,0.06,0.325,0.226,7.13,0,1
3138,33,16.5,79207.0,7916.68,14.0,0.782,4,2,40.0,1,1,1,0.6635,0.053,2.037,1.745,43.28,1,0
3139,43,13.2,78301.0,5479.48,6.2,0.526,1,1,27.0,0,1,1,0.28399,0.105,1.351,2.086,50.85,0,1
3140,60,63.0,144468.0,187555.71,9.6,0.579,1,5,9.0,0,1,1,0.32287,0.03,1.844,1.547,38.76,1,0
3141,44,62.8,133719.0,41087.7,9.2,0.684,1,5,30.0,0,1,1,0.28612,0.03,0.82,1.773,36.6,1,0
3142,39,6.2,108788.0,4864.13,14.8,0.947,0,3,71.0,0,1,0,0.42414,0.078,2.361,1.658,43.75,1,0
3143,25,28.8,64507.0,1929.24,3.4,0.173,2,2,-18.0,0,1,0,0.34074,0.075,1.473,0.97,28.12,1,0
3144,34,6.8,94823.0,3353.21,14.4,0.743,0,2,42.0,0,1,0,0.49468,0.06,2.154,1.759,40.72,1,0
3145,32,49.5,71569.0,792.94,2.9,0.605,2,2,-11.0,0,1,0,0.33242,0.075,0.693,0.737,18.94,1,0
3146,31,29.7,33118.0,13372.72,6.7,0.562,5,2,-2.0,0,1,0,0.4077,0.05,1.605,1.561,38.46,0,1
3147,39,7.9,57791.0,1316.68,4.2,0.65,0,1,11.0,0,1,1,0.33138,0.105,1.517,2.021,43.81,1,0
3148,45,19.2,53817.0,14385.49,7.0,0.734,3,2,-26.0,0,1,1,0.45889,0.05,1.243,1.5,42.39,0,1
3149,41,35.8,47164.0,2917.26,5.7,0.406,1,2,10.0,0,1,0,0.27813,0.075,1.489,1.521,40.32,0,1
3150,31,11.1,113168.0,4890.6,16.2,0.866,0,2,45.0,0,1,1,0.44338,0.078,2.365,2.78,60.19,1,0
3151,30,1.0,68685.0,4377.76,16.5,0.99,0,1,32.0,1,1,0,0.56837,0.078,1.975,1.695,38.25,0,1
3152,42,41.2,120020.0,19695.49,8.3,0.821,1,2,-16.0,0,1,0,0.36823,0.048,1.544,1.386,39.68,0,1
3153,51,57.0,94366.0,70236.87,8.2,0.608,0,4,22.0,0,0,0,0.30543,0.03,0.722,0.818,16.89,1,0
3154,33,23.8,56721.0,4416.28,15.3,0.99,1,2,1.0,0,1,1,0.5289,0.048,1.387,1.517,34.47,0,1
3155,30,27.2,93370.0,2508.6,18.1,0.99,1,4,62.0,0,0,1,0.51604,0.048,2.624,2.991,66.57,1,0
3156,55,65.3,125849.0,58338.59,6.8,0.772,0,4,57.0,1,1,0,0.33745,0.093,0.994,1.01,19.98,1,0
3157,18,44.8,82575.0,2388.35,17.0,0.911,0,3,11.0,0,0,1,0.3275,0.048,2.574,2.322,51.71,0,1
3158,28,1.0,73730.0,1637.9,12.5,0.826,0,1,67.0,0,1,0,0.36082,0.078,2.025,1.745,42.19,0,1
3159,25,12.2,56772.0,4147.64,6.4,0.314,0,2,18.0,0,1,1,0.26787,0.105,2.197,2.398,54.6,1,0
3160,51,58.9,127117.0,70651.15,6.5,0.497,0,4,13.0,0,1,0,0.24388,0.075,0.633,0.495,15.67,0,1
3161,46,49.1,61930.0,2305.52,2.0,0.64,2,1,6.0,0,0,0,0.26584,0.075,1.027,0.895,27.3,0,1
3162,32,43.6,70160.0,3902.23,1.4,0.431,0,3,-3.0,0,0,1,0.20084,0.075,0.76,0.517,20.85,0,1
3163,30,31.5,117522.0,3434.56,12.7,0.774,1,2,62.0,0,1,0,0.40953,0.048,1.867,1.817,44.27,0,1
3164,43,21.5,68169.0,12790.94,7.7,0.7,1,1,-25.0,0,1,1,0.42126,0.075,1.378,1.88,50.12,0,1
3165,24,22.9,64740.0,16300.75,13.0,0.537,5,2,32.0,1,1,0,0.6016,0.005,1.139,1.514,37.76,0,1
3166,34,21.1,62527.0,6743.5,7.3,0.518,1,3,14.0,0,0,0,0.28906,0.075,1.725,1.171,29.34,1,0
3167,32,6.6,113021.0,2307.43,10.0,0.99,0,2,21.0,0,0,0,0.45185,0.078,1.61,1.187,34.9,0,1
3168,18,33.9,91572.0,1745.44,17.0,0.754,0,2,75.0,0,1,1,0.42032,0.048,1.965,2.542,63.97,1,0
3169,22,13.1,45513.0,8213.46,13.0,0.926,0,1,58.0,0,1,0,0.45346,0.078,2.47,2.38,53.31,1,0
3170,46,29.7,42607.0,3821.62,11.2,0.525,1,4,-11.0,0,1,0,0.35264,0.03,1.591,1.615,38.08,1,0
3171,42,31.3,47154.0,3820.68,3.4,0.347,0,3,23.0,1,1,1,0.45071,0.075,1.05,1.114,32.05,0,1
3172,41,11.0,76616.0,13260.06,8.3,0.429,2,3,10.0,0,1,1,0.39945,0.06,1.125,0.746,22.1,1,0
3173,44,31.6,71352.0,5775.33,12.2,0.597,2,1,-22.0,1,0,0,0.47468,0.03,1.226,1.436,36.61,0,1
3174,37,8.8,67798.0,2692.78,6.2,0.334,0,3,26.0,0,1,0,0.38748,0.105,1.434,0.872,26.7,1,0
3175,42,27.5,68669.0,15314.8,5.6,0.655,3,3,-16.0,0,0,1,0.46826,0.05,0.074,0.131,13.4,0,1
3176,27,9.0,110834.0,2661.13,13.0,0.895,0,2,59.0,0,0,1,0.40425,0.078,1.98,2.031,49.92,1,0
3177,36,14.3,72676.0,1660.8,0.0,0.396,0,2,7.0,1,1,1,0.28391,0.105,0.24,0.696,20.09,0,1
3178,45,64.7,140921.0,27477.89,15.0,0.544,0,4,15.0,0,1,1,0.40652,0.03,0.851,1.05,26.27,0,1
3179,38,18.7,103542.0,10326.57,13.7,0.99,2,1,56.0,1,1,1,0.55359,0.048,1.807,2.436,57.57,0,1
3180,60,59.4,88416.0,91168.65,11.2,0.721,0,4,27.0,0,1,1,0.24181,0.03,0.822,1.374,30.9,0,1
3181,45,26.4,57660.0,2813.43,3.1,0.355,0,1,13.0,0,0,0,0.23675,0.075,1.324,1.268,35.61,0,1
3182,26,5.6,78875.0,2832.61,13.1,0.75,1,1,52.0,0,1,0,0.47201,0.06,2.153,2.068,47.1,1,0
3183,42,70.2,162358.0,63905.82,8.1,0.432,0,5,62.0,0,0,0,0.21875,0.03,1.683,1.675,43.01,1,0
3184,38,13.5,47829.0,1520.49,15.1,0.99,0,2,36.0,0,1,0,0.39388,0.078,3.136,2.858,65.97,1,0
3185,33,10.2,70840.0,5285.8,18.2,0.99,0,1,28.0,0,1,0,0.4943,0.078,2.92,2.222,59.01,1,0
3186,31,6.5,84678.0,4373.37,18.2,0.99,0,2,75.0,0,1,1,0.50733,0.078,1.916,2.162,53.76,1,0
3187,31,19.1,67113.0,6955.97,2.9,0.417,1,1,10.0,0,0,0,0.34233,0.075,1.214,0.858,21.57,0,1
3188,38,44.4,81271.0,7428.87,0.6,0.519,0,1,-0.0,0,1,0,0.18467,0.075,0.203,0.23,11.38,1,0
3189,21,15.2,93348.0,2438.62,12.8,0.99,1,2,51.0,0,1,0,0.38005,0.078,2.148,1.968,46.27,1,0
3190,33,2.3,74762.0,5018.18,9.8,0.892,0,3,37.0,0,1,0,0.37834,0.078,1.391,1.102,31.63,1,0
3191,39,27.0,91193.0,3105.53,15.3,0.861,0,2,39.0,0,1,0,0.3753,0.048,1.154,1.093,33.68,0,1
3192,40,10.3,71978.0,3718.85,16.0,0.793,1,2,93.0,0,1,0,0.39311,0.078,2.057,2.23,45.92,0,1
3193,43,34.4,74911.0,11950.15,5.9,0.637,1,2,-27.0,0,0,0,0.34025,0.075,0.781,0.221,12.98,1,0
3194,28,23.7,89234.0,6435.05,5.6,0.652,4,1,-35.0,0,1,0,0.53014,0.05,1.051,0.996,33.0,0,1
3195,39,46.4,71125.0,9074.73,9.0,0.545,5,2,15.0,0,1,1,0.43683,0.005,1.821,1.751,39.65,0,1
3196,64,54.9,152169.0,59618.31,6.3,0.608,0,4,27.0,0,1,1,0.21283,0.075,0.447,0.69,23.16,1,0
3197,32,47.8,93337.0,21419.39,8.4,0.566,3,3,-2.0,0,1,0,0.37371,0.005,1.396,1.184,31.15,1,0
3198,29,3.4,92113.0,5428.81,15.0,0.987,0,3,56.0,0,1,0,0.36046,0.078,2.698,2.421,54.21,1,0
3199,39,12.5,106035.0,4857.99,16.7,0.749,0,3,11.0,0,1,0,0.4576,0.06,1.946,1.703,37.94,0,1
3200,39,38.8,110633.0,1460.64,3.0,0.308,1,3,32.0,0,1,0,0.2417,0.075,1.466,0.982,27.04,0,1
3201,52,24.0,71331.0,8409.66,3.2,0.311,1,1,-1.0,0,0,1,0.32215,0.075,0.693,0.781,22.64,0,1
3202,30,49.3,52091.0,4140.51,0.0,0.414,1,2,46.0,0,1,0,0.16935,0.075,0.305,0.0,5.0,0,1
3203,28,18.8,67744.0,3277.75,4.4,0.465,0,2,-5.0,0,0,1,0.28705,0.075,1.299,2.001,46.3,1,0
3204,47,34.1,81716.0,8454.71,9.2,0.472,2,2,22.0,0,1,0,0.3846,0.03,1.378,1.823,44.74,1,0
3205,27,44.9,69629.0,3792.54,4.0,0.53,0,1,43.0,0,1,0,0.17391,0.075,0.76,0.39,17.33,0,1
3206,48,43.8,206626.0,52846.94,13.2,0.801,0,4,25.0,0,1,0,0.38138,0.048,1.432,1.207,26.74,1,0
3207,29,1.0,48232.0,8054.13,16.4,0.946,0,3,40.0,0,1,1,0.48252,0.078,2.704,2.97,66.74,1,0
3208,36,6.5,114374.0,12821.18,15.6,0.99,2,1,38.0,0,1,0,0.53259,0.078,2.216,1.962,41.51,1,0
3209,33,25.8,125254.0,5268.92,17.3,0.799,0,1,73.0,0,1,0,0.33448,0.048,2.735,2.108,44.97,1,0
3210,32,1.0,88598.0,14073.71,21.7,0.802,0,2,47.0,0,1,1,0.50348,0.078,2.019,3.088,71.08,1,0
3211,46,69.2,161924.0,63640.88,8.7,0.697,0,4,44.0,0,0,0,0.19137,0.03,1.605,1.38,32.82,0,1
3212,47,37.3,67452.0,7693.35,3.0,0.586,1,3,-11.0,0,1,1,0.31506,0.075,0.28,0.383,12.62,0,1
3213,63,46.2,59101.0,1014.93,5.7,0.332,3,1,19.0,1,1,0,0.4239,0.05,0.657,0.718,19.26,0,1
3214,43,43.5,86931.0,8457.53,6.6,0.747,3,2,2.0,0,1,1,0.40627,0.05,1.783,1.585,38.21,1,0
3215,30,20.4,90179.0,12392.46,10.8,0.933,1,1,33.0,0,1,0,0.48878,0.048,2.501,1.496,38.56,0,1
3216,26,38.3,71674.0,1812.47,9.1,0.507,1,1,44.0,0,1,1,0.28094,0.03,1.142,1.039,28.32,0,1
3217,45,68.5,163441.0,33762.02,12.0,0.566,0,3,30.0,0,1,0,0.2632,0.03,1.653,1.013,25.47,1,0
3218,28,10.5,96863.0,5010.17,13.6,0.99,0,2,64.0,0,0,1,0.39327,0.078,3.181,2.833,61.21,1,0
3219,25,2.3,93984.0,8301.69,13.6,0.883,0,2,20.0,0,1,1,0.5643,0.078,2.421,3.191,63.57,1,0
3220,49,55.2,104656.0,24869.9,8.4,0.752,0,4,47.0,0,0,1,0.26956,0.048,1.659,1.891,47.24,1,0
3221,41,15.5,95149.0,2557.37,13.6,0.836,1,1,64.0,0,1,0,0.53617,0.078,1.924,2.027,48.5,0,1
3222,44,24.1,97452.0,4345.38,4.1,0.449,1,1,15.0,0,1,1,0.28781,0.075,0.8,1.207,30.11,0,1
3223,34,1.0,58577.0,1850.42,2.6,0.491,2,1,30.0,0,0,0,0.28848,0.105,1.204,0.919,22.49,0,1
3224,30,28.4,107935.0,2426.29,7.9,0.809,3,1,-21.0,1,1,0,0.64,0.068,0.95,0.513,18.01,1,0
3225,38,16.3,59327.0,14884.48,12.2,0.852,2,2,53.0,0,1,0,0.46202,0.078,1.164,1.57,38.62,0,1
3226,35,28.6,58528.0,5480.42,6.7,0.452,0,1,-19.0,0,1,0,0.29028,0.075,2.064,1.605,37.69,0,1
3227,26,50.5,60555.0,27211.61,12.3,0.655,1,2,-5.0,0,0,1,0.44012,0.03,2.18,2.777,53.64,0,1
3228,34,18.2,110291.0,7942.16,15.7,0.744,0,3,29.0,0,1,0,0.48711,0.03,2.044,1.721,41.33,1,0
3229,45,20.1,112123.0,12449.48,8.9,0.351,3,1,-9.0,0,0,0,0.39692,0.005,0.857,1.001,27.01,1,0
3230,32,40.2,134353.0,40688.03,9.7,0.53,0,5,60.0,0,1,1,0.31643,0.03,1.743,2.427,58.69,1,0
3231,43,70.2,189320.0,28355.4,8.0,0.746,2,3,67.0,0,1,1,0.30308,0.03,1.352,1.596,47.07,1,0
3232,28,5.6,118677.0,6277.34,20.7,0.99,1,2,20.0,0,1,1,0.52631,0.078,3.254,2.464,54.53,1,0
3233,54,72.4,136779.0,22334.55,4.4,0.538,0,5,58.0,0,1,0,0.17674,0.075,2.014,1.836,39.99,0,1
3234,25,32.8,78710.0,2245.84,18.3,0.766,1,2,71.0,0,1,0,0.37729,0.048,1.483,1.419,33.78,0,1
3235,23,1.0,92648.0,3626.0,15.7,0.99,1,3,50.0,0,1,0,0.50209,0.078,1.922,1.817,44.98,1,0
3236,34,22.6,60537.0,10418.13,13.0,0.838,0,2,70.0,0,1,1,0.3654,0.048,2.682,2.697,62.06,0,1
3237,32,37.5,60780.0,1346.55,10.6,0.389,0,1,2.0,0,0,0,0.36875,0.03,1.775,1.416,30.87,1,0
3238,33,28.2,135543.0,2040.8,22.4,0.99,1,3,34.0,0,1,1,0.60713,0.048,3.02,3.102,68.67,1,0
3239,41,36.8,120572.0,46997.15,7.4,0.782,0,5,24.0,0,0,0,0.2925,0.093,1.417,1.498,35.03,1,0
3240,40,51.8,173779.0,24433.0,9.2,0.743,0,4,48.0,0,0,0,0.28322,0.03,1.738,1.744,40.71,1,0
3241,40,6.6,67963.0,4113.13,3.2,0.242,0,1,8.0,0,1,0,0.22211,0.105,0.74,0.536,16.28,0,1
3242,40,37.3,68886.0,15223.63,8.2,0.452,4,1,-22.0,0,1,0,0.46924,0.005,1.62,1.162,31.43,0,1
3243,41,27.0,62639.0,4049.56,1.4,0.553,4,1,-3.0,0,1,0,0.37934,0.05,0.904,0.843,30.98,0,1
3244,25,1.0,121990.0,2983.56,12.5,0.935,0,3,44.0,1,1,0,0.47233,0.078,1.539,1.012,28.83,0,1
3245,23,12.4,88253.0,10360.33,21.0,0.814,0,4,28.0,0,1,0,0.58268,0.078,2.852,2.594,54.07,1,0
3246,48,40.6,87210.0,12959.4,8.9,0.552,1,3,5.0,0,1,1,0.42255,0.03,2.222,2.21,53.92,0,1
3247,38,63.8,212616.0,32562.91,8.1,0.762,0,3,57.0,0,1,0,0.23886,0.048,1.26,1.276,36.21,0,1
3248,44,23.8,54565.0,2958.21,2.3,0.598,3,1,29.0,1,1,1,0.44084,0.05,0.744,1.306,34.05,0,1
3249,44,17.6,44472.0,3825.57,5.0,0.429,2,1,65.0,1,0,0,0.38156,0.105,1.635,1.606,39.03,0,1
3250,55,49.3,222451.0,26126.41,3.9,0.564,0,4,42.0,0,1,1,0.20715,0.075,0.978,1.31,39.3,1,0
3251,30,21.8,61215.0,1039.07,2.4,0.4,1,1,42.0,0,1,1,0.3136,0.075,0.988,1.423,39.06,0,1
3252,32,31.6,91646.0,13027.26,5.8,0.738,3,3,-5.0,0,1,1,0.35029,0.05,0.72,0.573,22.36,0,1
3253,28,23.4,61862.0,7050.23,19.5,0.99,1,2,39.0,0,1,1,0.58476,0.048,2.242,2.874,58.89,0,1
3254,40,70.4,153263.0,7170.99,3.5,0.661,1,5,36.0,0,1,1,0.24318,0.075,0.846,0.957,28.53,1,0
3255,22,17.0,56518.0,6271.51,12.8,0.842,1,2,47.0,0,1,0,0.3666,0.078,2.439,1.729,41.68,1,0
3256,40,35.1,60024.0,9396.4,0.0,0.549,0,2,8.0,0,1,0,0.21831,0.075,1.318,1.308,28.4,1,0
3257,34,11.5,63803.0,2162.17,13.6,0.99,1,3,23.0,0,1,0,0.58403,0.078,1.554,1.154,32.76,1,0
3258,42,44.7,108884.0,30511.28,6.8,0.48,0,5,15.0,0,1,0,0.38812,0.075,2.326,2.096,42.81,1,0
3259,43,36.7,66342.0,7107.52,11.6,0.564,1,2,14.0,0,1,0,0.33477,0.03,1.409,0.976,28.4,1,0
3260,32,17.5,40916.0,13241.36,15.4,0.99,2,3,60.0,0,1,1,0.50203,0.078,1.655,2.391,51.47,0,1
3261,40,22.0,55565.0,9324.94,14.9,0.908,0,2,78.0,0,1,1,0.37701,0.048,1.883,2.193,47.59,1,0
3262,42,15.8,88936.0,4519.81,9.8,0.536,3,3,-15.0,1,0,1,0.53001,0.035,1.108,0.868,25.55,0,1
3263,36,37.5,83480.0,5620.69,14.8,0.92,0,2,35.0,0,1,0,0.49277,0.048,1.715,1.534,33.91,1,0
3264,52,70.5,103257.0,142946.84,14.5,0.681,0,5,12.0,0,1,0,0.32949,0.03,3.075,2.518,52.86,1,0
3265,56,58.5,160001.0,21320.64,6.4,0.516,1,3,54.0,0,1,0,0.22719,0.075,1.138,0.843,23.97,0,1
3266,20,4.8,59956.0,4467.49,17.1,0.91,0,1,27.0,0,1,1,0.45425,0.078,2.279,2.501,55.95,1,0
3267,28,28.9,92357.0,6283.06,18.2,0.94,0,2,43.0,0,1,0,0.4425,0.048,3.331,3.188,63.61,0,1
3268,35,8.8,57186.0,2017.94,2.8,0.376,0,1,16.0,0,1,0,0.28445,0.105,0.715,0.676,19.69,1,0
3269,33,49.1,54042.0,9437.53,4.9,0.344,2,2,-20.0,0,1,0,0.32447,0.075,0.671,0.33,16.58,0,1
3270,32,8.6,74154.0,3309.65,14.6,0.841,1,2,59.0,0,1,1,0.48117,0.078,1.509,2.105,51.89,0,1
3271,39,42.6,117755.0,1216.21,5.2,0.323,1,2,29.0,0,1,0,0.30486,0.075,1.734,1.154,31.33,0,1
3272,41,28.8,58662.0,5687.12,9.3,0.684,2,2,-3.0,0,1,1,0.41007,0.03,1.094,1.174,31.71,1,0
3273,37,50.0,76542.0,12230.15,8.6,0.482,2,2,-10.0,0,1,1,0.36567,0.03,1.261,1.128,31.63,0,1
3274,33,22.2,88911.0,4761.81,5.9,0.611,1,1,-9.0,0,1,0,0.3747,0.075,0.712,0.288,13.23,1,0
3275,46,31.2,55524.0,9736.4,14.0,0.549,3,4,19.0,0,1,0,0.44778,0.005,1.772,1.021,23.04,0,1
3276,37,31.7,38363.0,4324.39,6.1,0.352,0,1,11.0,1,1,1,0.3083,0.075,1.652,1.968,49.6,0,1
3277,42,69.9,117326.0,14584.05,3.7,0.791,1,5,34.0,0,0,0,0.31392,0.093,0.266,0.384,19.6,1,0
3278,37,44.2,88387.0,5545.77,7.9,0.576,4,2,-21.0,1,0,0,0.52958,0.05,0.207,0.033,14.6,0,1
3279,37,56.2,125828.0,40147.77,3.8,0.566,0,5,-19.0,0,1,0,0.31742,0.075,1.088,0.586,19.2,1,0
3280,29,17.0,71403.0,7103.91,18.1,0.816,0,2,65.0,0,1,0,0.38116,0.078,1.791,2.061,41.4,1,0
3281,37,46.0,92072.0,5636.32,8.9,0.627,1,4,-8.0,0,1,0,0.37544,0.03,1.432,1.244,34.32,1,0
3282,25,7.5,61131.0,4966.57,16.0,0.99,0,3,27.0,0,1,1,0.50484,0.078,1.82,2.678,57.63,1,0
3283,40,22.9,74200.0,3741.62,13.7,0.99,1,3,84.0,0,1,1,0.433,0.048,1.908,2.417,49.03,1,0
3284,21,13.4,50501.0,7222.35,15.1,0.882,0,2,52.0,0,1,1,0.40232,0.078,1.96,2.151,43.65,1,0
3285,34,18.5,82875.0,6307.23,18.1,0.875,0,4,40.0,0,1,0,0.37967,0.048,3.466,3.091,70.62,1,0
3286,53,32.0,76603.0,6275.65,11.9,0.604,0,4,11.0,0,1,1,0.41165,0.03,2.3,2.153,46.83,1,0
3287,46,21.5,89252.0,10918.19,11.3,0.608,2,2,-1.0,0,1,1,0.37127,0.03,1.244,1.381,38.21,0,1
3288,49,58.9,101295.0,24472.42,3.8,0.555,0,4,41.0,0,1,0,0.17222,0.075,1.716,1.663,38.36,1,0
3289,21,17.7,72163.0,6057.9,15.5,0.99,1,3,32.0,0,1,1,0.52163,0.078,0.482,0.931,22.06,0,1
3290,39,60.8,97716.0,43470.27,8.7,0.642,0,3,47.0,0,1,1,0.25117,0.03,1.985,1.819,41.02,0,1
3291,46,80.9,129128.0,149443.16,6.0,0.699,0,5,52.0,0,1,0,0.23157,0.075,1.8,1.394,35.0,1,0
3292,30,34.1,88025.0,2411.0,0.0,0.477,2,2,-1.0,0,1,1,0.23101,0.075,0.471,0.379,13.56,0,1
3293,33,34.5,66027.0,7298.12,5.5,0.634,3,2,-44.0,0,0,1,0.45471,0.05,0.765,1.446,37.35,0,1
3294,47,52.8,95436.0,21010.77,12.0,0.53,2,2,52.0,0,0,1,0.40501,0.03,1.304,1.419,26.4,0,1
3295,48,52.1,114857.0,16352.82,4.8,0.639,0,4,46.0,0,1,1,0.18178,0.075,1.666,2.074,52.95,1,0
3296,38,45.7,38190.0,2229.8,4.6,0.681,1,1,26.0,0,1,0,0.30385,0.075,0.299,0.615,17.54,0,1
3297,26,9.9,41582.0,4622.46,4.1,0.605,1,1,11.0,0,1,0,0.37201,0.105,1.487,1.116,29.5,0,1
3298,44,63.4,165409.0,51680.78,7.6,0.657,3,4,52.0,0,1,0,0.28876,0.05,1.388,1.041,29.33,0,1
3299,48,66.3,93387.0,38780.9,7.1,0.6,0,5,22.0,0,1,0,0.26432,0.075,1.473,1.28,28.56,0,1
3300,28,12.3,82687.0,3712.96,18.1,0.656,1,2,40.0,0,0,1,0.47634,0.06,2.024,2.318,49.88,0,1
3301,48,10.0,59412.0,2176.94,4.6,0.375,0,2,-10.0,0,0,0,0.30174,0.105,1.415,1.023,29.9,0,1
3302,51,52.6,119551.0,17633.42,6.3,0.631,0,5,56.0,0,1,1,0.23362,0.075,2.0,1.933,40.26,0,1
3303,18,9.4,80811.0,3133.34,16.1,0.865,1,1,43.0,0,1,0,0.40101,0.078,3.044,1.912,49.39,1,0
3304,38,13.5,45804.0,1292.76,1.1,0.403,2,1,14.0,0,1,0,0.27986,0.105,0.3,0.315,14.97,1,0
3305,42,46.9,90350.0,19337.56,10.3,0.658,3,3,0.0,0,1,0,0.41821,0.005,1.868,1.645,38.96,1,0
3306,28,15.9,62940.0,14853.36,14.2,0.79,0,2,39.0,0,1,0,0.39826,0.078,3.141,2.53,55.83,0,1
3307,21,9.7,68471.0,1278.6,14.3,0.93,0,3,60.0,0,1,1,0.47777,0.078,3.344,3.098,64.71,1,0
3308,41,17.3,66307.0,5430.87,17.4,0.888,0,2,76.0,0,1,0,0.34424,0.078,0.874,0.557,18.48,0,1
3309,31,39.0,86732.0,9551.43,7.9,0.493,2,3,11.0,0,0,1,0.40825,0.075,1.1,1.813,44.94,1,0
3310,34,11.9,88035.0,5154.15,15.1,0.99,0,3,11.0,0,0,1,0.56714,0.078,1.02,1.947,54.99,1,0
3311,36,32.8,29069.0,2040.77,7.7,0.512,0,1,12.0,0,1,1,0.37789,0.075,0.799,1.734,38.28,0,1
3312,39,6.7,63192.0,5831.34,1.9,0.343,0,2,13.0,0,0,1,0.32276,0.105,0.57,0.948,26.55,0,1
3313,50,45.1,44953.0,10446.34,10.3,0.647,3,1,16.0,0,0,1,0.4455,0.005,1.663,1.88,40.73,1,0
3314,42,30.9,65661.0,15668.0,11.6,0.437,2,2,-18.0,0,0,0,0.43238,0.03,1.127,0.776,22.37,1,0
3315,25,15.4,73812.0,2786.24,19.2,0.827,1,2,24.0,0,1,0,0.42332,0.078,1.502,1.277,32.92,0,1
3316,37,7.7,69108.0,1831.27,21.9,0.99,1,3,60.0,0,1,1,0.54559,0.078,3.203,3.006,71.33,1,0
3317,31,7.3,67543.0,3980.08,2.8,0.469,1,1,10.0,0,0,1,0.35427,0.105,0.316,0.573,23.3,1,0
3318,30,1.0,92310.0,2406.48,13.7,0.93,0,2,32.0,1,1,1,0.41697,0.078,1.238,1.675,37.7,1,0
3319,20,6.8,61676.0,8931.35,18.2,0.99,0,2,39.0,0,1,0,0.44386,0.078,2.336,1.779,44.29,1,0
3320,42,69.1,110898.0,8031.99,10.5,0.707,1,4,7.0,0,0,0,0.35415,0.03,1.607,1.021,33.39,0,1
3321,29,4.5,75265.0,3318.55,13.9,0.871,0,2,47.0,0,1,0,0.33165,0.078,2.46,1.63,42.32,1,0
3322,52,43.4,90962.0,21442.75,9.3,0.743,1,4,28.0,0,0,0,0.44821,0.03,1.676,1.367,28.5,0,1
3323,26,20.1,63300.0,6445.59,16.4,0.404,1,2,2.0,0,1,0,0.47134,0.03,1.769,0.769,25.66,1,0
3324,38,17.4,84904.0,3554.9,4.8,0.357,3,2,6.0,0,0,0,0.38807,0.08,1.059,0.572,16.45,0,1
3325,32,26.9,47941.0,10350.09,11.5,0.579,5,2,-7.0,0,1,0,0.60559,0.005,1.246,1.016,26.22,0,1
3326,44,20.5,53823.0,4546.88,8.8,0.49,0,1,1.0,0,1,0,0.30867,0.03,1.211,0.884,23.76,0,1
3327,47,74.4,117605.0,52272.85,14.8,0.604,1,4,29.0,0,0,0,0.37482,0.03,0.974,0.526,22.15,0,1
3328,27,37.0,101389.0,2683.5,5.2,0.234,0,3,-11.0,0,0,0,0.21153,0.075,1.302,0.966,28.32,1,0
3329,50,86.1,119347.0,126014.09,11.4,0.428,1,3,54.0,0,1,0,0.18229,0.03,1.908,1.88,47.22,1,0
3330,23,1.0,66765.0,11086.03,13.9,0.893,1,3,43.0,0,0,1,0.46513,0.078,2.089,2.666,59.34,1,0
3331,44,11.7,44667.0,2449.34,4.6,0.377,0,2,-28.0,0,0,0,0.37431,0.105,0.88,0.654,22.45,1,0
3332,29,24.4,76192.0,4116.94,14.8,0.8,1,1,14.0,0,1,1,0.55266,0.048,2.426,2.397,54.67,1,0
3333,28,10.6,81751.0,3624.07,10.9,0.782,0,2,64.0,0,1,0,0.33851,0.078,2.003,1.899,40.56,1,0
3334,33,26.3,59833.0,5698.61,11.7,0.915,2,2,43.0,0,1,1,0.43607,0.048,1.394,1.877,40.25,1,0
3335,42,64.5,180225.0,17012.98,9.2,0.783,1,4,34.0,0,1,1,0.25739,0.048,1.574,1.765,50.55,0,1
3336,40,81.0,148479.0,19154.48,9.2,0.655,1,4,34.0,0,1,0,0.34515,0.03,1.37,0.637,22.93,1,0
3337,41,43.5,90620.0,1955.51,6.2,0.735,1,3,1.0,0,1,0,0.35856,0.075,0.771,0.469,24.89,0,1
3338,27,34.7,53998.0,2315.17,8.7,0.389,2,2,39.0,0,0,1,0.32718,0.03,1.815,1.867,36.12,0,1
3339,21,11.1,81158.0,8990.52,13.0,0.949,0,1,52.0,0,1,0,0.30555,0.078,1.737,1.43,35.42,0,1
3340,44,29.8,67974.0,7246.92,9.7,0.739,1,1,-2.0,0,0,1,0.30683,0.03,1.492,1.818,36.47,0,1
3341,53,58.3,204553.0,30061.06,6.9,0.623,0,5,23.0,0,0,0,0.27147,0.075,2.595,2.026,46.31,0,1
3342,26,3.9,60881.0,3594.54,4.8,0.433,1,1,-19.0,0,1,0,0.27067,0.105,1.326,1.356,39.64,1,0
3343,25,33.7,76180.0,2345.79,18.4,0.859,0,2,53.0,0,1,0,0.45825,0.048,1.568,1.592,40.56,1,0
3344,23,24.9,67155.0,4574.57,18.0,0.965,1,3,55.0,0,1,0,0.52044,0.048,1.804,1.527,35.58,1,0
3345,61,57.9,120054.0,57079.79,9.9,0.739,0,5,55.0,0,1,0,0.2319,0.03,1.886,2.101,47.22,0,1
3346,44,46.7,76773.0,9764.05,10.6,0.629,3,2,25.0,0,1,0,0.4291,0.005,1.778,1.241,29.97,0,1
3347,32,14.4,73613.0,5665.64,1.1,0.405,1,1,-12.0,0,1,0,0.24293,0.105,1.108,0.962,26.41,0,1
3348,42,8.9,59850.0,18194.64,12.1,0.425,3,2,-20.0,0,1,0,0.55332,0.035,1.205,0.543,17.01,0,1
3349,26,34.1,61051.0,4614.93,1.6,0.425,0,1,23.0,0,1,1,0.36574,0.075,0.52,0.786,23.54,0,1
3350,44,46.7,145036.0,20126.7,7.7,0.619,1,4,34.0,0,1,0,0.30478,0.075,0.977,1.176,33.33,0,1
3351,30,13.7,83721.0,3598.04,15.1,0.926,0,2,71.0,0,1,1,0.48755,0.078,2.721,2.966,66.57,1,0
3352,32,18.5,47928.0,15792.66,16.9,0.913,1,1,40.0,1,1,1,0.59825,0.048,2.036,1.903,47.8,1,0
3353,28,20.6,59208.0,5519.5,14.7,0.99,0,4,82.0,1,1,0,0.44328,0.048,2.988,2.589,57.42,0,1
3354,51,72.2,95438.0,35994.2,7.6,0.563,1,4,35.0,0,0,0,0.29945,0.075,1.002,0.622,16.93,1,0
3355,50,69.0,139231.0,18297.46,12.4,0.467,0,4,65.0,0,0,0,0.21247,0.03,1.083,1.193,30.72,0,1
3356,48,68.6,108201.0,30153.05,4.5,0.514,0,4,-12.0,0,1,0,0.25019,0.075,1.696,1.124,30.15,1,0
3357,36,21.5,62971.0,12744.3,9.0,0.52,2,3,1.0,0,1,1,0.38808,0.03,0.686,0.822,25.58,0,1
3358,46,65.5,99963.0,32310.29,5.0,0.759,0,4,34.0,0,0,0,0.30849,0.093,0.943,1.162,31.56,0,1
3359,40,12.9,64573.0,5707.87,10.8,0.447,3,4,-48.0,1,0,0,0.5287,0.035,1.854,1.655,42.79,0,1
3360,41,49.7,53152.0,6636.87,7.0,0.462,2,1,-8.0,0,1,1,0.29641,0.075,0.083,0.267,13.32,1,0
3361,50,45.2,169337.0,69437.17,8.1,0.686,0,3,10.0,0,0,0,0.26278,0.03,0.472,0.688,18.83,1,0
3362,41,57.8,157063.0,49392.25,4.4,0.733,0,3,24.0,1,1,0,0.33858,0.075,1.015,0.67,17.27,0,1
3363,31,15.2,74980.0,11319.96,12.5,0.42,2,3,-2.0,1,0,1,0.48729,0.06,0.892,1.431,38.16,0,1
3364,41,22.2,66363.0,10654.85,9.2,0.395,1,3,-10.0,0,0,0,0.27942,0.03,0.689,0.924,27.88,0,1
3365,59,62.2,79605.0,14831.69,8.4,0.553,0,4,41.0,1,1,1,0.34966,0.03,2.582,3.051,61.74,1,0
3366,50,55.7,121941.0,38197.22,10.2,0.712,0,4,37.0,0,1,0,0.23733,0.03,1.343,0.828,25.32,0,1
3367,35,44.7,58620.0,16016.93,5.6,0.606,2,3,37.0,0,1,1,0.2948,0.075,1.091,1.244,29.44,0,1
3368,40,33.7,76971.0,6752.03,7.3,0.508,1,2,-3.0,0,1,0,0.32416,0.075,0.645,0.756,26.09,0,1
3369,21,10.4,89842.0,8494.39,16.5,0.981,0,3,46.0,0,1,0,0.39889,0.078,1.338,1.258,33.63,0,1
3370,58,60.4,150642.0,45610.29,3.2,0.654,2,4,42.0,0,1,1,0.21199,0.075,1.284,1.543,40.16,1,0
3371,36,36.6,82977.0,5137.67,0.0,0.418,1,1,10.0,0,1,0,0.27158,0.075,0.182,0.049,8.95,0,1
3372,24,26.9,65189.0,4651.48,13.8,0.722,0,2,14.0,0,0,1,0.43013,0.03,0.636,1.046,32.46,0,1
3373,34,8.3,50044.0,5338.22,1.4,0.345,0,2,23.0,0,0,0,0.23325,0.105,0.658,0.422,18.58,0,1
3374,25,7.8,100581.0,1736.78,15.1,0.99,0,3,69.0,0,1,1,0.44499,0.078,2.523,3.08,71.37,1,0
3375,58,67.7,144334.0,32696.91,9.4,0.603,1,3,64.0,0,0,0,0.21299,0.03,1.169,0.812,24.89,1,0
3376,48,66.2,129097.0,50866.04,10.0,0.535,0,4,47.0,0,1,0,0.28488,0.03,1.338,0.999,30.94,1,0
3377,30,3.4,125123.0,5455.76,20.9,0.858,0,2,39.0,0,1,0,0.53249,0.078,1.582,1.473,35.05,1,0
3378,39,31.0,68960.0,6115.14,4.4,0.443,3,3,15.0,0,0,0,0.37678,0.05,1.13,0.731,24.4,0,1
3379,44,51.3,131080.0,28893.64,8.4,0.737,2,4,68.0,0,0,0,0.35882,0.03,1.288,1.054,29.85,1,0
3380,36,37.6,49025.0,2101.74,4.4,0.498,1,1,6.0,1,1,0,0.38902,0.075,0.761,0.681,26.18,0,1
3381,31,22.4,108733.0,1550.66,16.9,0.826,2,1,21.0,1,1,1,0.57519,0.048,1.299,1.469,34.96,1,0
3382,24,8.4,62391.0,2512.26,5.6,0.57,0,2,52.0,0,1,0,0.27898,0.105,1.858,1.92,42.07,1,0
3383,37,15.7,59392.0,4197.89,7.0,0.52,0,1,-9.0,0,0,1,0.26133,0.105,0.704,1.256,32.22,0,1
3384,38,24.4,86424.0,13119.47,11.5,0.541,4,2,-38.0,0,0,1,0.58434,0.005,1.11,1.909,46.91,0,1
3385,30,17.9,96386.0,1812.32,17.4,0.886,0,3,50.0,0,1,1,0.40668,0.078,2.171,2.1,57.61,1,0
3386,38,28.6,83524.0,17174.11,13.1,0.656,1,3,-0.0,0,0,1,0.39441,0.03,1.314,1.678,43.52,0,1
3387,40,17.3,91409.0,4246.38,9.1,0.708,2,2,1.0,0,0,0,0.41476,0.06,0.592,0.317,14.46,1,0
3388,44,5.3,66647.0,2772.82,2.8,0.263,1,1,27.0,0,0,0,0.22195,0.105,0.792,0.817,24.65,0,1
3389,41,68.6,160304.0,22109.45,6.8,0.648,0,2,31.0,0,1,0,0.24804,0.075,0.597,0.566,20.48,0,1
3390,27,19.4,62377.0,5901.99,15.7,0.897,1,2,41.0,0,1,1,0.51402,0.048,2.407,2.255,48.33,1,0
3391,34,17.3,123907.0,4783.76,13.1,0.837,0,2,33.0,0,0,1,0.34161,0.078,0.945,0.952,23.72,0,1
3392,41,34.2,51603.0,12430.1,7.3,0.527,0,3,-5.0,0,1,0,0.30227,0.075,1.313,1.106,35.29,0,1
3393,38,14.6,64140.0,9945.15,1.4,0.546,0,2,20.0,0,1,1,0.27694,0.105,1.586,1.937,39.93,1,0
3394,48,18.2,52974.0,5828.04,16.9,0.959,2,1,61.0,0,1,0,0.38251,0.048,0.88,1.429,28.58,0,1
3395,39,52.5,57457.0,2062.19,5.5,0.662,0,1,-7.0,0,1,0,0.3726,0.075,1.283,1.097,31.61,0,1
3396,43,36.1,50566.0,4048.34,0.0,0.367,3,3,-14.0,0,0,0,0.29105,0.05,0.485,0.487,14.87,0,1
3397,27,12.5,78837.0,15933.41,14.2,0.915,0,2,61.0,0,1,0,0.35641,0.078,1.214,0.753,21.29,1,0
3398,22,9.7,83347.0,6894.32,20.9,0.934,1,3,34.0,0,1,1,0.56148,0.078,2.378,3.092,62.38,1,0
3399,36,1.0,55615.0,14792.83,10.7,0.689,2,3,-27.0,0,0,0,0.46149,0.06,2.074,1.496,37.59,0,1
3400,43,43.8,71430.0,2839.47,10.2,0.739,3,3,-43.0,0,1,0,0.49614,0.005,0.776,0.715,21.75,0,1
3401,32,25.4,110722.0,5786.62,14.2,0.91,0,3,71.0,0,1,0,0.34243,0.048,1.547,1.342,35.84,0,1
3402,38,15.5,41398.0,2520.36,5.3,0.31,2,2,15.0,0,1,0,0.38526,0.105,0.172,0.302,17.35,0,1
3403,36,13.8,57172.0,5141.58,9.0,0.512,0,1,2.0,0,1,1,0.47786,0.06,1.103,0.807,28.95,0,1
3404,32,8.1,74436.0,2956.8,2.3,0.446,1,3,18.0,0,0,0,0.31848,0.105,1.667,1.552,32.72,0,1
3405,34,27.3,60248.0,3219.49,3.2,0.554,0,1,14.0,0,1,1,0.26693,0.075,0.635,0.768,19.53,1,0
3406,40,20.9,61458.0,1999.22,3.2,0.271,2,2,10.0,1,1,0,0.32,0.075,0.966,1.05,22.9,0,1
3407,55,70.3,181867.0,36170.26,4.0,0.511,1,4,33.0,0,1,0,0.2835,0.075,0.74,0.526,15.74,0,1
3408,22,17.0,61334.0,4020.12,12.4,0.983,1,2,25.0,0,1,1,0.41548,0.078,1.309,1.82,41.64,0,1
3409,54,73.6,119945.0,50517.57,7.5,0.498,0,3,0.0,0,1,1,0.27208,0.075,2.138,2.293,52.04,0,1
3410,24,20.4,63894.0,5217.41,13.7,0.776,1,3,87.0,0,0,0,0.35989,0.048,2.833,2.288,53.93,0,1
3411,41,40.9,65539.0,10214.33,8.2,0.715,1,3,-7.0,0,1,0,0.3054,0.03,1.463,1.237,34.93,1,0
3412,28,1.0,109115.0,8505.22,11.7,0.876,0,2,36.0,0,1,0,0.39298,0.078,1.433,1.308,31.4,0,1
3413,60,47.2,87179.0,45899.64,10.2,0.607,0,4,19.0,0,1,1,0.26753,0.03,1.234,1.313,32.89,1,0
3414,26,11.6,55053.0,4482.24,21.6,0.99,0,3,64.0,0,0,1,0.58585,0.078,3.182,3.134,67.75,1,0
3415,30,29.0,52562.0,1159.02,18.8,0.783,0,2,47.0,0,1,0,0.39382,0.048,2.231,1.648,41.27,1,0
3416,33,38.6,110962.0,6283.96,19.1,0.761,1,2,28.0,0,1,1,0.47171,0.048,2.684,2.926,68.0,1,0
3417,32,29.0,60994.0,4422.44,10.7,0.769,4,2,-14.0,0,0,1,0.50803,0.023,0.458,0.231,16.16,0,1
3418,34,14.7,54019.0,2836.46,5.2,0.456,1,3,16.0,0,0,0,0.25601,0.105,0.666,0.264,15.23,0,1
3419,27,1.0,49145.0,5727.38,16.2,0.975,2,2,37.0,0,1,0,0.58942,0.078,2.056,1.637,33.3,1,0
3420,31,32.4,54965.0,7135.49,2.0,0.396,1,2,25.0,0,1,0,0.24404,0.075,1.102,0.799,30.48,0,1
3421,32,15.4,74552.0,9935.58,6.4,0.418,2,1,50.0,0,1,1,0.44916,0.105,0.437,0.831,21.09,0,1
3422,57,97.5,147754.0,17583.2,9.7,0.563,0,3,26.0,0,1,1,0.29183,0.03,1.808,1.323,38.23,1,0
3423,34,22.1,69933.0,3401.21,7.7,0.625,2,2,-13.0,0,1,1,0.41773,0.075,1.688,1.874,44.14,0,1
3424,53,87.3,90444.0,39545.51,9.4,0.731,0,4,18.0,0,1,0,0.29426,0.03,1.755,1.469,32.27,1,0
3425,31,25.0,69560.0,5268.02,14.1,0.922,0,2,41.0,0,1,0,0.40166,0.048,1.88,1.953,40.92,1,0
3426,28,18.7,74913.0,3662.78,7.3,0.707,4,2,-45.0,0,0,1,0.47578,0.05,0.275,0.61,21.66,1,0
3427,33,18.8,58145.0,4451.7,18.1,0.973,0,2,65.0,0,1,0,0.37325,0.048,1.911,2.185,55.13,1,0
3428,25,31.3,70412.0,4423.87,5.7,0.315,1,3,-15.0,0,1,0,0.25759,0.075,0.691,0.563,21.19,0,1
3429,39,19.3,74926.0,1348.53,3.9,0.414,0,1,-5.0,0,0,0,0.33189,0.075,1.298,0.881,26.77,1,0
3430,31,32.1,51152.0,1571.66,3.6,0.381,0,2,12.0,0,0,1,0.25069,0.075,1.092,1.343,33.28,0,1
3431,38,40.8,87588.0,5263.19,9.5,0.673,4,3,18.0,0,0,1,0.50163,0.005,1.088,1.159,29.74,0,1
3432,29,38.2,69898.0,6969.0,4.0,0.641,0,2,-24.0,0,0,0,0.32915,0.075,0.877,0.992,25.29,1,0
3433,36,21.8,80420.0,4710.03,2.5,0.444,0,1,6.0,1,0,0,0.28465,0.075,1.309,0.971,27.14,0,1
3434,35,1.9,131625.0,3639.57,12.6,0.99,2,2,50.0,0,0,1,0.46418,0.078,2.696,2.947,72.37,1,0
3435,23,15.1,56568.0,4664.75,16.0,0.695,0,4,31.0,0,0,1,0.52833,0.06,1.909,2.188,42.03,1,0
3436,34,33.1,88626.0,34448.21,11.9,0.524,3,2,-10.0,0,1,1,0.5038,0.005,1.276,1.787,43.17,0,1
3437,52,39.5,196290.0,17186.67,9.3,0.583,0,7,4.0,0,0,1,0.24517,0.03,1.692,1.89,42.08,1,0
3438,52,64.0,106184.0,20932.23,6.6,0.668,0,5,24.0,0,1,0,0.19424,0.075,2.495,2.025,46.88,0,1
3439,18,14.8,65069.0,6992.48,14.1,0.961,1,2,67.0,0,0,1,0.48223,0.078,2.204,2.639,55.44,1,0
3440,52,15.4,61457.0,15205.69,7.0,0.59,2,3,7.0,0,1,0,0.34668,0.105,1.579,1.024,28.63,0,1
3441,33,12.0,73324.0,5892.6,21.4,0.755,0,1,36.0,0,0,1,0.48582,0.078,2.866,2.885,65.54,1,0
3442,34,12.3,69028.0,14583.73,16.2,0.945,0,3,25.0,0,1,0,0.34928,0.078,2.547,2.088,49.13,1,0
3443,28,39.2,72038.0,5531.3,16.5,0.914,0,1,40.0,0,1,1,0.39346,0.048,1.241,1.591,37.63,1,0
3444,36,64.6,173038.0,8857.53,2.3,0.478,1,5,6.0,0,1,0,0.28068,0.075,1.276,1.371,40.85,1,0
3445,40,34.4,35363.0,3195.23,1.3,0.398,0,1,6.0,0,0,0,0.20344,0.075,0.34,0.165,12.7,0,1
3446,45,60.6,106092.0,22078.33,7.9,0.681,1,3,26.0,0,0,0,0.25894,0.075,1.094,0.817,24.62,1,0
3447,42,8.5,86276.0,19666.55,7.7,0.772,1,4,-16.0,0,0,0,0.40192,0.123,0.808,0.411,10.94,0,1
3448,33,30.1,68497.0,5615.99,4.9,0.31,0,1,7.0,0,1,1,0.25114,0.075,0.636,1.588,37.18,1,0
3449,51,54.1,103694.0,11386.6,8.3,0.727,0,3,44.0,0,1,0,0.26593,0.03,1.615,1.566,41.93,1,0
3450,30,18.0,68625.0,7216.13,6.1,0.312,1,2,-10.0,1,0,0,0.29188,0.075,1.552,1.49,34.23,1,0
3451,44,18.4,103020.0,14732.13,4.0,0.45,2,2,10.0,0,1,0,0.35218,0.075,0.659,0.51,14.19,0,1
3452,30,31.9,71053.0,6478.84,6.0,0.457,1,4,13.0,0,1,0,0.27764,0.075,1.881,1.774,35.7,1,0
3453,45,28.8,57892.0,4276.31,15.7,0.967,0,2,86.0,0,1,0,0.39872,0.048,1.298,1.201,30.07,1,0
3454,45,27.2,96252.0,11122.75,14.3,0.914,0,1,50.0,1,1,1,0.39875,0.048,1.273,1.478,44.05,0,1
3455,46,41.0,93950.0,832.88,3.7,0.395,0,2,38.0,0,1,1,0.26898,0.075,0.627,0.941,27.97,1,0
3456,44,42.7,46445.0,4007.31,4.8,0.48,0,2,29.0,0,1,1,0.27094,0.075,1.309,1.492,36.85,0,1
3457,34,1.0,59629.0,6106.35,2.5,0.434,1,1,14.0,0,1,0,0.27961,0.105,0.094,0.452,19.89,0,1
3458,43,7.7,79192.0,2831.9,5.0,0.442,1,1,-13.0,0,0,1,0.35213,0.105,0.232,0.647,25.33,0,1
3459,28,1.0,78404.0,6856.65,17.5,0.867,0,2,61.0,0,0,1,0.5422,0.078,3.226,3.629,81.91,1,0
3460,24,29.6,36810.0,3208.05,4.7,0.317,1,2,15.0,0,1,0,0.32891,0.075,0.807,0.786,19.83,0,1
3461,60,53.7,155551.0,19223.06,9.9,0.826,0,4,68.0,0,1,0,0.36578,0.048,2.372,2.529,61.25,1,0
3462,43,16.1,45298.0,1773.12,0.0,0.584,2,2,24.0,0,1,1,0.32681,0.105,0.916,1.57,41.79,0,1
3463,29,13.4,53927.0,7147.99,14.4,0.99,0,3,64.0,0,1,0,0.38556,0.078,2.472,2.73,58.89,1,0
3464,20,20.6,47667.0,2976.86,18.4,0.841,1,2,33.0,1,1,1,0.58631,0.048,2.624,2.987,68.12,1,0
3465,31,4.2,81365.0,1113.64,2.2,0.355,2,1,15.0,0,1,1,0.39801,0.105,0.467,1.076,24.03,1,0
3466,22,6.9,47095.0,3248.43,1.8,0.384,0,2,-27.0,0,1,0,0.30069,0.105,0.209,0.062,7.02,0,1
3467,45,31.0,78781.0,5731.28,8.7,0.708,4,2,3.0,0,1,1,0.44724,0.005,1.306,1.491,39.12,0,1
3468,38,76.4,161349.0,14677.5,8.0,0.64,0,3,57.0,0,1,1,0.24127,0.03,1.603,1.456,41.94,1,0
3469,51,61.7,144163.0,33527.69,6.6,0.58,0,3,60.0,0,1,0,0.26215,0.075,1.79,1.707,42.3,1,0
3470,29,12.5,63919.0,4939.89,9.5,0.47,0,1,3.0,0,1,0,0.3458,0.06,1.535,1.762,42.8,1,0
3471,39,36.2,152954.0,32421.88,8.8,0.559,0,3,-0.0,0,0,0,0.35461,0.03,0.719,0.642,16.43,0,1
3472,51,73.4,143243.0,16001.45,5.6,0.491,0,4,24.0,0,0,0,0.20222,0.075,0.167,0.645,20.48,1,0
3473,36,22.2,58640.0,10942.06,5.1,0.604,0,4,-9.0,0,1,1,0.29495,0.075,1.111,1.105,29.37,1,0
3474,55,48.2,109720.0,62714.18,9.1,0.583,0,4,42.0,0,1,0,0.2953,0.03,2.333,2.161,51.45,1,0
3475,29,10.4,69988.0,33714.02,6.5,0.588,4,3,-47.0,1,1,1,0.59243,0.08,0.54,0.797,26.03,0,1
3476,44,44.7,133378.0,81690.24,13.8,0.345,0,4,32.0,0,1,0,0.28199,0.03,3.22,3.034,63.19,0,1
3477,18,10.5,66251.0,1560.69,5.7,0.332,0,3,-10.0,0,1,0,0.19327,0.105,0.35,0.125,10.98,1,0
3478,20,19.1,79438.0,5240.23,6.0,0.425,0,3,37.0,0,0,0,0.15945,0.075,2.072,1.659,41.32,0,1
3479,48,7.5,64741.0,3544.34,5.2,0.263,1,1,-34.0,0,0,1,0.33043,0.105,0.456,1.029,23.04,0,1
3480,53,33.2,57843.0,3783.23,12.0,0.427,4,3,11.0,1,1,0,0.54821,0.005,1.368,1.627,35.95,0,1
3481,50,59.0,76580.0,38482.47,1.5,0.644,1,6,31.0,0,1,0,0.23316,0.075,1.419,1.127,32.91,1,0
3482,32,57.7,58502.0,27842.99,5.8,0.667,5,2,-47.0,1,1,1,0.55739,0.05,0.0,0.052,9.74,0,1
3483,33,1.5,41039.0,6526.85,7.3,0.332,0,2,42.0,0,1,0,0.35556,0.105,0.67,1.027,20.72,1,0
3484,44,32.9,59114.0,4140.01,13.1,0.561,3,1,18.0,1,1,0,0.49841,0.005,1.727,1.236,26.93,1,0
3485,34,33.1,76867.0,8071.65,5.7,0.564,5,3,16.0,1,1,1,0.53517,0.05,1.591,1.959,43.64,0,1
3486,37,9.6,60360.0,4129.68,0.0,0.258,2,1,12.0,0,1,1,0.35437,0.105,0.695,0.921,26.66,0,1
3487,38,32.1,118911.0,2598.68,9.5,0.72,0,1,-21.0,0,1,0,0.31596,0.03,2.042,2.15,46.04,0,1
3488,31,31.2,67220.0,996.58,5.8,0.41,1,2,11.0,0,0,1,0.38527,0.075,1.345,1.889,43.17,1,0
3489,25,17.2,127257.0,4975.8,16.4,0.881,0,2,54.0,0,1,1,0.47992,0.078,2.41,2.283,53.79,1,0
3490,51,78.6,167392.0,35684.79,7.8,0.681,0,3,24.0,0,1,0,0.24782,0.075,1.71,1.049,35.24,1,0
3491,31,4.9,96525.0,2421.07,4.0,0.418,2,3,-24.0,0,0,0,0.25242,0.105,0.307,0.065,9.34,0,1
3492,32,5.9,68981.0,5790.74,15.0,0.99,0,3,53.0,0,1,1,0.51628,0.078,2.308,2.535,60.97,0,1
3493,32,39.7,44142.0,6080.81,3.9,0.546,2,1,14.0,1,0,0,0.46099,0.075,0.532,0.536,19.47,0,1
3494,39,41.9,63780.0,6941.69,7.5,0.605,1,1,10.0,0,1,1,0.29704,0.075,2.364,1.916,45.22,0,1
3495,39,22.5,75757.0,4678.39,10.8,0.951,0,2,73.0,0,1,1,0.44445,0.048,1.082,1.273,33.29,1,0
3496,34,36.8,49796.0,4349.37,6.1,0.394,2,1,26.0,1,0,0,0.28426,0.075,0.704,0.247,15.89,0,1
3497,44,8.0,54946.0,10642.02,11.3,0.685,5,4,-30.0,0,1,1,0.63215,0.035,1.781,1.896,41.19,1,0
3498,22,31.5,66028.0,1014.11,2.4,0.339,1,1,10.0,0,1,0,0.24881,0.075,1.943,1.587,42.68,0,1
3499,46,74.8,105193.0,17768.14,7.5,0.636,0,4,41.0,0,0,0,0.19501,0.075,2.192,1.759,41.09,0,1
3500,35,14.1,38997.0,2319.4,3.2,0.433,1,1,25.0,0,1,0,0.27055,0.105,1.323,1.36,30.58,0,1
3501,62,93.6,101930.0,18287.14,6.7,0.636,0,3,50.0,0,0,0,0.21485,0.075,1.033,1.193,28.49,1,0
3502,24,33.4,67585.0,20758.82,10.3,0.708,0,3,-9.0,0,0,1,0.30543,0.03,2.222,2.94,59.86,1,0
3503,28,1.0,58159.0,6797.04,17.4,0.99,0,1,35.0,0,1,1,0.52878,0.078,2.024,2.388,62.13,1,0
3504,48,35.6,67700.0,3888.88,11.9,0.578,2,1,11.0,0,0,0,0.38551,0.03,1.639,1.412,35.41,0,1
3505,33,22.4,84672.0,6959.61,11.8,0.642,2,2,-1.0,0,1,0,0.43655,0.03,1.75,1.296,31.74,1,0
3506,37,45.0,84080.0,16679.77,8.5,0.502,1,2,-3.0,0,1,0,0.40854,0.03,0.743,0.612,17.77,0,1
3507,51,68.6,115449.0,21024.33,15.7,0.754,3,4,21.0,1,1,1,0.50296,0.023,1.864,2.164,48.92,0,1
3508,36,14.8,41491.0,5218.14,8.7,0.373,1,1,50.0,0,1,1,0.21666,0.06,1.361,1.554,40.04,1,0
3509,49,49.0,61636.0,19658.47,7.2,0.936,1,3,-3.0,0,1,1,0.35963,0.093,1.491,1.808,39.27,1,0
3510,32,27.3,90718.0,9920.16,16.3,0.716,0,1,42.0,0,1,0,0.40631,0.03,0.396,0.624,18.11,1,0
3511,44,12.1,75010.0,3373.24,0.0,0.666,1,1,15.0,0,0,0,0.27491,0.105,0.349,0.133,11.97,0,1
3512,35,29.2,79198.0,18040.29,9.1,0.699,2,2,-11.0,0,0,1,0.47806,0.03,0.56,0.912,24.0,0,1
3513,30,28.2,81608.0,2136.48,9.0,0.307,2,2,-14.0,0,1,0,0.3999,0.03,0.334,0.129,13.52,0,1
3514,33,17.6,94106.0,15096.08,12.0,0.685,1,2,16.0,0,1,0,0.38495,0.06,1.212,0.948,26.32,1,0
3515,27,18.0,51783.0,3508.42,4.2,0.328,0,2,-18.0,0,0,0,0.30501,0.075,1.606,0.842,28.36,0,1
3516,38,22.4,88139.0,6321.95,5.4,0.395,0,1,12.0,0,1,0,0.28845,0.075,0.821,1.195,32.33,0,1
3517,35,18.2,67109.0,6322.63,10.6,0.447,1,3,-38.0,0,0,0,0.43453,0.03,1.039,1.338,37.38,1,0
3518,24,1.0,100092.0,6225.77,21.3,0.884,1,2,3.0,0,1,1,0.58348,0.078,2.537,2.76,63.71,1,0
3519,41,33.9,87181.0,11389.51,6.3,0.584,3,4,4.0,0,1,1,0.41654,0.05,1.469,1.526,36.26,0,1
3520,27,1.0,34596.0,1640.29,11.7,0.521,0,2,-11.0,0,1,0,0.40003,0.06,1.797,1.033,25.6,1,0
3521,43,19.1,55467.0,4290.71,8.1,0.858,3,3,0.0,0,1,1,0.46781,0.023,1.365,2.267,49.18,0,1
3522,32,1.0,42427.0,2626.59,1.3,0.374,0,1,13.0,0,0,0,0.26636,0.105,0.314,0.355,12.32,0,1
3523,37,1.0,46973.0,9230.78,15.1,0.597,0,2,47.0,0,1,0,0.42659,0.06,2.56,2.388,59.62,1,0
3524,46,67.1,174979.0,9730.92,5.8,0.711,0,4,22.0,0,0,1,0.2814,0.075,1.876,1.89,41.89,0,1
3525,53,59.3,241247.0,25276.72,9.1,0.579,0,4,32.0,0,1,1,0.30324,0.03,1.768,1.805,38.32,1,0
3526,50,58.9,128725.0,74974.88,3.5,0.84,0,4,22.0,0,0,0,0.17448,0.093,0.932,0.987,28.52,0,1
3527,34,1.0,95713.0,2020.19,16.4,0.896,0,1,62.0,0,1,1,0.49166,0.078,1.515,2.245,50.91,1,0
3528,30,8.1,113475.0,10166.65,17.8,0.817,0,2,35.0,0,1,1,0.41066,0.078,2.348,2.461,53.16,1,0
3529,23,26.5,62414.0,1441.3,8.5,0.319,0,1,5.0,0,0,0,0.34444,0.03,0.495,0.254,14.77,0,1
3530,56,61.4,137060.0,17636.73,9.8,0.709,1,5,48.0,0,0,0,0.25672,0.03,2.161,2.269,48.77,1,0
3531,28,25.9,71122.0,4089.34,19.8,0.87,0,1,32.0,0,0,1,0.56245,0.048,1.667,2.435,53.86,1,0
3532,35,27.6,87871.0,15208.06,14.4,0.99,0,1,10.0,0,1,0,0.32977,0.048,1.872,1.445,35.94,1,0
3533,54,59.0,174761.0,21109.67,9.1,0.617,0,3,14.0,0,0,0,0.30789,0.03,0.312,0.46,11.02,0,1
3534,24,1.0,86092.0,1458.85,10.0,0.99,0,2,64.0,0,1,0,0.35773,0.078,1.394,1.155,26.21,1,0
3535,32,21.9,80808.0,3216.14,8.7,0.438,4,3,-6.0,1,1,0,0.55292,0.005,2.888,2.849,58.78,0,1
3536,40,20.8,58190.0,5497.97,5.5,0.239,0,2,16.0,0,0,0,0.3281,0.075,0.537,0.296,13.13,0,1
3537,27,6.7,49434.0,1865.44,17.3,0.99,0,3,50.0,0,1,1,0.4832,0.078,2.879,2.698,51.82,0,1
3538,45,18.3,91748.0,17315.79,4.7,0.539,0,2,26.0,0,0,1,0.31471,0.075,0.584,0.382,16.36,0,1
3539,28,16.8,53725.0,4708.84,14.9,0.871,0,2,5.0,0,1,1,0.53402,0.078,1.002,1.394,35.52,0,1
3540,56,91.2,163120.0,31335.75,7.3,0.529,1,3,32.0,0,1,1,0.22752,0.075,0.914,1.958,45.35,1,0
3541,38,16.1,72355.0,3639.55,3.3,0.311,4,2,11.0,0,1,0,0.40036,0.08,0.935,0.541,19.56,0,1
3542,40,31.0,52918.0,4753.32,11.0,0.66,6,3,-8.0,0,1,1,0.6719,0.005,0.892,1.018,27.17,0,1
3543,32,6.3,50070.0,3281.27,3.9,0.428,0,1,25.0,0,1,1,0.27926,0.105,0.883,1.449,41.23,0,1
3544,31,30.9,134765.0,2072.14,16.3,0.783,0,3,60.0,1,1,1,0.41232,0.048,1.645,1.938,46.81,1,0
3545,57,72.5,135070.0,76900.7,6.7,0.727,1,4,30.0,0,1,0,0.3127,0.075,1.817,1.698,43.44,1,0
3546,49,71.7,99265.0,16411.69,10.9,0.769,0,4,2.0,0,1,0,0.33199,0.048,2.707,2.555,53.82,1,0
3547,53,78.3,171313.0,42563.98,11.1,0.628,0,6,82.0,1,1,0,0.31492,0.03,2.473,2.33,52.02,1,0
3548,35,16.9,47890.0,1531.16,3.7,0.54,2,2,10.0,0,1,0,0.31701,0.105,0.325,0.446,14.71,0,1
3549,30,12.4,45250.0,3181.95,23.7,0.79,0,2,46.0,0,1,0,0.53083,0.078,2.933,2.366,48.79,0,1
3550,47,42.5,67889.0,2352.84,2.4,0.493,1,1,34.0,1,1,1,0.28369,0.075,0.672,0.925,26.58,0,1
3551,43,29.6,46065.0,20831.96,7.2,0.448,2,2,3.0,1,1,0,0.38758,0.075,0.439,0.425,15.89,0,1
3552,39,4.4,78523.0,7925.23,6.4,0.503,7,3,17.0,1,1,0,0.69177,0.08,0.903,0.911,25.97,0,1
3553,51,67.5,110811.0,18760.27,10.1,0.866,0,4,28.0,0,1,0,0.29086,0.048,1.49,1.792,37.42,1,0
3554,44,55.0,167034.0,23969.32,9.9,0.666,1,3,69.0,0,1,0,0.27064,0.03,1.76,1.178,27.63,0,1
3555,28,26.8,79860.0,1692.22,13.3,0.835,1,1,53.0,0,1,0,0.3495,0.048,1.608,1.701,41.91,0,1
3556,37,26.9,29325.0,2698.78,4.1,0.432,1,2,-3.0,0,0,0,0.2947,0.075,0.377,0.297,11.95,1,0
3557,55,41.1,152994.0,106584.94,13.0,0.544,0,5,75.0,0,0,0,0.29194,0.03,1.08,0.903,30.18,0,1
3558,40,25.2,54560.0,3732.35,2.3,0.303,2,2,21.0,1,1,1,0.36357,0.075,0.267,0.788,22.23,0,1
3559,30,33.5,105549.0,14391.71,10.1,0.541,1,1,-20.0,0,1,0,0.32309,0.03,1.129,0.894,27.54,0,1
3560,56,66.4,153540.0,17712.53,8.9,0.598,0,5,7.0,0,0,1,0.21666,0.03,1.763,1.827,47.64,1,0
3561,37,37.9,88308.0,7009.52,8.9,0.502,6,4,5.0,0,0,0,0.43318,0.005,1.547,1.27,28.41,1,0
3562,42,80.0,113910.0,36535.07,3.3,0.778,0,2,60.0,0,1,0,0.22384,0.093,1.23,1.032,28.92,0,1
3563,44,27.0,47666.0,1872.29,6.7,0.346,0,1,17.0,0,1,0,0.31406,0.075,1.171,0.665,23.36,0,1
3564,39,16.3,75475.0,5836.21,16.0,0.797,0,3,50.0,0,0,0,0.46641,0.078,2.186,2.245,42.85,1,0
3565,37,35.8,53526.0,4475.6,7.5,0.3,1,1,40.0,1,1,0,0.29936,0.075,0.984,0.845,23.42,0,1
3566,40,48.9,84673.0,4269.36,5.1,0.289,0,1,21.0,0,1,0,0.22851,0.075,1.19,1.088,26.3,0,1
3567,40,33.0,56607.0,2719.39,4.7,0.543,2,2,-3.0,0,1,0,0.24437,0.075,0.968,0.887,31.14,1,0
3568,59,64.5,99142.0,65028.67,9.0,0.668,1,4,22.0,0,1,1,0.40224,0.03,1.478,1.358,40.06,0,1
3569,40,27.2,47186.0,2537.45,1.8,0.506,0,1,21.0,0,0,1,0.28465,0.075,0.264,0.313,13.6,0,1
3570,40,65.1,179077.0,25508.26,12.2,0.752,0,4,44.0,0,1,0,0.3579,0.048,1.58,1.081,24.76,1,0
3571,49,22.2,56395.0,7656.94,3.5,0.393,0,1,31.0,0,0,0,0.20358,0.075,1.152,0.973,30.82,1,0
3572,36,42.0,71603.0,2191.42,15.0,0.99,0,1,51.0,0,1,0,0.37889,0.048,1.783,1.004,32.01,0,1
3573,45,53.0,183737.0,10578.31,11.5,0.571,0,4,47.0,0,1,0,0.28595,0.03,2.582,2.179,51.62,1,0
3574,42,75.9,107799.0,18204.25,8.7,0.519,0,5,41.0,0,0,1,0.31801,0.03,1.104,1.827,44.79,1,0
3575,53,60.5,75472.0,41159.02,7.4,0.681,0,4,52.0,0,1,1,0.29953,0.075,0.538,1.241,34.22,1,0
3576,47,44.2,109616.0,73704.96,9.1,0.656,0,5,48.0,0,0,1,0.27996,0.03,1.043,1.245,36.26,1,0
3577,37,19.7,62985.0,1952.82,6.2,0.446,0,2,5.0,0,1,0,0.31676,0.075,0.158,0.172,16.26,1,0
3578,34,9.4,71049.0,14639.48,15.7,0.99,1,4,40.0,0,1,1,0.44562,0.078,1.596,1.367,31.51,0,1
3579,31,28.9,38715.0,3053.51,7.0,0.442,1,2,16.0,0,0,0,0.25184,0.075,1.139,0.852,33.49,0,1
3580,21,17.1,99990.0,4174.45,12.6,0.934,0,2,46.0,0,1,0,0.39176,0.078,1.084,0.578,21.81,1,0
3581,38,9.7,61663.0,1726.6,5.2,0.58,0,2,35.0,0,0,0,0.23599,0.105,0.186,0.127,8.34,0,1
3582,31,39.7,65534.0,10665.28,6.7,0.459,3,1,14.0,0,1,0,0.29142,0.05,0.944,0.944,24.81,0,1
3583,50,75.1,154555.0,29021.82,9.7,0.694,0,3,7.0,0,1,0,0.29835,0.03,1.78,1.291,33.42,0,1
3584,26,41.0,41552.0,1262.15,0.0,0.274,0,1,-12.0,0,0,0,0.19587,0.075,0.74,0.616,21.73,0,1
3585,33,24.8,64028.0,14821.77,4.2,0.839,0,1,5.0,0,1,0,0.26565,0.093,1.341,1.074,26.1,1,0
3586,40,21.6,75381.0,3874.81,1.2,0.255,1,3,24.0,0,1,0,0.2206,0.075,0.872,0.641,19.39,0,1
3587,53,70.4,187755.0,53783.98,11.5,0.581,0,6,20.0,0,1,0,0.31503,0.03,2.206,2.054,45.62,1,0
3588,43,55.1,167670.0,95464.08,6.9,0.577,0,4,46.0,0,1,0,0.2393,0.075,2.25,1.423,36.27,1,0
3589,27,23.6,67767.0,4472.79,7.7,0.662,1,1,-5.0,0,1,1,0.37972,0.075,1.078,1.443,35.18,1,0
3590,29,13.9,47543.0,8480.38,12.7,0.834,0,1,47.0,0,1,1,0.37691,0.078,2.347,2.32,57.91,1,0
3591,39,4.5,58763.0,3107.83,5.6,0.479,0,1,18.0,0,0,1,0.37823,0.105,0.0,0.06,8.18,1,0
3592,52,63.5,106589.0,51555.65,8.0,0.578,0,3,12.0,0,1,0,0.33585,0.03,0.984,0.776,27.05,1,0
3593,31,16.7,83406.0,2934.13,12.0,0.316,0,1,18.0,0,1,0,0.33456,0.06,2.381,2.07,51.76,0,1
3594,31,13.1,103124.0,4441.27,19.2,0.963,2,2,75.0,0,1,1,0.49507,0.078,2.007,2.398,57.66,1,0
3595,40,20.4,58797.0,4864.16,19.0,0.821,0,2,40.0,1,1,1,0.48273,0.048,2.344,2.261,54.02,0,1
3596,36,37.3,58272.0,2317.95,10.0,0.453,1,2,11.0,0,0,1,0.28164,0.03,1.493,1.601,42.66,0,1
3597,24,11.8,63095.0,4163.92,5.3,0.499,0,1,15.0,0,0,0,0.25303,0.105,0.509,0.416,14.87,0,1
3598,36,18.0,75245.0,4157.07,4.2,0.64,1,3,12.0,0,0,0,0.35575,0.075,1.054,0.972,29.9,0,1
3599,49,12.8,37529.0,5108.51,3.9,0.291,0,2,10.0,0,1,0,0.22867,0.105,0.944,0.324,18.88,1,0
3600,40,52.0,75994.0,48495.94,8.9,0.623,0,5,33.0,0,1,0,0.27735,0.03,1.392,1.427,42.71,1,0
3601,29,8.9,76787.0,16512.3,8.5,0.888,2,2,14.0,0,1,1,0.5191,0.078,0.983,1.356,34.32,0,1
3602,27,13.6,38369.0,8919.92,16.0,0.9,0,3,53.0,0,1,1,0.46013,0.078,1.415,1.962,47.58,1,0
3603,50,69.0,144037.0,27966.91,8.6,0.923,0,4,14.0,0,1,1,0.31788,0.048,0.942,0.931,22.5,0,1
3604,30,19.8,89178.0,6041.03,15.6,0.881,1,3,51.0,0,1,0,0.44976,0.048,2.156,1.369,43.76,1,0
3605,43,9.3,82375.0,7514.74,0.4,0.153,2,2,23.0,0,1,1,0.25127,0.105,0.713,0.924,23.47,1,0
3606,30,31.5,64241.0,2426.85,15.6,0.878,0,3,52.0,0,1,1,0.4513,0.048,1.866,2.263,52.99,1,0
3607,38,27.3,79380.0,16665.4,11.9,0.887,0,2,27.0,0,1,0,0.39987,0.048,1.612,1.116,27.64,0,1
3608,28,5.2,90617.0,2719.81,20.8,0.873,1,3,50.0,0,1,1,0.52471,0.078,4.162,4.363,98.57,1,0
3609,27,30.7,55329.0,8078.91,15.3,0.821,2,1,40.0,1,0,0,0.46442,0.048,2.0,1.795,41.73,1,0
3610,24,19.9,97308.0,4519.35,10.4,0.755,0,2,33.0,0,1,1,0.37733,0.048,0.743,0.727,26.58,0,1
3611,25,29.1,77536.0,7739.49,8.4,0.828,1,3,31.0,0,1,0,0.38499,0.048,1.536,1.398,41.99,1,0
3612,51,66.3,117188.0,13719.83,10.4,0.675,0,3,17.0,0,1,1,0.23548,0.03,1.916,2.0,48.75,1,0
3613,52,30.7,74802.0,14430.1,9.5,0.569,4,2,1.0,0,1,0,0.47602,0.005,3.113,2.744,56.02,0,1
3614,38,28.5,56822.0,1298.46,2.0,0.664,2,1,39.0,0,1,0,0.32078,0.075,0.821,0.953,25.37,0,1
3615,43,33.2,88880.0,3131.9,7.2,0.494,4,3,-1.0,0,0,1,0.4296,0.05,2.47,2.182,51.7,0,1
3616,35,27.0,65323.0,17000.6,8.2,0.656,5,2,-20.0,0,0,1,0.63982,0.005,0.45,0.793,23.15,0,1
3617,47,37.7,146726.0,102409.51,6.8,0.503,1,5,24.0,0,0,0,0.37876,0.075,0.116,0.835,26.14,0,1
3618,36,22.3,64269.0,2916.45,12.6,0.983,0,4,17.0,1,1,1,0.40649,0.048,1.151,1.253,28.85,0,1
3619,63,57.5,107129.0,61421.31,7.8,0.515,0,4,36.0,0,1,0,0.24427,0.075,1.602,1.573,36.64,0,1
3620,45,31.3,61797.0,5034.7,0.9,0.482,1,1,12.0,0,1,0,0.29927,0.075,0.244,0.169,9.45,0,1
3621,44,36.8,56517.0,7537.98,11.6,0.805,3,3,-13.0,1,1,0,0.55973,0.023,0.657,0.707,22.99,0,1
3622,29,11.8,94339.0,10722.65,18.9,0.91,0,1,71.0,0,1,1,0.49435,0.078,2.745,3.009,72.5,1,0
3623,50,74.3,161929.0,28771.39,5.3,0.399,1,4,33.0,0,1,0,0.2103,0.075,1.242,0.788,24.42,1,0
3624,30,24.5,47988.0,4199.68,2.6,0.434,0,3,-19.0,0,1,0,0.20268,0.075,0.77,0.772,27.45,0,1
3625,28,33.0,76278.0,3541.29,7.9,0.643,4,2,21.0,0,1,0,0.49299,0.05,0.049,0.434,15.92,0,1
3626,30,29.3,58489.0,3641.05,8.9,0.689,3,3,-30.0,0,1,0,0.46506,0.005,0.12,0.003,9.06,0,1
3627,35,42.2,38259.0,6414.05,5.2,0.592,0,1,20.0,0,1,0,0.38688,0.075,1.529,1.456,35.89,0,1
3628,36,22.4,61278.0,11446.97,10.3,0.758,4,2,5.0,0,1,1,0.57981,0.023,2.02,2.242,48.16,0,1
3629,28,27.1,71028.0,7292.49,10.2,0.576,4,3,-9.0,1,1,0,0.50422,0.005,1.014,0.681,28.38,0,1
3630,29,1.2,87489.0,15551.81,20.2,0.827,0,1,63.0,0,1,1,0.51533,0.078,2.326,2.621,58.92,1,0
3631,27,24.7,79130.0,15445.73,16.2,0.777,1,2,46.0,0,1,1,0.44291,0.048,1.123,1.499,39.53,1,0
3632,27,15.0,75385.0,3991.12,1.0,0.371,1,1,4.0,0,0,0,0.28943,0.105,0.173,0.259,15.24,1,0
3633,35,25.4,55244.0,3105.78,4.7,0.642,4,4,-47.0,1,1,0,0.49893,0.05,2.233,1.784,42.65,0,1
3634,47,55.8,124654.0,29760.93,12.4,0.492,1,5,2.0,0,1,0,0.37708,0.03,2.684,2.146,50.0,1,0
3635,34,31.8,112241.0,4656.5,10.4,0.488,2,2,45.0,0,1,0,0.42301,0.03,1.871,1.262,37.93,0,1
3636,35,1.0,45121.0,4769.59,16.6,0.962,0,1,59.0,0,0,1,0.50185,0.078,0.69,1.249,33.76,0,1
3637,22,1.0,52222.0,1632.35,5.7,0.359,0,2,35.0,0,1,0,0.32224,0.105,1.71,1.049,34.21,0,1
3638,18,21.5,56908.0,2067.89,16.4,0.941,0,2,93.0,0,1,1,0.56666,0.048,1.997,2.518,56.45,0,1
3639,35,1.0,55968.0,689.29,5.7,0.34,1,3,4.0,0,0,1,0.30375,0.105,0.997,1.051,30.6,0,1
3640,39,41.2,64031.0,8918.78,8.0,0.622,2,4,-10.0,0,1,0,0.48924,0.03,1.084,1.09,26.16,1,0
3641,32,34.7,89417.0,1009.93,18.8,0.815,0,3,14.0,0,0,1,0.47633,0.048,2.622,3.08,65.15,1,0
3642,25,14.0,81428.0,3654.36,14.6,0.691,1,2,39.0,1,1,0,0.46732,0.06,1.927,1.734,42.32,0,1
3643,29,37.6,41472.0,4711.33,2.1,0.535,0,1,5.0,0,0,1,0.24199,0.075,1.085,1.76,38.73,1,0
3644,29,15.7,64840.0,2814.3,11.4,0.823,1,2,37.0,0,1,1,0.46206,0.078,2.176,2.317,55.11,0,1
3645,26,35.2,75998.0,2223.18,15.4,0.873,1,2,65.0,0,1,0,0.40175,0.048,2.172,2.279,51.94,1,0
3646,46,16.5,72036.0,2870.57,7.9,0.354,0,1,25.0,1,0,1,0.244,0.105,1.413,1.608,40.84,1,0
3647,47,33.6,266174.0,18674.19,6.8,0.7,0,3,52.0,0,1,1,0.31664,0.075,1.288,1.253,28.22,1,0
3648,49,61.0,166836.0,36104.36,4.3,0.677,0,6,12.0,0,1,1,0.26129,0.075,0.183,0.969,24.6,1,0
3649,46,36.5,57821.0,2299.61,16.8,0.96,0,2,45.0,0,1,0,0.39954,0.048,2.878,2.678,69.16,1,0
3650,34,28.4,57524.0,2803.0,2.7,0.37,0,2,17.0,0,1,0,0.18553,0.075,0.125,0.293,13.47,0,1
3651,33,9.8,79806.0,3592.7,20.2,0.895,0,2,80.0,0,1,1,0.4849,0.078,2.67,2.774,64.26,0,1
3652,34,19.9,66056.0,4466.43,18.9,0.946,2,3,47.0,1,0,0,0.66901,0.048,3.157,2.955,69.8,0,1
3653,54,73.7,156683.0,92627.35,4.6,0.81,0,5,32.0,0,1,0,0.2095,0.093,2.116,1.51,30.48,1,0
3654,31,15.0,41160.0,5124.1,15.5,0.934,1,2,66.0,0,1,0,0.47072,0.078,2.606,2.126,52.52,1,0
3655,50,93.5,160229.0,44417.1,6.0,0.53,0,4,30.0,0,1,0,0.30404,0.075,1.621,1.143,28.53,0,1
3656,30,9.8,66827.0,2998.05,12.9,0.929,1,2,54.0,0,1,0,0.49114,0.078,2.512,1.884,41.39,0,1
3657,25,28.0,73782.0,5202.79,15.8,0.882,0,2,53.0,1,1,1,0.46185,0.048,3.219,2.968,63.6,1,0
3658,51,71.1,204998.0,26765.5,10.2,0.42,1,5,25.0,0,1,0,0.28895,0.03,0.736,0.322,17.67,1,0
3659,49,13.6,41969.0,3058.39,4.3,0.227,2,2,-2.0,0,1,1,0.30001,0.105,1.68,1.726,40.02,1,0
3660,37,10.9,81807.0,6861.27,14.6,0.893,1,2,43.0,0,0,1,0.46782,0.078,2.07,2.064,42.99,0,1
3661,31,28.2,94169.0,3250.88,10.0,0.902,1,1,36.0,0,1,1,0.37219,0.048,1.249,1.191,32.17,0,1
3662,41,23.7,61777.0,2316.1,2.7,0.398,0,1,-18.0,0,0,0,0.25044,0.075,0.566,0.204,11.71,0,1
3663,29,26.1,38157.0,2186.81,6.0,0.527,3,2,24.0,0,1,1,0.37707,0.05,1.18,1.083,28.84,0,1
3664,36,11.4,103676.0,5758.77,5.4,0.487,3,3,3.0,0,1,1,0.32396,0.08,0.612,0.937,29.91,0,1
3665,36,23.9,71784.0,5036.34,19.5,0.748,0,3,30.0,0,0,1,0.45171,0.03,2.126,2.471,60.31,1,0
3666,59,65.4,119680.0,25258.12,6.4,0.549,0,5,18.0,0,1,0,0.37747,0.075,0.955,1.015,30.59,1,0
3667,24,15.2,69889.0,11914.42,16.5,0.833,1,3,53.0,1,1,0,0.44512,0.078,2.288,2.149,48.95,0,1
3668,26,20.3,68549.0,25675.4,14.9,0.894,0,2,77.0,0,1,0,0.47233,0.048,2.7,2.064,50.62,1,0
3669,64,57.1,100074.0,22122.02,4.8,0.552,0,4,53.0,0,1,0,0.26516,0.075,1.608,1.496,35.59,0,1
3670,39,23.9,75279.0,9684.66,10.2,0.354,0,2,15.0,0,1,1,0.34226,0.03,2.053,2.475,53.21,1,0
3671,62,59.1,117449.0,62830.51,6.4,0.357,0,5,28.0,1,1,0,0.24954,0.075,2.497,2.272,54.38,0,1
3672,39,25.4,86298.0,6730.87,6.8,0.604,0,4,-0.0,0,0,0,0.36111,0.075,1.283,0.691,22.81,0,1
3673,31,42.2,87399.0,2357.79,9.6,0.776,2,3,41.0,0,0,1,0.49118,0.048,1.013,1.16,30.87,1,0
3674,47,72.9,214045.0,99042.45,11.5,0.419,0,5,20.0,0,1,0,0.32941,0.03,1.643,1.337,35.14,1,0
3675,42,10.4,55723.0,4686.16,4.5,0.499,2,1,14.0,1,0,0,0.42,0.105,0.594,0.329,12.27,1,0
3676,45,46.4,47497.0,3690.5,7.5,0.6,0,1,-6.0,0,0,0,0.307,0.075,0.278,0.531,17.54,0,1
3677,42,56.8,92798.0,82152.35,9.7,0.63,0,4,20.0,0,0,1,0.27404,0.03,1.402,1.711,39.81,1,0
3678,36,31.4,130174.0,13198.37,12.0,0.62,4,2,-16.0,0,0,0,0.54797,0.005,1.615,1.458,36.53,0,1
3679,35,26.8,90877.0,4361.95,14.5,0.93,0,2,38.0,0,1,0,0.44728,0.048,2.701,2.225,46.5,1,0
3680,28,1.0,63041.0,2385.16,12.3,0.646,1,1,43.0,0,1,0,0.41947,0.06,1.351,1.434,39.99,0,1
3681,32,19.2,93195.0,2177.0,6.6,0.528,0,1,-29.0,0,1,0,0.3311,0.075,1.678,1.437,38.31,0,1
3682,36,9.1,109607.0,9847.45,16.4,0.99,1,2,26.0,1,1,0,0.57341,0.078,2.083,1.811,49.98,0,1
3683,57,64.5,95814.0,49853.64,6.7,0.842,0,6,64.0,0,1,0,0.34363,0.093,0.392,0.405,15.61,0,1
3684,46,66.4,112597.0,28343.64,10.0,0.592,0,4,34.0,0,1,0,0.28983,0.03,0.697,0.229,18.3,1,0
3685,30,15.1,73333.0,14187.25,16.8,0.775,0,2,55.0,0,1,0,0.43564,0.078,2.717,1.959,46.48,0,1
3686,21,14.5,56929.0,4062.85,17.7,0.99,0,2,52.0,0,1,0,0.34296,0.078,1.247,1.001,26.05,1,0
3687,43,74.8,134448.0,60801.99,5.2,0.695,1,5,32.0,0,1,0,0.31485,0.075,0.776,0.57,23.67,1,0
3688,36,25.6,71505.0,3461.28,7.1,0.526,0,1,-7.0,0,1,0,0.34492,0.075,0.431,0.319,13.72,0,1
3689,38,31.5,49694.0,28102.57,9.0,0.519,4,4,-18.0,0,1,1,0.522,0.005,0.831,0.973,27.08,0,1
3690,42,63.8,149361.0,52206.94,10.9,0.67,0,4,71.0,0,1,0,0.30418,0.03,2.121,1.738,38.67,1,0
3691,24,38.0,104191.0,4637.06,18.6,0.784,2,3,34.0,0,0,1,0.46498,0.048,0.386,1.146,32.07,0,1
3692,31,33.1,80216.0,7122.23,10.9,0.589,1,2,25.0,0,1,0,0.35491,0.03,1.449,1.556,46.1,1,0
3693,32,9.8,74464.0,4455.26,15.7,0.862,1,2,36.0,0,0,0,0.58184,0.078,1.638,1.411,27.56,1,0
3694,24,8.1,60116.0,4992.48,10.9,0.848,1,3,-14.0,0,0,0,0.39409,0.078,0.656,0.456,15.29,0,1
3695,28,4.8,73837.0,1233.99,7.5,0.49,0,3,11.0,0,0,1,0.26397,0.105,0.988,1.232,32.5,0,1
3696,36,56.4,100432.0,39111.4,9.6,0.403,0,4,31.0,0,1,0,0.20961,0.03,1.212,0.976,28.63,0,1
3697,32,14.7,81149.0,3181.3,16.5,0.9,0,2,26.0,0,1,1,0.45379,0.078,1.864,1.789,45.41,1,0
3698,18,9.3,76525.0,3175.81,17.9,0.94,0,2,44.0,1,1,0,0.61851,0.078,1.871,1.429,35.91,1,0
3699,29,20.2,102992.0,4247.5,14.6,0.848,1,2,16.0,0,1,0,0.48967,0.048,1.964,1.997,55.11,1,0
3700,60,55.2,117909.0,33104.89,12.1,0.519,0,3,41.0,1,1,1,0.40573,0.03,1.691,1.594,33.29,0,1
3701,47,11.0,51581.0,3014.42,0.0,0.503,1,1,14.0,0,1,0,0.19477,0.105,0.443,0.518,14.55,0,1
3702,18,23.4,54349.0,13928.95,16.1,0.794,0,1,58.0,0,1,0,0.36194,0.048,1.862,1.73,41.06,1,0
3703,40,47.4,81023.0,12304.78,7.9,0.653,4,2,-17.0,0,1,0,0.44,0.05,1.037,0.67,18.78,0,1
3704,31,17.7,64215.0,31485.33,7.3,0.475,2,2,6.0,1,0,1,0.52398,0.105,0.783,1.044,29.84,1,0
3705,21,18.9,60218.0,3382.9,16.8,0.841,2,2,52.0,0,1,0,0.51885,0.048,1.097,0.573,15.57,1,0
3706,28,1.0,61787.0,7489.45,13.0,0.99,1,2,46.0,0,1,0,0.47004,0.078,2.312,1.888,41.58,0,1
3707,58,44.3,159536.0,24941.12,13.8,0.694,0,4,72.0,0,1,0,0.33955,0.03,1.247,0.946,25.22,1,0
3708,42,23.9,53456.0,5555.04,5.3,0.593,3,2,1.0,0,1,0,0.39805,0.05,1.324,1.164,26.87,1,0
3709,44,75.6,104944.0,129067.9,5.4,0.637,0,5,25.0,0,1,1,0.32835,0.075,1.453,2.295,54.08,0,1
3710,40,12.7,75155.0,1820.87,1.7,0.44,0,2,39.0,0,1,1,0.31904,0.105,1.22,1.74,43.03,1,0
3711,19,12.2,56412.0,703.27,5.0,0.343,0,3,20.0,0,1,0,0.31804,0.105,1.112,0.79,22.28,1,0
3712,30,22.4,76364.0,1893.53,7.2,0.263,3,2,44.0,1,0,0,0.46033,0.05,1.353,1.295,37.23,0,1
3713,29,22.4,53544.0,813.18,5.9,0.493,0,1,-25.0,0,1,0,0.29253,0.075,0.44,0.257,14.96,0,1
3714,36,12.6,58982.0,1616.48,8.5,0.598,0,1,4.0,0,0,1,0.3707,0.06,1.209,1.45,33.97,0,1
3715,34,45.8,61543.0,1716.83,2.3,0.496,0,2,4.0,0,1,0,0.16683,0.075,0.137,0.189,16.5,0,1
3716,34,18.8,85807.0,3069.59,6.3,0.458,0,2,-26.0,0,0,0,0.30068,0.075,1.116,0.742,22.38,0,1
3717,34,23.4,83942.0,791.66,3.7,0.297,0,1,13.0,0,1,0,0.18632,0.075,1.947,1.556,39.07,0,1
3718,35,17.2,80553.0,6527.22,5.1,0.526,0,1,3.0,0,0,0,0.32007,0.105,1.205,0.783,20.11,0,1
3719,39,27.3,49787.0,886.35,7.5,0.483,0,1,-28.0,1,1,0,0.37454,0.075,0.156,0.387,17.03,0,1
3720,50,76.8,105722.0,29450.12,3.4,0.724,0,4,19.0,0,0,0,0.26524,0.075,0.655,0.3,15.88,0,1
3721,36,51.0,88418.0,6480.13,14.4,0.704,4,2,18.0,1,0,0,0.61947,0.005,2.744,2.924,64.02,0,1
3722,52,52.9,200132.0,54719.14,7.6,0.814,0,3,51.0,0,1,0,0.33838,0.093,1.808,2.049,49.58,1,0
3723,41,35.2,80761.0,3770.15,0.2,0.307,2,2,-4.0,0,1,0,0.24058,0.075,0.24,0.102,8.84,0,1
3724,45,68.6,138487.0,69214.01,6.1,0.498,0,4,20.0,0,0,0,0.1763,0.075,1.427,1.395,35.83,1,0
3725,35,33.7,71812.0,2371.84,4.8,0.446,2,1,26.0,0,1,0,0.41565,0.075,0.946,0.674,20.27,0,1
3726,43,20.9,72153.0,2217.82,2.6,0.329,0,1,-27.0,1,1,0,0.28581,0.075,1.828,1.943,42.25,0,1
3727,27,19.8,61421.0,3923.27,0.0,0.309,1,2,21.0,0,1,1,0.2368,0.075,0.698,1.274,36.54,0,1
3728,42,27.2,80052.0,8785.11,16.3,0.99,0,3,9.0,0,0,1,0.53258,0.048,1.694,2.049,52.71,1,0
3729,29,42.5,73934.0,13677.29,7.1,0.479,3,2,23.0,1,0,0,0.413,0.05,0.894,0.652,18.88,0,1
3730,33,40.8,47691.0,3698.0,6.3,0.429,1,1,23.0,0,1,0,0.24245,0.075,1.001,0.68,22.77,0,1
3731,28,24.4,49024.0,3489.79,1.6,0.251,1,2,-25.0,0,0,1,0.37514,0.075,0.452,0.424,20.61,0,1
3732,50,20.7,48820.0,2930.06,10.6,0.437,2,1,3.0,0,1,0,0.38741,0.03,0.5,0.314,14.35,1,0
3733,34,1.5,46753.0,10442.63,10.4,0.72,4,1,-2.0,0,1,1,0.65855,0.035,0.705,1.083,29.05,0,1
3734,34,11.7,74831.0,30028.56,9.5,0.723,2,2,-46.0,0,1,0,0.51788,0.06,1.388,1.105,26.04,0,1
3735,26,11.3,75172.0,3843.58,17.7,0.99,0,2,43.0,0,1,0,0.53687,0.078,1.695,1.722,42.02,0,1
3736,36,8.8,72477.0,2367.17,0.0,0.421,0,1,19.0,0,1,0,0.27388,0.105,0.281,0.245,12.7,0,1
3737,27,25.8,106818.0,3378.36,14.7,0.99,0,2,5.0,0,1,0,0.43698,0.048,1.219,1.009,28.25,0,1
3738,34,6.3,84360.0,3864.01,9.3,0.477,1,1,24.0,1,1,0,0.45336,0.06,1.769,1.221,30.09,0,1
3739,18,16.0,86533.0,755.39,3.6,0.382,2,2,8.0,0,1,0,0.43109,0.105,1.793,1.781,43.39,0,1
3740,49,56.5,112487.0,29310.5,7.8,0.682,0,5,51.0,0,0,0,0.32961,0.075,1.558,0.797,22.51,1,0
3741,29,30.5,51630.0,7976.49,14.7,0.99,2,1,40.0,0,1,1,0.56618,0.048,1.552,1.481,37.38,1,0
3742,36,8.7,97713.0,3196.41,20.0,0.754,1,3,24.0,1,1,1,0.62634,0.078,1.599,2.002,47.0,1,0
3743,44,27.4,85688.0,3387.09,3.8,0.313,1,1,-12.0,0,1,0,0.287,0.075,1.064,0.794,20.77,0,1
3744,48,64.3,210055.0,126065.8,4.6,0.624,0,4,28.0,0,1,0,0.20748,0.075,1.637,1.382,37.17,1,0
3745,35,26.8,86633.0,5582.39,23.0,0.766,0,2,40.0,1,1,1,0.63804,0.048,2.779,3.186,64.15,1,0
3746,30,41.2,41995.0,1866.27,5.3,0.454,1,2,12.0,0,1,0,0.26718,0.075,0.615,0.188,18.96,0,1
3747,34,15.6,83885.0,1799.76,15.7,0.854,0,2,39.0,0,1,0,0.40961,0.078,2.073,1.729,44.39,0,1
3748,31,1.6,68546.0,2548.39,2.2,0.539,2,1,-20.0,0,0,0,0.3739,0.105,0.936,0.42,16.96,1,0
3749,41,59.2,193507.0,18977.41,6.1,0.747,0,5,25.0,0,1,0,0.21561,0.075,1.57,1.8,42.36,1,0
3750,28,15.8,111802.0,4812.79,13.1,0.935,1,1,15.0,0,0,0,0.4551,0.078,1.32,1.15,29.85,0,1
3751,39,19.4,97158.0,3715.83,14.5,0.92,0,2,51.0,0,1,0,0.37592,0.048,1.759,1.191,26.21,1,0
3752,50,53.1,117765.0,68284.47,10.7,0.87,0,4,45.0,0,1,0,0.26438,0.048,0.986,0.625,16.48,0,1
3753,59,75.7,104521.0,15742.6,2.9,0.581,0,4,48.0,0,0,0,0.15913,0.075,2.153,1.422,32.69,0,1
3754,30,22.2,68150.0,2621.48,7.9,0.457,0,2,4.0,0,0,0,0.31075,0.075,1.688,1.521,34.51,0,1
3755,56,51.0,111419.0,36853.62,10.9,0.575,0,4,21.0,0,0,1,0.36572,0.03,0.574,0.56,22.58,0,1
3756,44,56.5,205519.0,39943.79,9.4,0.498,0,5,24.0,0,1,1,0.27814,0.03,1.165,1.382,38.16,1,0
3757,31,39.1,47966.0,4950.56,16.3,0.99,0,4,42.0,0,1,1,0.37283,0.048,1.72,1.996,49.55,1,0
3758,31,24.0,88570.0,938.71,16.7,0.866,1,2,34.0,0,1,0,0.447,0.048,2.148,2.308,50.13,1,0
3759,40,34.6,64316.0,3166.9,8.3,0.506,0,1,41.0,1,1,0,0.3455,0.03,1.37,1.276,34.25,0,1
3760,31,3.5,71873.0,4079.96,11.3,0.873,0,2,37.0,0,1,0,0.46269,0.078,2.779,2.232,54.32,0,1
3761,30,13.7,45959.0,5260.8,6.5,0.567,0,1,8.0,0,1,0,0.36406,0.105,1.052,0.664,21.81,0,1
3762,55,53.8,79089.0,51196.27,6.0,0.53,0,4,20.0,0,0,0,0.26801,0.075,0.609,0.374,14.2,0,1
3763,41,18.2,65841.0,5262.61,18.2,0.99,0,1,30.0,1,1,1,0.62612,0.048,1.695,1.934,44.52,0,1
3764,25,13.9,66154.0,5515.9,14.3,0.99,0,2,20.0,0,1,0,0.42732,0.078,1.185,0.954,25.35,0,1
3765,18,10.1,102607.0,10838.74,17.9,0.703,1,2,24.0,0,1,1,0.43625,0.06,2.474,2.741,71.98,1,0
3766,38,17.6,47759.0,6336.36,0.3,0.373,0,2,46.0,1,0,0,0.23388,0.105,2.071,1.27,33.11,1,0
3767,47,52.5,155945.0,38271.35,3.4,0.752,0,4,44.0,0,1,0,0.29759,0.093,1.594,1.385,39.7,1,0
3768,48,59.8,97354.0,129057.47,7.7,0.82,0,5,28.0,0,1,0,0.32997,0.093,1.293,0.992,33.56,0,1
3769,42,44.4,81968.0,5318.09,12.9,0.669,0,1,-20.0,0,1,0,0.44895,0.03,1.857,1.376,37.26,1,0
3770,35,12.8,39350.0,3702.11,10.4,0.546,5,3,15.0,1,1,0,0.59746,0.035,0.616,0.389,18.26,0,1
3771,33,26.2,103883.0,2978.94,5.9,0.323,1,1,-6.0,0,0,0,0.31838,0.075,0.897,0.441,17.37,1,0
3772,34,38.6,56795.0,2352.87,6.8,0.492,1,1,-22.0,0,1,1,0.33125,0.075,0.349,0.567,17.66,0,1
3773,48,28.8,33857.0,1611.18,7.9,0.543,3,5,1.0,0,1,1,0.38418,0.05,1.31,1.414,35.84,0,1
3774,35,15.7,48606.0,1963.18,6.1,0.388,2,1,-8.0,0,0,1,0.37351,0.105,0.582,0.781,27.62,1,0
3775,26,33.1,46577.0,3750.7,2.9,0.405,0,1,-14.0,0,1,1,0.24789,0.075,0.945,1.645,39.3,0,1
3776,41,50.2,115605.0,30815.5,7.2,0.737,0,3,13.0,0,1,0,0.281,0.075,1.746,1.684,43.35,0,1
3777,39,30.7,65249.0,4829.49,8.5,0.789,1,2,-0.0,0,1,1,0.42515,0.048,1.276,0.907,26.43,0,1
3778,21,3.5,63550.0,4625.52,14.5,0.99,0,2,42.0,0,1,0,0.45983,0.078,2.481,2.428,55.37,0,1
3779,24,1.0,47328.0,3249.85,4.3,0.431,2,1,-9.0,0,1,1,0.44642,0.105,0.279,0.369,16.13,0,1
3780,39,20.2,43150.0,4775.08,3.8,0.331,2,3,19.0,0,1,0,0.27289,0.075,2.292,1.976,43.57,0,1
3781,34,1.0,94880.0,2965.67,14.1,0.973,0,3,28.0,0,1,0,0.43856,0.078,1.58,0.791,27.22,0,1
3782,32,21.9,81601.0,5294.24,4.1,0.613,0,1,-21.0,0,0,0,0.23346,0.075,1.05,0.684,16.27,0,1
3783,37,35.4,55081.0,1476.53,4.9,0.54,2,2,-15.0,0,1,1,0.31252,0.075,1.848,1.438,37.18,0,1
3784,30,38.3,75639.0,3244.24,13.0,0.923,0,2,44.0,0,1,0,0.41443,0.048,1.98,1.646,41.14,1,0
3785,42,32.1,53120.0,24137.99,10.1,0.536,1,2,-23.0,0,0,1,0.43806,0.03,0.484,0.932,26.13,1,0
3786,39,34.2,60142.0,1542.02,3.2,0.468,0,1,12.0,0,0,1,0.27828,0.075,0.66,0.701,16.9,1,0
3787,18,26.8,62779.0,1955.05,5.0,0.557,2,1,31.0,0,1,0,0.40426,0.075,0.357,0.344,15.52,0,1
3788,27,11.4,71629.0,1992.83,14.2,0.926,1,3,32.0,0,1,1,0.5085,0.078,1.482,2.277,60.45,1,0
3789,53,38.9,153576.0,18690.45,10.8,0.629,0,3,85.0,1,1,1,0.33702,0.03,2.309,2.619,54.23,0,1
3790,35,50.5,78259.0,8752.83,11.6,0.514,7,4,-3.0,1,1,1,0.69001,0.005,1.826,1.625,35.9,0,1
3791,29,3.4,57175.0,7123.01,13.2,0.99,0,2,41.0,0,1,1,0.39749,0.078,1.61,2.413,45.79,0,1
3792,54,78.6,190447.0,31614.67,9.4,0.542,2,4,9.0,0,0,0,0.26817,0.03,0.657,0.31,16.39,0,1
3793,30,22.4,71856.0,3643.81,19.9,0.792,0,2,37.0,0,1,0,0.45122,0.048,3.402,2.926,67.93,1,0
3794,40,4.3,119479.0,2006.26,13.4,0.918,0,4,39.0,0,1,0,0.4163,0.078,1.863,1.925,37.99,1,0
3795,46,34.7,80655.0,4986.86,6.7,0.568,0,3,6.0,0,1,0,0.30419,0.075,1.197,0.602,24.35,1,0
3796,37,56.6,122587.0,2928.58,11.0,0.703,3,2,-19.0,0,1,0,0.43141,0.005,1.409,1.062,31.06,1,0
3797,37,49.4,98888.0,12912.62,5.5,0.706,4,3,0.0,0,1,1,0.40696,0.05,0.186,0.427,15.5,0,1
3798,18,15.8,62732.0,5066.04,2.4,0.296,0,2,11.0,0,1,1,0.2741,0.105,0.823,0.972,26.5,1,0
3799,47,53.5,113524.0,31169.65,5.3,0.557,2,3,53.0,0,1,0,0.24335,0.075,0.833,1.122,29.97,1,0
3800,20,17.2,62885.0,5995.57,18.0,0.804,0,2,64.0,0,1,0,0.42894,0.078,2.446,2.144,50.39,1,0
3801,31,14.0,87764.0,7953.63,14.1,0.986,1,1,50.0,0,1,0,0.43406,0.078,2.442,2.241,52.54,1,0
3802,30,30.4,78994.0,4805.99,15.2,0.947,1,2,59.0,0,1,0,0.35861,0.048,1.758,1.013,24.61,1,0
3803,54,70.9,117709.0,79168.84,6.0,0.599,1,4,55.0,0,1,0,0.24054,0.075,1.398,1.088,31.14,1,0
3804,39,1.0,95170.0,2313.15,19.1,0.924,0,3,54.0,0,1,0,0.44502,0.078,1.917,1.811,47.6,1,0
3805,29,21.5,76800.0,3587.45,13.7,0.776,0,1,49.0,0,1,1,0.36434,0.048,1.739,1.625,35.14,1,0
3806,45,13.9,95323.0,3320.27,12.2,0.818,0,2,52.0,0,1,0,0.3847,0.078,2.063,2.242,50.08,1,0
3807,40,31.4,55329.0,12184.28,5.1,0.447,1,3,23.0,0,1,0,0.20393,0.075,1.23,0.342,14.29,0,1
3808,29,34.0,94304.0,3149.52,10.9,0.606,4,4,-6.0,0,1,0,0.57305,0.005,0.852,0.779,23.93,1,0
3809,31,36.4,67546.0,7689.04,6.6,0.446,2,2,24.0,0,1,0,0.49597,0.075,0.343,0.124,13.38,0,1
3810,32,33.7,81523.0,4322.2,7.9,0.322,1,1,-3.0,0,1,0,0.28009,0.075,1.509,0.931,23.67,1,0
3811,42,22.0,93744.0,24956.47,5.6,0.636,3,3,21.0,1,1,1,0.42938,0.05,0.168,0.397,12.9,0,1
3812,22,15.3,74277.0,4382.88,15.4,0.99,0,2,53.0,0,1,1,0.39685,0.078,1.951,2.26,51.8,1,0
3813,36,25.6,68856.0,5594.22,15.6,0.477,3,3,-15.0,0,0,0,0.47571,0.005,1.146,0.906,28.72,0,1
3814,28,1.0,122996.0,6897.76,15.2,0.864,0,3,43.0,0,1,0,0.5557,0.078,0.991,0.517,13.05,0,1
3815,46,60.7,127587.0,62527.3,6.5,0.696,0,4,30.0,0,1,0,0.25568,0.075,1.087,1.318,39.19,1,0
3816,55,84.1,168904.0,20112.92,7.9,0.639,0,3,34.0,0,0,1,0.28065,0.075,0.841,1.136,33.62,0,1
3817,53,41.5,124497.0,8734.65,9.4,0.489,0,4,38.0,0,1,1,0.34338,0.03,2.349,1.923,44.29,0,1
3818,37,15.7,45972.0,1373.01,17.4,0.852,1,3,40.0,0,1,1,0.55366,0.078,2.207,2.473,52.27,1,0
3819,36,30.3,51691.0,9481.49,7.3,0.538,3,4,-38.0,0,1,0,0.51623,0.05,1.236,1.678,38.11,0,1
3820,43,25.5,65834.0,8164.01,2.9,0.411,1,1,44.0,0,1,0,0.20621,0.075,1.2,0.994,27.63,0,1
3821,25,10.4,71296.0,1287.97,3.7,0.416,1,3,15.0,0,1,1,0.34578,0.105,1.225,1.666,39.97,1,0
3822,28,13.9,80411.0,6701.98,7.0,0.762,1,2,-3.0,0,0,0,0.37465,0.123,1.62,1.284,34.08,0,1
3823,30,14.5,98108.0,6378.6,5.7,0.567,1,3,-9.0,0,1,0,0.44377,0.105,1.425,1.061,29.57,0,1
3824,29,32.0,84468.0,15680.58,20.9,0.711,1,4,61.0,0,1,0,0.43275,0.03,2.436,2.555,58.33,1,0
3825,43,10.2,47857.0,13023.62,3.4,0.44,0,1,11.0,0,0,1,0.22314,0.105,0.862,0.807,22.77,0,1
3826,34,25.0,84532.0,10541.67,8.1,0.782,1,2,-14.0,0,1,0,0.40384,0.048,1.264,1.383,36.43,1,0
3827,26,41.3,79561.0,8066.97,15.1,0.882,0,2,39.0,0,0,1,0.43358,0.048,2.218,2.487,56.76,1,0
3828,47,53.2,118138.0,56337.77,7.8,0.592,1,4,58.0,0,0,1,0.21374,0.075,1.327,1.75,38.46,0,1
3829,39,26.1,67028.0,1305.26,5.7,0.396,1,2,14.0,0,1,1,0.28346,0.075,1.069,1.044,28.33,0,1
3830,35,43.8,73560.0,12597.29,7.7,0.654,2,2,-9.0,0,0,1,0.33675,0.075,2.164,2.027,44.07,0,1
3831,45,74.2,117203.0,16493.92,11.1,0.606,0,5,26.0,0,0,1,0.33499,0.03,2.188,2.199,49.0,0,1
3832,29,15.0,68624.0,7155.94,10.6,0.423,2,2,-14.0,0,1,0,0.40406,0.06,0.829,0.46,13.61,0,1
3833,45,53.4,202131.0,67125.57,7.5,0.566,1,4,55.0,0,1,0,0.33584,0.075,1.471,1.19,28.36,1,0
3834,57,65.6,200356.0,33728.48,6.2,0.633,0,4,17.0,0,1,0,0.23122,0.075,2.031,1.739,42.88,1,0
3835,30,39.1,79960.0,9213.78,18.9,0.959,1,3,57.0,1,1,1,0.55468,0.048,1.671,2.026,53.64,0,1
3836,44,52.9,140150.0,74459.63,7.6,0.576,2,3,47.0,0,1,0,0.26265,0.075,0.346,0.524,22.12,0,1
3837,47,25.1,48898.0,2553.42,5.6,0.557,1,3,-4.0,0,1,0,0.33049,0.075,2.81,2.293,54.14,1,0
3838,25,21.0,120900.0,1092.62,18.8,0.905,0,4,40.0,0,1,1,0.41225,0.048,1.986,2.5,55.34,1,0
3839,45,29.4,78050.0,6385.13,2.5,0.344,0,1,-18.0,0,1,1,0.31933,0.075,0.168,0.233,13.33,0,1
3840,39,24.2,93108.0,9832.0,18.3,0.89,1,1,57.0,0,1,1,0.54323,0.048,2.434,2.011,46.62,1,0
3841,38,20.8,38958.0,9452.02,2.2,0.641,1,4,-38.0,0,1,1,0.35087,0.075,0.691,0.877,23.79,1,0
3842,28,24.6,72800.0,10323.08,8.0,0.459,3,2,-5.0,0,1,1,0.4831,0.005,1.207,1.472,34.55,0,1
3843,54,33.6,69571.0,14295.18,12.1,0.624,0,3,-7.0,1,1,1,0.40127,0.03,1.756,1.3,31.18,0,1
3844,41,46.1,86576.0,14123.04,9.0,0.47,0,2,7.0,0,1,0,0.32488,0.03,0.586,0.297,20.54,0,1
3845,33,19.1,52235.0,2461.8,6.1,0.312,1,3,-7.0,1,1,0,0.36444,0.075,0.013,0.0,12.0,0,1
3846,56,61.7,129631.0,59563.24,5.6,0.567,0,3,16.0,0,1,0,0.27372,0.075,1.546,0.946,26.2,0,1
3847,40,9.7,69740.0,2395.05,5.4,0.58,0,2,20.0,0,0,1,0.30607,0.105,1.474,1.484,39.67,0,1
3848,47,53.4,58428.0,9372.22,9.0,0.401,1,1,-11.0,0,1,0,0.3248,0.03,1.795,1.742,37.44,0,1
3849,24,17.9,65088.0,5124.8,16.7,0.849,1,1,6.0,0,1,1,0.41221,0.078,1.335,1.726,46.56,1,0
3850,31,28.9,80072.0,2573.95,21.5,0.897,0,1,44.0,0,1,0,0.45541,0.048,2.224,1.643,38.22,1,0
3851,41,62.4,198075.0,19742.9,11.5,0.768,0,4,68.0,0,1,0,0.38608,0.048,1.484,1.223,27.63,1,0
3852,34,17.0,94540.0,19225.7,18.1,0.99,0,2,54.0,0,1,1,0.46167,0.078,1.952,2.332,59.68,1,0
3853,49,44.0,184493.0,17921.66,10.2,0.594,0,3,11.0,0,0,1,0.29022,0.03,2.069,1.715,36.16,1,0
3854,51,36.2,140379.0,40699.24,5.5,0.699,0,3,43.0,0,1,0,0.27417,0.075,1.331,0.859,24.93,1,0
3855,37,46.0,107806.0,11661.71,7.7,0.58,2,2,11.0,0,1,0,0.29002,0.075,0.516,0.19,11.37,1,0
3856,27,16.9,47495.0,4344.18,11.9,0.889,0,1,11.0,0,1,1,0.3895,0.078,2.362,2.534,54.27,1,0
3857,29,24.5,101854.0,4641.7,1.1,0.46,0,2,5.0,0,1,0,0.24789,0.075,1.064,0.625,24.1,0,1
3858,55,47.0,246714.0,39629.55,5.6,0.466,0,4,59.0,0,0,0,0.24688,0.075,1.679,1.069,37.16,0,1
3859,48,20.2,81447.0,4543.87,8.9,0.585,3,1,-37.0,0,1,1,0.50908,0.005,1.782,1.246,38.84,0,1
3860,25,28.7,95149.0,6378.98,12.7,0.95,0,2,39.0,0,1,0,0.4766,0.048,1.336,1.744,43.28,0,1
3861,53,82.9,136591.0,22458.67,7.9,0.545,0,5,30.0,0,1,0,0.216,0.075,1.475,0.894,30.16,1,0
3862,32,8.5,71819.0,13950.46,15.6,0.95,0,2,36.0,0,1,0,0.37738,0.078,1.496,1.261,35.97,0,1
3863,38,39.1,61052.0,10573.73,5.9,0.4,5,1,18.0,0,0,0,0.41503,0.05,0.878,1.031,27.14,0,1
3864,38,64.3,136186.0,20300.31,12.1,0.65,2,5,57.0,0,0,0,0.33715,0.03,0.762,0.749,22.58,0,1
3865,26,20.6,68555.0,3747.54,0.9,0.578,0,1,4.0,0,0,0,0.26335,0.075,1.12,0.549,18.05,1,0
3866,44,84.2,154566.0,17541.69,11.0,0.616,0,4,15.0,1,1,1,0.32244,0.03,1.746,2.204,47.68,0,1
3867,23,25.6,123106.0,9459.3,2.9,0.482,1,2,16.0,0,1,1,0.28888,0.075,0.042,0.512,19.22,0,1
3868,39,30.9,78086.0,3885.97,15.6,0.743,0,3,59.0,0,1,1,0.38689,0.03,2.716,2.85,59.95,1,0
3869,41,35.6,48167.0,4673.81,5.8,0.633,3,3,-8.0,0,0,0,0.46228,0.05,0.215,0.198,13.64,0,1
3870,49,61.8,215125.0,18543.12,6.2,0.742,1,4,46.0,0,1,0,0.28787,0.075,0.654,0.364,12.59,0,1
3871,34,78.5,99245.0,155779.75,12.9,0.634,0,5,46.0,0,1,0,0.30387,0.03,1.827,1.646,38.55,1,0
3872,18,19.5,65346.0,4775.42,15.1,0.849,0,1,27.0,0,1,0,0.52849,0.048,2.336,1.972,42.06,0,1
3873,29,14.8,81786.0,3398.88,13.0,0.688,1,3,33.0,0,0,0,0.33761,0.06,0.712,0.718,23.18,0,1
3874,43,32.6,85061.0,3037.03,17.3,0.914,0,1,44.0,1,1,0,0.50125,0.048,2.576,2.225,47.73,1,0
3875,30,37.0,39936.0,4075.0,3.5,0.354,0,3,-27.0,0,0,0,0.25559,0.075,1.279,1.108,34.77,0,1
3876,55,76.4,112810.0,21130.42,8.4,0.571,1,3,27.0,0,0,1,0.29148,0.03,1.05,1.459,38.69,0,1
3877,26,1.0,50954.0,2209.08,13.5,0.99,0,3,29.0,0,1,1,0.48423,0.078,2.132,2.134,49.37,1,0
3878,35,27.3,69784.0,2937.45,2.2,0.232,1,3,13.0,0,1,1,0.21511,0.075,1.468,1.988,42.7,1,0
3879,38,18.5,104611.0,4384.6,13.9,0.717,0,3,23.0,0,1,1,0.37258,0.03,2.25,2.967,66.91,0,1
3880,47,61.6,99222.0,24401.95,10.2,0.665,0,4,42.0,0,1,0,0.32491,0.03,1.684,1.318,31.92,0,1
3881,33,38.3,94207.0,4482.14,8.4,0.548,1,3,-4.0,0,1,1,0.34357,0.03,1.291,0.576,12.4,0,1
3882,45,25.1,75857.0,2326.77,1.7,0.373,1,1,8.0,0,1,1,0.22499,0.075,0.922,0.717,23.15,0,1
3883,38,39.1,60263.0,5895.43,9.4,0.62,0,1,1.0,0,1,1,0.37053,0.03,0.575,1.129,29.61,1,0
3884,57,58.8,80798.0,21548.35,8.2,0.668,0,4,45.0,1,1,1,0.34787,0.03,2.32,2.109,41.44,0,1
3885,30,40.0,44181.0,3590.66,6.0,0.323,0,1,5.0,0,0,1,0.26321,0.075,1.089,1.068,33.33,0,1
3886,39,25.3,64716.0,19127.47,14.7,0.835,0,2,45.0,0,1,1,0.42344,0.048,1.497,2.368,50.16,1,0
3887,37,28.5,89460.0,7129.63,4.3,0.435,0,2,-3.0,0,1,0,0.2942,0.075,1.479,1.363,36.49,1,0
3888,38,27.9,57145.0,10600.06,5.6,0.448,0,2,-3.0,0,0,0,0.28008,0.075,1.283,0.998,23.87,0,1
3889,36,35.9,44956.0,2074.28,1.8,0.483,2,1,40.0,0,0,0,0.28979,0.075,1.151,0.743,15.86,0,1
3890,25,28.3,79095.0,13364.8,18.4,0.836,1,3,40.0,0,1,0,0.42212,0.048,2.598,2.196,46.75,1,0
3891,29,14.6,53570.0,5216.4,16.0,0.938,0,1,44.0,0,1,0,0.43444,0.078,2.24,2.508,58.14,0,1
3892,35,42.9,82726.0,15189.1,6.0,0.695,1,1,-9.0,0,1,0,0.39102,0.075,0.37,0.31,14.72,1,0
3893,56,64.1,105984.0,43087.95,5.0,0.645,0,3,41.0,0,0,0,0.33365,0.075,1.713,1.064,34.97,1,0
3894,37,54.0,57506.0,6400.13,8.7,0.579,2,2,-18.0,0,1,0,0.39546,0.03,2.018,1.729,43.45,0,1
3895,25,35.2,65295.0,4788.83,3.0,0.404,1,1,1.0,0,1,1,0.23697,0.075,0.742,1.41,30.56,1,0
3896,26,23.5,115495.0,10964.32,11.0,0.522,2,3,10.0,0,1,1,0.40297,0.03,1.122,1.376,39.75,0,1
3897,37,90.0,249799.0,10139.26,7.2,0.537,0,4,6.0,0,1,0,0.18935,0.075,1.176,0.942,31.02,0,1
3898,53,36.8,104219.0,29519.62,8.8,0.607,0,5,38.0,0,1,0,0.32902,0.03,1.811,1.356,31.74,0,1
3899,21,23.6,64693.0,7933.86,13.7,0.95,1,3,28.0,0,1,1,0.46375,0.048,2.231,2.549,62.33,1,0
3900,31,7.6,87350.0,5389.22,15.9,0.802,0,1,6.0,0,1,0,0.41474,0.078,1.798,1.954,44.58,1,0
3901,30,38.6,104199.0,6105.77,19.6,0.892,2,3,42.0,0,1,0,0.52497,0.048,3.181,2.809,62.04,0,1
3902,35,25.0,32892.0,1840.78,4.1,0.409,0,1,-12.0,0,0,1,0.30558,0.075,0.903,1.04,28.25,0,1
3903,41,21.5,73718.0,9449.66,7.5,0.786,4,3,-33.0,0,1,0,0.5386,0.068,1.436,1.236,32.51,0,1
3904,39,27.8,63126.0,7514.38,6.7,0.67,0,2,41.0,0,1,1,0.26006,0.075,1.134,1.496,45.44,1,0
3905,30,53.4,82086.0,28036.05,7.9,0.718,0,5,44.0,0,1,0,0.32743,0.075,1.457,1.434,40.28,1,0
3906,36,27.3,50181.0,5144.48,12.8,0.691,6,3,3.0,1,1,0,0.69297,0.005,0.78,0.503,16.25,0,1
3907,38,18.1,50615.0,5437.25,0.8,0.37,1,1,9.0,0,1,0,0.22952,0.075,0.026,0.0,14.0,0,1
3908,46,13.0,59944.0,3755.3,4.4,0.581,1,1,-13.0,0,0,0,0.34701,0.105,0.557,0.48,20.64,0,1
3909,50,34.2,94524.0,9378.29,4.4,0.608,3,5,-11.0,0,1,0,0.29311,0.05,0.07,0.006,4.12,0,1
3910,25,26.7,64924.0,11377.32,3.4,0.425,0,1,3.0,1,1,0,0.31312,0.075,0.499,0.763,20.88,0,1
3911,47,50.0,178233.0,43541.1,8.7,0.506,0,4,-3.0,0,1,1,0.44241,0.03,1.662,1.927,41.38,1,0
3912,38,42.1,138999.0,69829.65,3.7,0.596,0,4,68.0,1,1,1,0.31151,0.075,1.29,1.797,44.66,0,1
3913,46,25.7,48774.0,3582.35,3.3,0.236,0,1,8.0,0,1,0,0.22659,0.075,0.0,0.0,8.0,1,0
3914,56,68.4,131321.0,25436.36,8.8,0.613,0,3,18.0,0,1,1,0.29095,0.03,1.055,1.649,34.77,0,1
3915,51,70.8,166508.0,16075.5,8.4,0.577,0,4,36.0,0,1,0,0.28055,0.03,1.846,1.699,43.07,0,1
3916,50,68.6,182371.0,37436.25,8.9,0.596,1,4,8.0,0,0,0,0.34923,0.03,1.899,1.592,37.92,1,0
3917,59,80.9,132599.0,5665.91,5.4,0.488,0,3,16.0,0,1,0,0.21936,0.075,1.425,0.987,25.74,0,1
3918,46,43.0,56025.0,9550.04,9.8,0.667,6,2,21.0,0,1,1,0.4335,0.005,1.002,1.182,29.92,0,1
3919,46,63.2,78830.0,9820.29,7.4,0.655,2,2,-18.0,0,0,1,0.35513,0.075,1.062,1.762,45.97,1,0
3920,52,99.2,157010.0,27780.02,9.9,0.826,0,3,34.0,0,0,0,0.24804,0.048,2.458,2.175,51.18,0,1
3921,27,1.0,106014.0,4237.78,9.8,0.99,0,3,46.0,0,1,1,0.38687,0.078,1.808,2.057,53.7,1,0
3922,40,1.0,49120.0,1330.23,3.7,0.447,1,1,7.0,0,1,0,0.28353,0.105,0.404,0.069,6.03,0,1
3923,55,61.9,115232.0,78757.87,8.3,0.753,0,3,24.0,0,1,0,0.32188,0.048,1.244,1.321,35.82,1,0
3924,34,28.1,72363.0,2409.45,8.1,0.459,0,2,53.0,0,1,1,0.36689,0.03,1.014,0.893,26.05,1,0
3925,27,15.1,68083.0,2392.21,16.2,0.853,0,3,30.0,0,1,1,0.50048,0.078,1.592,1.839,37.72,1,0
3926,46,39.4,63768.0,11398.38,9.5,0.559,5,3,-25.0,1,1,0,0.58844,0.005,0.81,0.523,14.31,0,1
3927,50,27.8,101017.0,8597.17,10.0,0.66,2,2,1.0,0,1,0,0.51411,0.03,2.779,2.682,63.41,1,0
3928,30,13.7,40746.0,2376.66,7.9,0.88,2,1,-14.0,1,1,1,0.57355,0.123,0.935,0.808,23.46,1,0
3929,27,9.5,132411.0,3328.28,15.0,0.99,0,2,63.0,0,1,0,0.4699,0.078,1.906,1.432,37.05,1,0
3930,37,19.6,50005.0,2989.02,0.7,0.457,4,1,6.0,1,1,0,0.396,0.05,1.803,1.86,42.12,1,0
3931,41,41.1,90984.0,19186.79,4.7,0.643,1,3,-6.0,0,0,1,0.31308,0.075,0.739,1.484,35.01,0,1
3932,34,25.2,69916.0,10855.23,10.8,0.642,4,2,-2.0,0,0,1,0.55594,0.005,1.008,1.434,32.37,0,1
3933,62,58.5,148491.0,31292.25,8.6,0.63,0,4,28.0,0,0,0,0.38746,0.03,1.378,1.565,46.29,1,0
3934,32,22.8,70794.0,7831.54,15.3,0.983,0,2,61.0,0,1,1,0.49664,0.048,1.874,2.491,51.56,1,0
3935,53,59.6,173909.0,32577.82,6.4,0.623,0,5,46.0,0,1,0,0.27196,0.075,0.726,0.664,22.61,1,0
3936,41,29.4,69197.0,5842.08,16.5,0.789,1,2,54.0,0,1,1,0.45131,0.048,2.382,2.478,55.11,1,0
3937,46,51.0,118221.0,35303.03,8.6,0.693,1,3,5.0,0,0,1,0.38934,0.03,1.346,1.618,42.08,0,1
3938,37,17.4,117480.0,11737.62,10.3,0.658,3,1,-15.0,0,1,0,0.53056,0.035,0.209,0.351,22.26,0,1
3939,40,65.7,139099.0,23975.73,5.0,0.624,0,4,32.0,0,1,0,0.3039,0.075,1.129,0.553,20.57,1,0
3940,28,20.9,63326.0,2145.78,11.2,0.934,0,3,77.0,0,1,1,0.29936,0.048,0.587,1.267,30.43,0,1
3941,19,5.6,50823.0,8113.49,13.5,0.99,0,3,17.0,0,1,0,0.45809,0.078,1.325,1.047,30.53,1,0
3942,34,32.1,125768.0,11968.53,12.4,0.894,0,3,32.0,0,1,1,0.42452,0.048,2.32,2.302,46.82,1,0
3943,32,39.1,65478.0,2213.01,12.2,0.851,1,2,65.0,0,1,1,0.45438,0.048,1.72,1.675,41.98,0,1
3944,36,23.5,125633.0,8988.82,13.2,0.512,2,4,-26.0,0,0,0,0.58492,0.03,1.148,1.329,37.72,0,1
3945,28,33.8,84641.0,3361.25,9.9,0.872,0,2,32.0,0,1,1,0.28133,0.048,0.409,0.407,17.71,1,0
3946,40,1.0,61321.0,5327.11,5.8,0.599,0,1,42.0,0,0,0,0.26711,0.105,0.331,0.242,19.18,0,1
3947,21,28.9,79566.0,5282.49,18.4,0.878,0,1,51.0,0,1,1,0.43887,0.048,1.779,1.734,41.38,1,0
3948,30,5.7,138247.0,39131.76,18.7,0.94,0,2,60.0,0,1,0,0.40911,0.078,1.414,1.085,30.03,1,0
3949,40,33.7,32643.0,2466.2,5.2,0.394,0,1,24.0,0,0,0,0.32431,0.075,1.23,0.71,23.6,0,1
3950,18,4.5,80528.0,12222.98,19.6,0.855,1,3,46.0,0,1,1,0.53573,0.078,2.004,2.632,59.8,1,0
3951,54,61.2,128464.0,92595.99,12.8,0.543,0,5,36.0,0,1,1,0.36462,0.03,2.117,2.132,50.84,0,1
3952,23,12.3,55701.0,4243.76,3.7,0.441,1,2,27.0,1,1,0,0.32947,0.105,1.626,1.448,33.14,0,1
3953,34,19.4,61427.0,3073.19,5.7,0.373,0,2,-6.0,0,0,1,0.3055,0.075,1.598,2.113,50.39,1,0
3954,30,53.0,67006.0,8508.67,12.4,0.73,1,2,25.0,0,1,0,0.31313,0.03,1.462,1.167,30.78,0,1
3955,39,14.7,79960.0,4529.95,13.7,0.888,0,1,34.0,0,1,0,0.36312,0.078,1.736,1.637,39.43,1,0
3956,30,56.3,71543.0,16711.32,8.3,0.585,3,2,11.0,0,1,0,0.34278,0.005,1.5,1.268,35.79,0,1
3957,23,17.4,41383.0,1701.31,2.8,0.41,1,2,20.0,0,0,0,0.20877,0.105,0.098,0.415,15.47,0,1
3958,36,39.9,65399.0,2701.95,5.7,0.471,1,2,-0.0,0,1,0,0.35619,0.075,0.977,0.89,28.39,0,1
3959,26,1.0,92210.0,3745.88,10.9,0.99,0,2,53.0,0,1,0,0.39869,0.078,1.59,1.208,36.6,1,0
3960,38,58.6,119211.0,10419.82,11.9,0.526,0,5,36.0,0,0,0,0.34916,0.03,0.982,0.987,25.33,1,0
3961,53,55.6,228511.0,55926.07,9.4,0.671,0,4,0.0,0,0,1,0.31414,0.03,0.587,0.814,22.45,1,0
3962,18,34.5,108999.0,8979.78,17.6,0.727,1,1,42.0,0,1,0,0.51337,0.03,0.623,0.417,14.96,0,1
3963,31,33.2,90426.0,5297.31,2.6,0.725,0,3,-32.0,0,1,0,0.34745,0.075,0.91,0.494,13.3,0,1
3964,25,1.0,95138.0,8790.43,13.2,0.888,1,2,54.0,0,1,1,0.44465,0.078,1.542,1.658,34.31,0,1
3965,55,46.3,139126.0,11431.34,12.0,0.476,2,5,31.0,0,1,0,0.3925,0.03,0.904,0.939,23.89,1,0
3966,38,3.8,103431.0,4570.62,15.5,0.76,0,1,61.0,0,0,1,0.43151,0.078,1.123,1.52,36.55,1,0
3967,57,73.2,210894.0,29478.7,3.3,0.73,3,4,21.0,0,0,0,0.38646,0.05,0.762,0.349,18.58,0,1
3968,28,25.7,94528.0,4764.13,16.6,0.717,0,3,19.0,0,1,1,0.42731,0.03,1.48,1.777,40.04,0,1
3969,32,58.4,118306.0,33763.84,9.8,0.671,0,4,14.0,0,0,0,0.32743,0.03,1.512,1.499,34.59,1,0
3970,32,9.4,75190.0,4280.2,17.4,0.853,0,2,82.0,0,1,0,0.34739,0.078,2.9,2.4,66.94,1,0
3971,45,30.6,68884.0,2331.61,4.1,0.409,0,2,68.0,0,0,0,0.18554,0.075,1.128,0.608,19.48,1,0
3972,38,2.4,95290.0,4193.01,19.1,0.826,1,2,82.0,0,1,0,0.44942,0.078,2.866,2.331,48.78,1,0
3973,41,36.5,70509.0,19405.09,7.1,0.485,1,1,-37.0,0,0,0,0.38232,0.075,0.588,0.584,16.01,0,1
3974,21,20.5,65215.0,3089.19,17.5,0.846,1,2,18.0,0,1,1,0.4672,0.048,1.079,1.046,28.11,1,0
3975,25,12.7,116567.0,19492.86,16.4,0.963,2,2,24.0,1,1,0,0.61286,0.078,2.875,2.49,54.02,1,0
3976,43,20.8,56895.0,2977.91,15.6,0.868,1,3,59.0,0,1,0,0.4403,0.048,0.884,0.68,23.32,1,0
3977,19,17.2,58943.0,5259.92,15.0,0.946,0,2,84.0,0,1,0,0.39713,0.078,2.172,1.631,34.3,1,0
3978,21,22.0,53112.0,6523.18,15.1,0.873,0,2,61.0,0,1,0,0.44818,0.048,2.437,2.371,47.53,1,0
3979,56,46.0,106964.0,26472.19,8.1,0.707,2,3,38.0,0,1,0,0.37082,0.03,1.877,2.086,49.74,0,1
3980,35,38.4,100831.0,19648.04,8.2,0.636,1,3,-26.0,0,1,0,0.36493,0.03,1.058,0.862,27.48,0,1
3981,21,28.3,107400.0,6413.88,18.0,0.841,0,3,39.0,0,1,0,0.46545,0.048,2.127,1.584,45.95,1,0
3982,60,65.9,135268.0,28009.66,6.6,0.535,0,5,36.0,0,1,1,0.31073,0.075,2.678,2.946,70.52,0,1
3983,41,38.2,82325.0,19506.81,13.2,0.695,4,2,9.0,0,0,1,0.53872,0.005,1.94,2.069,47.07,1,0
3984,26,14.7,75785.0,2325.67,14.4,0.811,0,2,35.0,0,1,1,0.34868,0.078,2.424,2.329,48.06,0,1
3985,41,72.7,100025.0,22157.4,10.5,0.695,0,4,42.0,0,1,1,0.22763,0.03,1.705,2.503,55.21,0,1
3986,43,16.8,138327.0,6486.66,18.6,0.903,0,2,49.0,0,1,1,0.44684,0.078,2.637,2.824,59.83,1,0
3987,29,2.2,110158.0,7576.34,16.4,0.849,0,5,46.0,0,1,1,0.38687,0.078,2.614,2.831,59.28,1,0
3988,59,71.8,151858.0,39466.02,8.2,0.687,0,5,26.0,0,1,0,0.17978,0.03,1.596,1.558,35.45,1,0
3989,41,2.4,46826.0,2761.95,2.5,0.58,0,1,12.0,0,0,0,0.26757,0.105,0.095,0.057,11.31,0,1
3990,31,25.4,55523.0,2547.66,3.1,0.499,1,1,8.0,0,1,1,0.30643,0.075,0.37,0.421,13.07,0,1
3991,31,17.4,48939.0,6259.02,5.1,0.444,1,1,-5.0,0,1,1,0.39114,0.105,0.874,1.35,33.18,0,1
3992,59,56.6,141684.0,37412.03,7.9,0.818,1,4,51.0,0,0,1,0.31304,0.093,2.235,2.394,47.59,1,0
3993,39,18.1,82633.0,2552.62,19.2,0.716,1,1,74.0,0,0,0,0.476,0.03,2.309,2.238,50.34,0,1
3994,36,53.5,125857.0,17484.23,6.8,0.518,0,4,37.0,0,1,0,0.2703,0.075,0.375,0.525,16.65,1,0
3995,33,22.1,51318.0,12035.1,14.9,0.849,1,1,43.0,0,1,1,0.45131,0.048,1.218,2.353,47.84,1,0
3996,28,16.7,135151.0,2820.41,11.5,0.99,0,1,58.0,0,1,0,0.34657,0.078,1.792,1.884,42.31,1,0
3997,22,8.6,81034.0,5372.82,17.7,0.99,0,4,48.0,0,0,0,0.59287,0.078,1.487,1.023,26.38,1,0
3998,51,78.1,156106.0,77001.51,9.5,0.451,1,4,56.0,0,1,1,0.22143,0.03,2.652,2.644,55.95,0,1
3999,40,64.5,123125.0,45517.9,10.6,0.592,0,5,36.0,0,1,0,0.3029,0.03,2.425,2.074,43.68,1,0
4000,26,23.6,49849.0,2750.02,18.8,0.754,1,2,55.0,0,1,1,0.42684,0.048,1.658,1.778,48.15,0,1
4001,32,48.0,70399.0,4133.98,11.1,0.586,1,1,25.0,0,1,1,0.35485,0.03,1.863,1.709,45.59,0,1
4002,46,78.8,126467.0,107895.53,10.2,0.739,0,3,58.0,0,0,0,0.28531,0.03,0.949,1.306,35.56,0,1
4003,34,29.0,71458.0,1524.79,6.1,0.537,0,4,7.0,0,1,1,0.27939,0.075,1.744,2.38,50.93,1,0
4004,22,12.4,97064.0,3140.72,18.1,0.929,0,1,65.0,0,0,1,0.38636,0.078,2.194,2.023,47.34,1,0
4005,49,13.8,88520.0,10191.65,4.0,0.543,2,4,-28.0,0,1,0,0.36297,0.105,0.301,0.32,12.88,0,1
4006,32,18.5,99243.0,3903.24,13.0,0.89,0,2,40.0,0,1,0,0.45785,0.048,1.904,1.693,39.76,0,1
4007,62,75.1,224583.0,46465.46,4.6,0.715,1,4,50.0,0,1,1,0.19368,0.075,0.49,1.227,34.21,0,1
4008,28,20.3,84436.0,1733.3,19.4,0.99,2,2,73.0,0,1,0,0.62621,0.048,2.902,2.53,57.04,1,0
4009,25,1.0,102260.0,3924.81,13.9,0.77,0,1,30.0,0,1,1,0.42616,0.078,1.91,2.033,48.04,1,0
4010,50,41.4,82270.0,12427.84,7.3,0.765,5,3,-9.0,0,0,0,0.55982,0.068,0.249,0.384,16.36,1,0
4011,25,27.2,45501.0,7006.06,16.0,0.927,1,3,44.0,0,1,1,0.40752,0.048,1.9,1.887,46.2,1,0
4012,28,12.4,72894.0,3101.8,12.6,0.99,0,2,42.0,0,0,0,0.4043,0.078,1.636,1.533,43.01,0,1
4013,40,33.9,46677.0,1544.19,5.5,0.45,1,2,-13.0,0,1,1,0.28404,0.075,0.867,0.691,23.87,0,1
4014,20,23.5,80901.0,5170.61,10.2,0.99,1,2,54.0,0,1,1,0.41403,0.048,1.104,0.989,33.75,1,0
4015,43,22.8,58154.0,3408.73,5.8,0.626,1,4,-32.0,0,1,1,0.31451,0.075,0.204,0.485,16.62,0,1
4016,42,46.3,84792.0,18434.38,9.5,0.519,0,3,14.0,0,0,0,0.27072,0.03,1.484,1.133,26.61,1,0
4017,38,1.0,99049.0,4984.8,12.6,0.95,0,4,70.0,1,1,1,0.56361,0.078,2.625,2.886,64.08,1,0
4018,55,61.3,190989.0,20344.45,11.5,0.764,0,3,22.0,0,1,0,0.36053,0.048,1.374,1.233,30.49,1,0
4019,38,14.1,117676.0,2267.44,16.1,0.9,0,2,20.0,0,1,1,0.48002,0.078,2.03,2.367,53.87,1,0
4020,34,12.1,37525.0,1987.99,7.6,0.202,0,2,9.0,0,1,0,0.29633,0.105,2.501,1.887,46.3,1,0
4021,23,19.6,54982.0,1630.39,17.0,0.887,0,2,34.0,1,1,0,0.58379,0.048,2.803,1.766,41.16,1,0
4022,44,31.7,167544.0,6207.04,16.0,0.911,0,3,40.0,0,1,1,0.41388,0.048,1.176,1.345,37.98,1,0
4023,38,77.0,181241.0,18989.49,5.3,0.635,1,3,36.0,0,1,0,0.29699,0.075,1.766,1.06,30.97,1,0
4024,25,30.7,62686.0,3889.96,7.0,0.375,1,1,-8.0,0,1,1,0.21973,0.075,1.309,1.644,44.12,1,0
4025,39,1.6,59513.0,4254.67,5.7,0.576,2,1,42.0,0,1,1,0.35611,0.105,1.056,1.509,40.53,1,0
4026,46,6.0,58101.0,5621.01,10.1,0.169,0,1,-2.0,0,0,0,0.30196,0.06,0.736,0.492,21.85,0,1
4027,39,33.0,42715.0,9422.9,11.2,0.6,2,2,10.0,0,1,0,0.39237,0.03,2.099,1.376,35.71,0,1
4028,45,30.6,58448.0,16623.94,7.9,0.602,1,2,-25.0,0,1,1,0.4137,0.075,0.246,0.147,5.3,0,1
4029,35,56.0,133895.0,78783.82,8.8,0.87,0,5,35.0,0,1,0,0.30206,0.048,1.501,1.427,38.82,1,0
4030,32,44.9,48631.0,3548.24,5.6,0.428,0,1,19.0,1,1,0,0.2833,0.075,1.131,0.59,20.42,1,0
4031,36,63.3,117833.0,39361.11,11.1,0.689,0,2,37.0,0,1,0,0.26622,0.03,1.365,0.995,31.57,0,1
4032,54,68.5,275369.0,22273.06,11.6,0.654,0,4,29.0,0,1,1,0.2847,0.03,1.852,2.046,45.84,1,0
4033,27,42.9,67270.0,4210.1,8.6,0.6,1,4,-17.0,1,0,1,0.31249,0.03,0.659,0.383,24.71,0,1
4034,29,31.7,77615.0,18408.09,5.7,0.784,3,3,-16.0,0,1,0,0.42502,0.068,1.44,1.243,32.02,0,1
4035,33,47.1,81143.0,6671.27,11.0,0.778,0,2,31.0,0,1,1,0.26814,0.048,2.846,3.273,76.53,0,1
4036,56,50.7,161808.0,50007.59,4.9,0.567,0,4,40.0,0,1,0,0.30368,0.075,0.785,0.511,21.65,0,1
4037,48,54.7,121315.0,21797.05,6.4,0.723,0,4,69.0,0,1,1,0.27603,0.075,1.659,1.655,40.41,0,1
4038,39,10.7,82618.0,8620.66,8.6,0.458,0,2,17.0,0,0,1,0.36204,0.06,1.116,1.308,36.28,0,1
4039,53,80.8,155558.0,27581.27,12.1,0.609,1,5,45.0,1,0,0,0.29653,0.03,1.966,1.539,37.57,0,1
4040,33,31.6,41679.0,1781.43,7.1,0.422,1,2,31.0,0,1,1,0.33797,0.075,0.549,1.21,30.94,0,1
4041,41,55.5,134052.0,22039.75,11.3,0.741,1,4,25.0,0,1,0,0.33026,0.03,1.409,1.256,28.89,1,0
4042,39,11.6,56320.0,8330.19,2.6,0.483,1,3,-24.0,0,1,0,0.33337,0.105,0.326,0.413,14.77,0,1
4043,33,32.6,71653.0,2185.61,11.9,0.822,0,3,44.0,0,1,0,0.34608,0.048,1.968,2.408,52.9,1,0
4044,41,26.3,67697.0,1841.14,1.8,0.456,1,2,26.0,0,0,0,0.20403,0.075,1.188,0.935,26.53,0,1
4045,51,78.9,163797.0,210559.22,2.5,0.635,0,4,72.0,0,0,0,0.1504,0.075,2.052,1.644,37.85,1,0
4046,21,15.3,87377.0,8295.82,13.0,0.952,2,2,25.0,1,1,0,0.59223,0.078,1.281,1.157,25.08,0,1
4047,34,22.1,83283.0,2794.33,14.6,0.865,0,1,65.0,0,1,0,0.4211,0.048,2.233,1.785,43.8,1,0
4048,29,19.6,77778.0,2228.07,16.5,0.767,0,3,49.0,0,1,1,0.34264,0.048,1.881,2.025,49.21,0,1
4049,46,54.5,77202.0,10788.52,8.4,0.714,0,5,27.0,0,0,0,0.34687,0.03,1.755,1.704,40.99,1,0
4050,36,29.3,88828.0,8521.27,7.1,0.65,3,3,-28.0,0,0,0,0.43279,0.05,0.342,0.062,10.0,0,1
4051,30,7.8,67316.0,4815.43,6.0,0.586,1,2,-1.0,0,0,0,0.29574,0.105,1.942,1.264,38.35,0,1
4052,44,36.9,55190.0,21470.08,7.2,0.445,1,2,3.0,0,1,1,0.29158,0.075,1.59,1.548,39.69,0,1
4053,28,40.1,77666.0,2335.79,9.0,0.582,2,2,15.0,0,1,0,0.31139,0.03,1.904,1.739,39.36,0,1
4054,42,73.9,164383.0,13520.92,5.0,0.615,1,3,-18.0,0,1,0,0.25934,0.075,1.014,0.904,22.9,0,1
4055,33,30.0,80945.0,2775.7,7.4,0.386,1,1,20.0,0,1,0,0.28469,0.075,1.045,1.076,31.23,0,1
4056,46,20.5,67716.0,18367.78,4.6,0.26,0,2,-1.0,0,1,0,0.27794,0.075,0.648,0.269,12.76,0,1
4057,36,34.6,82894.0,8003.78,17.8,0.783,1,2,35.0,0,1,0,0.50936,0.048,1.706,1.792,42.59,1,0
4058,24,32.7,76185.0,3822.61,1.2,0.46,0,1,18.0,0,0,0,0.26584,0.075,0.159,0.047,8.88,1,0
4059,58,78.7,127038.0,14433.26,8.5,0.585,1,5,71.0,1,0,0,0.33744,0.03,1.487,0.943,26.38,0,1
4060,44,39.4,65942.0,756.25,6.0,0.339,1,2,-4.0,0,0,1,0.21499,0.075,0.335,0.655,20.99,1,0
4061,27,20.5,49891.0,3076.72,0.0,0.587,2,1,8.0,0,1,0,0.2427,0.075,0.814,0.447,16.3,0,1
4062,20,35.7,97168.0,7499.61,12.2,0.851,1,2,-38.0,0,1,1,0.52738,0.048,1.004,1.284,33.68,1,0
4063,28,25.3,49211.0,3781.05,12.6,0.894,0,2,52.0,0,0,0,0.35148,0.048,1.938,2.054,44.19,1,0
4064,46,17.2,89764.0,6247.36,9.6,0.425,2,2,-21.0,0,0,1,0.41423,0.06,1.057,1.12,33.17,1,0
4065,40,2.5,76364.0,2766.68,20.8,0.944,2,2,74.0,1,0,1,0.65593,0.078,1.293,1.766,42.78,1,0
4066,29,6.4,76569.0,1589.06,7.1,0.201,0,1,17.0,0,0,0,0.33492,0.105,1.059,0.919,24.18,0,1
4067,41,14.7,61558.0,11103.47,12.0,0.751,1,2,39.0,0,1,1,0.43512,0.078,2.525,2.591,56.34,1,0
4068,22,27.0,73771.0,4496.05,8.5,0.636,1,3,-13.0,0,0,0,0.33742,0.03,1.826,1.686,39.56,0,1
4069,32,4.8,59974.0,2507.07,7.8,0.278,0,1,17.0,0,1,1,0.24035,0.105,0.455,0.939,23.13,0,1
4070,26,17.8,85446.0,4387.14,13.8,0.867,0,2,57.0,0,1,0,0.33601,0.078,0.867,0.712,16.81,1,0
4071,57,60.9,104002.0,50643.87,7.0,0.477,0,4,12.0,0,1,1,0.30993,0.075,1.716,1.962,48.28,0,1
4072,47,45.2,85494.0,4598.6,8.0,0.596,2,3,-11.0,1,0,0,0.48438,0.03,0.988,1.37,31.36,0,1
4073,56,86.2,83836.0,60429.66,9.5,0.764,0,3,34.0,0,1,1,0.27453,0.048,1.107,1.161,36.7,0,1
4074,20,21.5,63460.0,3087.29,11.9,0.833,0,3,48.0,0,1,0,0.29715,0.048,1.2,1.102,30.13,1,0
4075,35,7.6,49839.0,4050.52,17.7,0.898,0,3,69.0,0,0,0,0.49314,0.078,2.042,2.07,47.92,1,0
4076,53,69.8,172582.0,93107.06,6.3,0.55,0,4,7.0,0,1,0,0.25964,0.075,1.629,1.822,44.2,0,1
4077,26,31.1,80214.0,4260.74,9.0,0.508,0,4,10.0,0,0,1,0.27597,0.03,0.962,1.468,34.91,1,0
4078,24,28.1,81434.0,12781.89,8.4,0.499,2,3,-1.0,0,0,1,0.38473,0.03,0.366,0.253,8.01,0,1
4079,36,5.7,113125.0,8645.81,17.6,0.986,2,2,35.0,0,1,1,0.59446,0.078,1.113,1.282,29.07,0,1
4080,48,56.4,126716.0,39140.96,7.9,0.485,2,5,49.0,0,1,1,0.28798,0.075,1.018,1.004,22.82,0,1
4081,40,59.9,162689.0,29646.4,11.9,0.603,0,3,27.0,0,1,0,0.26362,0.03,1.099,1.091,36.12,1,0
4082,28,25.6,77367.0,17917.63,18.7,0.945,0,2,10.0,0,1,1,0.50291,0.048,1.455,1.756,39.87,1,0
4083,38,28.1,57642.0,2973.12,2.4,0.53,2,2,-55.0,0,0,0,0.37868,0.075,0.994,1.021,27.31,0,1
4084,48,83.9,196378.0,36539.22,11.7,0.688,0,3,11.0,0,1,0,0.22434,0.03,0.578,0.603,22.85,1,0
4085,27,39.1,126314.0,6428.23,9.9,0.582,2,2,-18.0,0,1,0,0.41441,0.03,0.769,0.573,20.72,0,1
4086,48,27.1,52512.0,3309.56,5.0,0.367,0,2,13.0,0,1,0,0.2221,0.075,2.417,2.32,52.94,1,0
4087,45,27.3,90177.0,14971.05,11.3,0.692,4,3,3.0,0,1,1,0.55335,0.005,0.643,1.219,31.89,1,0
4088,36,18.6,78479.0,6689.19,6.2,0.495,2,3,-13.0,0,1,0,0.29835,0.075,0.956,0.499,16.31,1,0
4089,27,9.2,83107.0,1142.86,12.3,0.806,0,2,17.0,0,1,0,0.34226,0.078,2.191,2.165,50.61,1,0
4090,32,7.6,81245.0,6283.32,16.1,0.99,1,2,37.0,0,1,0,0.37899,0.078,1.949,1.871,41.59,1,0
4091,21,1.0,69464.0,2232.58,14.4,0.94,0,3,40.0,0,1,1,0.46543,0.078,2.452,2.405,53.48,1,0
4092,37,9.9,22412.0,4859.0,10.1,0.474,1,3,43.0,0,1,0,0.28094,0.06,1.084,0.718,20.79,0,1
4093,26,41.2,89294.0,2997.42,2.4,0.496,0,2,21.0,1,1,0,0.21525,0.075,0.826,0.668,19.8,0,1
4094,29,20.4,63001.0,8307.0,16.1,0.89,0,3,13.0,0,1,1,0.45107,0.048,1.36,1.526,37.26,0,1
4095,21,11.5,71201.0,2429.42,16.5,0.742,0,2,38.0,0,1,1,0.42063,0.06,1.898,2.117,45.61,1,0
4096,41,66.8,130031.0,22597.56,11.3,0.668,0,4,47.0,0,1,1,0.31953,0.03,2.408,2.261,51.23,0,1
4097,50,7.6,58267.0,6413.58,6.3,0.588,4,2,-8.0,0,0,0,0.52456,0.08,1.784,1.484,30.58,0,1
4098,38,34.4,76825.0,3052.49,4.6,0.496,4,2,-39.0,0,1,0,0.50521,0.05,0.569,0.097,12.96,1,0
4099,39,46.3,71144.0,16475.34,12.8,0.47,2,2,8.0,0,0,0,0.49458,0.03,1.628,1.668,42.66,1,0
4100,21,20.5,48622.0,1042.99,4.7,0.425,0,2,17.0,0,1,0,0.30979,0.075,1.437,1.48,36.37,0,1
4101,25,1.0,79126.0,9182.79,18.2,0.751,0,3,41.0,0,1,1,0.48007,0.078,1.596,1.673,35.45,1,0
4102,41,26.0,71360.0,10541.3,11.3,0.574,3,2,-23.0,0,1,1,0.50656,0.005,1.069,1.538,35.59,0,1
4103,39,46.4,92498.0,7029.94,11.8,0.561,2,2,11.0,0,0,1,0.43796,0.03,1.287,0.942,24.67,0,1
4104,34,65.1,96096.0,40047.31,7.0,0.627,0,4,-0.0,0,1,1,0.1968,0.075,0.483,1.108,27.16,1,0
4105,36,5.0,47469.0,3688.2,2.7,0.474,0,2,-20.0,0,1,0,0.28311,0.105,0.722,0.204,16.53,0,1
4106,32,44.4,92440.0,3468.77,10.6,0.968,0,3,30.0,1,1,0,0.317,0.048,1.42,1.15,33.32,0,1
4107,47,16.0,60578.0,9710.8,6.3,0.512,2,2,-2.0,1,0,1,0.39348,0.105,0.824,1.164,36.15,0,1
4108,30,19.1,46230.0,4825.34,4.7,0.526,0,1,-16.0,0,0,1,0.23611,0.075,0.42,0.951,28.62,0,1
4109,19,9.6,50308.0,1623.47,2.6,0.406,2,3,-0.0,0,0,0,0.3482,0.105,0.676,0.424,9.65,0,1
4110,42,49.6,134288.0,40075.4,4.9,0.833,1,4,28.0,0,1,0,0.33724,0.093,0.595,0.687,22.42,0,1
4111,41,56.6,134426.0,5804.45,8.1,0.576,1,4,41.0,1,0,1,0.40375,0.03,0.528,1.169,30.21,0,1
4112,40,29.6,55748.0,855.88,8.1,0.253,1,1,5.0,0,1,0,0.26569,0.03,0.428,0.023,7.35,1,0
4113,18,37.5,44693.0,4329.94,4.3,0.522,3,2,5.0,0,1,0,0.33138,0.05,1.329,1.025,28.77,0,1
4114,46,57.4,170035.0,24389.36,4.9,0.687,0,3,21.0,0,1,0,0.30389,0.075,1.218,0.998,26.27,1,0
4115,45,9.9,84404.0,1722.67,7.9,0.562,1,1,31.0,0,0,0,0.32307,0.105,1.898,1.102,32.6,0,1
4116,29,21.7,45373.0,4347.54,13.9,0.934,0,3,57.0,0,1,0,0.35907,0.048,1.358,1.392,41.02,1,0
4117,44,37.1,47333.0,6184.67,13.0,0.847,2,4,4.0,0,1,1,0.51713,0.048,1.975,2.131,47.42,0,1
4118,24,24.9,77348.0,1577.78,3.8,0.409,2,1,-5.0,0,1,0,0.35533,0.075,0.445,0.291,17.74,1,0
4119,38,65.3,210840.0,11027.08,8.3,0.755,2,5,24.0,0,1,0,0.40684,0.048,1.202,1.248,29.47,0,1
4120,59,60.6,77663.0,8903.4,12.2,0.582,2,4,43.0,0,1,0,0.39417,0.03,1.782,1.758,40.86,1,0
4121,36,23.2,73531.0,4849.27,0.9,0.484,0,2,-1.0,1,0,0,0.26826,0.075,0.332,0.487,19.49,1,0
4122,36,19.8,91814.0,2279.57,1.7,0.505,0,1,-8.0,0,1,0,0.32284,0.075,1.346,0.994,27.52,0,1
4123,27,34.8,46744.0,5634.0,3.6,0.522,1,2,15.0,0,0,0,0.32313,0.075,1.517,0.987,26.78,0,1
4124,50,88.7,211403.0,24155.53,7.6,0.725,0,5,9.0,0,1,0,0.26342,0.075,2.276,2.199,55.35,1,0
4125,27,24.2,56232.0,3778.56,11.6,0.074,1,3,6.0,0,1,1,0.37423,0.03,1.909,2.516,61.24,1,0
4126,37,15.9,82739.0,4147.74,13.6,0.892,0,3,61.0,0,1,0,0.3897,0.078,1.668,1.242,33.88,1,0
4127,68,65.1,113643.0,32937.98,4.5,0.577,1,4,37.0,0,0,1,0.21596,0.075,1.445,2.079,47.7,0,1
4128,52,54.1,180825.0,33994.88,5.5,0.598,0,5,14.0,0,0,0,0.26438,0.075,0.788,0.811,25.49,0,1
4129,31,31.2,73909.0,2245.44,5.1,0.399,2,1,19.0,0,1,1,0.41525,0.075,0.988,1.259,32.69,1,0
4130,18,27.3,93992.0,1348.99,5.8,0.538,0,1,-1.0,0,1,0,0.34258,0.075,0.931,0.435,19.88,1,0
4131,23,17.0,87052.0,4936.21,2.6,0.452,1,2,26.0,0,1,1,0.29269,0.105,0.989,0.848,24.37,1,0
4132,49,41.8,71822.0,22539.0,9.1,0.534,2,2,2.0,0,1,0,0.33659,0.03,0.145,0.107,10.8,1,0
4133,42,62.2,319423.0,94087.57,13.3,0.478,0,5,27.0,0,1,0,0.25474,0.03,2.239,1.762,38.8,1,0
4134,46,50.4,198734.0,22334.01,8.1,0.809,1,5,20.0,0,0,0,0.33369,0.048,1.018,1.197,27.22,0,1
4135,54,66.2,159683.0,19869.28,8.9,0.569,0,3,18.0,0,0,1,0.24925,0.03,1.368,1.402,35.19,1,0
4136,39,18.8,58061.0,3138.65,21.1,0.886,0,4,93.0,0,1,1,0.45098,0.048,3.776,3.468,68.23,1,0
4137,48,73.5,91299.0,28543.85,6.1,0.875,0,4,-10.0,0,1,0,0.30221,0.093,1.429,1.144,35.18,1,0
4138,32,32.0,39940.0,2899.43,2.4,0.362,0,1,-23.0,0,1,0,0.19584,0.075,0.358,0.363,16.05,1,0
4139,39,29.7,55957.0,4181.99,7.7,0.56,3,2,13.0,0,1,1,0.36852,0.05,1.073,1.208,32.04,0,1
4140,31,16.3,85576.0,1146.58,3.1,0.456,2,1,27.0,0,1,1,0.2964,0.105,1.666,2.136,45.23,1,0
4141,45,62.0,157396.0,33055.84,3.1,0.463,0,5,41.0,0,1,0,0.21687,0.075,0.935,0.763,21.76,1,0
4142,41,35.4,61011.0,806.28,9.4,0.401,6,2,-46.0,1,1,1,0.6504,0.005,1.416,1.514,38.38,0,1
4143,30,21.8,73262.0,4215.0,16.6,0.847,1,2,54.0,0,1,1,0.40273,0.048,1.578,1.795,46.22,1,0
4144,64,65.6,128723.0,17316.33,7.5,0.591,0,4,15.0,0,1,1,0.21718,0.075,1.571,2.096,47.73,0,1
4145,52,60.9,171274.0,53135.03,8.7,0.655,0,4,32.0,0,1,0,0.2387,0.03,1.385,1.539,35.11,1,0
4146,37,28.0,59947.0,8891.0,16.7,0.792,0,3,52.0,1,0,1,0.5044,0.048,1.783,2.37,51.64,0,1
4147,22,7.9,83525.0,9028.51,12.4,0.948,0,1,54.0,0,1,0,0.37452,0.078,1.869,1.163,35.38,1,0
4148,42,60.8,78077.0,6386.91,9.8,0.353,0,2,-20.0,0,1,1,0.29612,0.03,1.167,1.02,29.58,0,1
4149,44,71.2,109734.0,15300.6,9.5,0.632,0,4,58.0,0,1,1,0.27375,0.03,0.687,1.301,31.66,1,0
4150,52,48.5,211879.0,18845.06,3.7,0.68,1,4,49.0,0,1,0,0.31983,0.075,0.262,0.633,19.17,0,1
4151,34,18.2,70171.0,5425.03,20.0,0.936,0,3,26.0,1,1,0,0.49059,0.048,1.289,1.379,43.1,0,1
4152,38,40.3,55071.0,2744.58,5.7,0.572,0,2,-17.0,0,1,0,0.35242,0.075,0.194,0.167,9.99,1,0
4153,66,57.8,173735.0,79165.7,4.9,0.567,1,5,20.0,0,0,0,0.29985,0.075,0.795,0.716,25.97,0,1
4154,59,44.1,140046.0,25811.66,8.5,0.619,0,4,33.0,0,0,1,0.36933,0.03,1.299,1.208,32.44,1,0
4155,46,18.5,80394.0,11073.5,10.4,0.726,2,3,4.0,0,1,0,0.5284,0.03,0.676,0.594,19.62,1,0
4156,34,22.5,55195.0,1413.62,18.1,0.834,0,3,9.0,0,1,1,0.47972,0.048,2.946,2.937,67.72,1,0
4157,47,1.0,73471.0,1643.33,6.0,0.538,3,2,-28.0,0,1,1,0.41834,0.08,1.073,1.23,30.11,0,1
4158,19,1.0,136632.0,1303.93,14.6,0.99,0,2,28.0,0,1,0,0.49915,0.078,2.429,2.061,49.04,1,0
4159,59,68.4,98130.0,62147.41,8.3,0.449,0,5,60.0,0,0,0,0.18651,0.03,0.929,0.471,18.78,1,0
4160,22,13.3,83627.0,4054.97,15.1,0.886,0,2,49.0,0,0,1,0.43253,0.078,1.867,2.629,56.16,0,1
4161,34,22.7,58244.0,11597.5,9.5,0.482,4,2,22.0,1,1,0,0.47762,0.005,1.692,1.299,30.89,0,1
4162,33,10.1,157107.0,4689.36,16.2,0.735,0,1,41.0,0,1,0,0.41077,0.06,1.94,2.123,49.28,0,1
4163,44,4.4,82454.0,4067.88,3.1,0.517,0,2,-6.0,0,1,0,0.20163,0.105,0.739,0.653,22.83,0,1
4164,41,67.8,148922.0,25697.63,7.1,0.692,1,5,2.0,0,1,1,0.31042,0.075,1.266,1.822,45.75,1,0
4165,34,21.3,51684.0,7008.59,4.0,0.619,0,2,-24.0,0,1,0,0.3128,0.075,0.998,0.692,29.37,0,1
4166,30,9.6,58236.0,4239.53,18.2,0.781,0,1,32.0,0,1,1,0.43433,0.078,1.87,2.085,47.42,1,0
4167,28,20.2,92965.0,5857.59,16.8,0.923,1,2,-2.0,0,1,0,0.51819,0.048,2.508,2.493,55.1,0,1
4168,55,58.9,95524.0,42377.3,1.8,0.496,1,5,18.0,0,0,0,0.1965,0.075,0.342,0.367,12.3,0,1
4169,62,22.5,50263.0,49743.29,11.1,0.598,1,1,-24.0,0,1,0,0.46377,0.03,2.033,1.469,35.15,0,1
4170,52,38.1,138329.0,95466.68,7.9,0.567,0,4,34.0,0,0,0,0.28289,0.075,1.178,1.385,35.67,1,0
4171,30,26.4,61164.0,944.05,2.0,0.546,0,1,9.0,1,1,0,0.40508,0.075,0.662,0.374,18.63,0,1
4172,29,31.9,79780.0,7289.41,6.2,0.55,3,3,-2.0,0,1,1,0.41843,0.05,0.624,0.941,23.35,0,1
4173,33,15.8,52398.0,2304.31,2.6,0.455,0,1,-21.0,0,1,1,0.2937,0.105,1.339,1.35,33.31,0,1
4174,22,3.6,97434.0,10341.47,13.5,0.926,0,2,22.0,0,1,0,0.41674,0.078,1.352,0.971,28.27,1,0
4175,38,22.2,46752.0,2443.36,2.3,0.422,0,1,28.0,0,0,0,0.28151,0.075,0.094,0.065,21.1,0,1
4176,41,36.8,85273.0,10818.19,13.6,0.602,2,3,-13.0,0,1,0,0.44187,0.03,1.502,1.263,33.99,0,1
4177,35,32.2,76285.0,1751.29,10.0,0.623,4,3,8.0,0,0,0,0.58484,0.005,0.915,0.553,16.97,0,1
4178,49,41.7,69388.0,1121.62,10.0,0.331,1,2,7.0,0,1,0,0.41167,0.03,1.416,1.066,30.89,0,1
4179,33,39.5,99068.0,31169.25,9.6,0.634,4,3,-4.0,1,0,1,0.51538,0.005,2.102,1.957,45.66,0,1
4180,34,20.7,52175.0,3099.59,6.1,0.525,0,3,20.0,0,0,0,0.2739,0.075,1.046,0.756,19.75,1,0
4181,39,30.9,49355.0,1567.71,2.1,0.474,0,1,-1.0,0,1,0,0.21743,0.075,1.018,0.682,20.52,0,1
4182,35,16.6,48176.0,5269.54,15.5,0.861,0,3,31.0,0,1,0,0.36327,0.078,2.546,2.629,61.42,1,0
4183,47,31.5,41743.0,4034.79,8.8,0.609,3,4,-21.0,0,1,0,0.47598,0.005,1.372,0.85,28.95,0,1
4184,52,77.6,131597.0,26616.81,9.7,0.6,1,3,33.0,0,0,0,0.29744,0.03,1.806,1.853,40.7,0,1
4185,42,11.2,57312.0,1166.97,4.4,0.417,0,1,21.0,0,0,0,0.29481,0.105,0.505,0.51,21.78,1,0
4186,30,22.3,44005.0,1796.69,5.4,0.299,2,1,2.0,0,0,0,0.32825,0.075,0.652,0.687,22.2,0,1
4187,35,30.3,60072.0,3433.08,16.9,0.99,0,2,66.0,0,1,0,0.46969,0.048,1.663,1.6,40.86,0,1
4188,35,19.7,114671.0,9323.44,15.2,0.99,1,3,77.0,0,1,0,0.44169,0.048,2.472,1.987,42.44,1,0
4189,40,11.6,96275.0,6084.27,14.9,0.823,1,3,27.0,0,1,1,0.45933,0.078,1.985,2.333,54.83,1,0
4190,37,41.5,98162.0,48461.83,6.2,0.726,0,4,57.0,0,1,0,0.26762,0.075,1.842,1.499,34.29,0,1
4191,23,1.0,67444.0,4425.24,18.9,0.99,0,3,44.0,0,1,1,0.54423,0.078,2.557,2.649,57.6,1,0
4192,41,46.9,65835.0,5121.59,3.7,0.325,0,1,17.0,0,0,0,0.20557,0.075,0.407,0.404,15.42,0,1
4193,19,34.7,60796.0,4534.22,9.9,0.353,1,3,-11.0,0,0,1,0.39522,0.03,1.702,1.61,35.94,0,1
4194,38,15.0,47427.0,1863.31,4.1,0.597,2,2,33.0,0,1,1,0.30335,0.105,2.035,2.234,47.21,1,0
4195,36,20.2,69367.0,5865.05,18.9,0.899,0,4,51.0,0,1,0,0.44221,0.048,2.472,2.054,45.05,1,0
4196,45,50.6,185255.0,26690.03,2.6,0.583,0,4,27.0,1,1,0,0.19471,0.075,0.251,0.329,18.62,0,1
4197,26,12.0,104555.0,4459.68,16.8,0.905,0,2,36.0,0,1,1,0.43876,0.078,1.707,1.564,34.57,1,0
4198,27,10.7,48374.0,2696.42,1.1,0.389,1,3,-13.0,0,1,1,0.23791,0.105,0.86,1.309,31.57,0,1
4199,25,1.0,86063.0,10163.68,17.1,0.99,1,1,33.0,0,1,0,0.55987,0.078,1.928,1.198,31.89,0,1
4200,26,1.0,75869.0,10513.78,15.6,0.842,1,2,67.0,0,1,0,0.48771,0.078,1.609,1.675,39.15,1,0
4201,24,1.0,57888.0,2995.38,12.0,0.936,0,2,65.0,0,0,0,0.45712,0.078,1.416,1.341,32.11,0,1
4202,30,34.3,54452.0,955.71,5.4,0.572,0,1,-2.0,0,0,0,0.36652,0.075,1.224,0.819,24.39,0,1
4203,27,4.2,54022.0,2833.76,16.6,0.99,0,3,23.0,0,0,0,0.47923,0.078,2.75,2.794,61.45,0,1
4204,36,37.4,98563.0,4465.66,8.4,0.711,7,3,10.0,0,1,0,0.5543,0.005,0.35,0.15,9.15,0,1
4205,48,33.5,89721.0,5151.3,4.2,0.383,5,1,18.0,0,0,1,0.43902,0.05,0.868,1.205,38.47,0,1
4206,32,22.2,52809.0,5457.2,4.9,0.413,1,2,-28.0,0,0,0,0.30921,0.075,0.982,0.738,22.92,0,1
4207,31,12.4,63783.0,2302.23,19.2,0.661,0,1,99.0,0,1,0,0.36629,0.06,2.322,2.076,48.33,0,1
4208,25,17.6,101036.0,2755.64,15.2,0.892,0,1,44.0,0,1,0,0.42106,0.078,1.784,1.368,31.18,1,0
4209,45,57.0,191639.0,12235.95,10.7,0.644,0,4,66.0,0,1,1,0.25219,0.03,2.05,2.124,45.92,1,0
4210,18,30.4,56252.0,4910.73,15.9,0.982,0,2,47.0,0,1,1,0.53772,0.048,2.569,2.42,54.85,1,0
4211,27,53.5,69179.0,7769.81,12.5,0.788,3,4,-28.0,0,1,0,0.49613,0.023,1.443,1.077,25.8,1,0
4212,41,79.4,135821.0,53445.64,7.4,0.718,0,6,38.0,0,0,1,0.24968,0.075,0.255,0.825,28.86,1,0
4213,50,36.2,112072.0,44206.47,6.2,0.758,0,4,6.0,1,1,0,0.40028,0.093,0.794,1.372,26.77,0,1
4214,37,10.8,84348.0,6690.64,13.0,0.898,0,1,42.0,0,1,1,0.52539,0.078,2.497,2.51,55.13,1,0
4215,25,31.0,59602.0,2936.27,8.9,0.731,1,1,-29.0,0,1,1,0.39553,0.03,0.579,0.806,26.38,0,1
4216,25,21.6,65684.0,2995.06,13.9,0.901,0,2,40.0,0,1,0,0.31168,0.048,1.514,1.211,31.14,1,0
4217,28,10.3,70057.0,14823.66,12.8,0.715,0,3,-3.0,0,0,1,0.41262,0.06,1.058,1.193,33.05,0,1
4218,27,1.0,50840.0,3170.86,13.6,0.988,1,2,50.0,0,1,0,0.37936,0.078,2.096,1.657,40.01,0,1
4219,43,37.7,33862.0,1041.53,2.6,0.473,2,1,-18.0,0,1,1,0.29635,0.075,0.239,0.379,21.58,0,1
4220,35,24.3,92259.0,13526.28,10.6,0.421,2,4,-20.0,0,1,0,0.50553,0.03,2.132,2.051,51.34,1,0
4221,29,1.0,62231.0,3092.11,19.2,0.99,0,3,6.0,0,1,1,0.49547,0.078,3.025,3.517,73.82,1,0
4222,39,2.8,135253.0,8978.13,18.0,0.942,2,4,56.0,0,0,1,0.49406,0.078,1.957,2.81,63.4,1,0
4223,52,66.7,235015.0,31619.26,10.9,0.717,1,3,38.0,0,0,0,0.37593,0.03,1.041,1.059,28.08,0,1
4224,24,6.1,66286.0,3757.99,15.8,0.934,0,3,22.0,0,1,0,0.45667,0.078,2.4,1.943,51.98,0,1
4225,30,18.9,142919.0,10915.15,15.8,0.953,0,2,71.0,0,1,0,0.47899,0.048,1.78,1.349,32.84,0,1
4226,29,10.3,75996.0,1286.45,9.9,0.573,1,1,19.0,0,1,0,0.3677,0.06,1.093,0.975,23.64,1,0
4227,41,10.1,60487.0,20321.62,13.6,0.538,3,3,-10.0,0,1,1,0.5618,0.035,1.759,1.629,40.39,0,1
4228,33,33.1,37850.0,2969.8,17.9,0.951,0,2,35.0,0,0,0,0.37034,0.048,2.454,2.368,56.45,1,0
4229,28,35.8,86701.0,8890.49,12.0,0.504,1,2,-20.0,0,1,1,0.35152,0.03,2.072,1.519,36.85,1,0
4230,30,12.0,76645.0,5031.71,18.3,0.963,0,3,29.0,0,1,1,0.48036,0.078,2.19,2.405,55.58,1,0
4231,34,15.7,66288.0,2272.74,1.2,0.458,0,1,32.0,0,0,0,0.21354,0.105,0.958,0.576,18.69,0,1
4232,33,33.6,71446.0,2742.05,15.9,0.831,0,3,49.0,0,1,0,0.53421,0.048,2.006,1.622,46.52,1,0
4233,41,29.1,43324.0,2358.98,8.5,0.44,0,2,-10.0,0,1,1,0.36429,0.03,1.376,1.754,42.19,0,1
4234,38,35.8,52575.0,1551.38,6.4,0.367,1,1,35.0,0,1,0,0.32279,0.075,1.158,1.395,34.45,0,1
4235,27,9.0,91976.0,16108.58,15.8,0.858,0,3,42.0,0,1,0,0.42753,0.078,2.884,2.769,64.99,0,1
4236,36,16.6,69065.0,3291.5,20.1,0.939,0,2,27.0,0,1,1,0.42939,0.078,2.654,2.63,59.29,0,1
4237,43,66.8,125204.0,67968.99,9.0,0.67,0,4,72.0,0,1,0,0.32535,0.03,1.246,1.353,33.41,1,0
4238,26,15.4,39146.0,5849.02,6.5,0.219,1,1,-11.0,0,1,1,0.2436,0.105,0.229,0.538,19.21,1,0
4239,18,29.9,73795.0,10128.43,10.0,0.631,0,4,-24.0,0,1,0,0.33837,0.03,1.463,1.016,25.37,1,0
4240,38,24.0,53327.0,7324.69,10.5,0.557,2,1,-8.0,0,1,0,0.46312,0.03,0.197,0.103,6.38,0,1
4241,29,26.8,75606.0,3402.7,6.2,0.384,0,1,16.0,1,1,1,0.44685,0.075,0.659,1.019,27.83,0,1
4242,38,6.1,48392.0,4351.51,8.0,0.306,2,1,-4.0,0,1,1,0.47848,0.06,0.757,0.797,16.55,1,0
4243,35,68.9,127410.0,34159.49,11.9,0.635,0,4,-8.0,0,0,0,0.36212,0.03,1.07,0.298,9.12,1,0
4244,44,65.7,247529.0,11557.67,6.8,0.582,0,4,35.0,0,1,0,0.34285,0.075,1.184,1.055,31.92,0,1
4245,41,28.6,66280.0,2453.56,10.0,0.73,2,2,-28.0,0,1,0,0.43531,0.03,0.628,0.449,13.75,0,1
4246,22,21.4,67476.0,12000.16,19.4,0.708,1,2,37.0,0,0,1,0.51333,0.03,0.99,1.613,37.94,0,1
4247,38,17.6,69107.0,541.21,4.1,0.324,0,2,-5.0,0,0,0,0.33035,0.105,1.023,0.553,19.69,0,1
4248,25,8.0,46933.0,5110.37,12.5,0.787,0,2,23.0,0,1,0,0.33235,0.078,1.792,1.192,29.1,1,0
4249,29,22.5,106533.0,3862.6,13.5,0.928,0,1,39.0,0,1,1,0.42482,0.048,2.166,2.323,54.01,1,0
4250,39,29.0,77162.0,3330.54,2.2,0.559,1,1,-2.0,0,1,1,0.31078,0.075,0.624,1.142,31.63,0,1
4251,56,55.9,158992.0,15252.72,6.8,0.695,0,4,18.0,1,0,1,0.34547,0.075,1.398,1.749,42.18,1,0
4252,30,8.9,30536.0,5652.05,14.0,0.78,0,3,62.0,0,0,0,0.33433,0.078,1.84,2.082,51.19,1,0
4253,23,13.8,70859.0,5144.81,18.8,0.853,0,3,25.0,0,1,0,0.50605,0.078,2.599,2.459,53.71,1,0
4254,35,24.4,51060.0,48139.31,8.3,0.501,1,2,-13.0,0,0,0,0.37845,0.03,1.897,1.484,34.64,0,1
4255,39,40.3,79922.0,3264.48,7.9,0.486,3,2,9.0,0,1,1,0.36655,0.05,1.253,1.504,41.63,0,1
4256,22,19.8,100980.0,10809.55,12.9,0.851,0,2,12.0,0,1,1,0.45492,0.048,1.919,2.155,56.74,1,0
4257,28,16.2,84394.0,1698.82,15.0,0.745,0,1,23.0,0,1,0,0.49194,0.06,1.974,1.284,31.54,0,1
4258,46,50.8,99725.0,62103.22,8.3,0.704,0,5,33.0,0,1,1,0.25906,0.03,0.557,0.546,21.72,1,0
4259,34,30.9,88323.0,3475.33,6.7,0.569,2,2,9.0,0,0,0,0.39125,0.075,1.036,0.531,17.07,0,1
4260,22,8.7,70805.0,5362.38,19.1,0.88,1,2,29.0,0,0,0,0.60687,0.078,3.053,2.433,46.85,0,1
4261,22,14.2,96061.0,3607.2,3.0,0.443,1,2,10.0,0,1,1,0.35865,0.105,1.316,1.475,38.74,0,1
4262,39,31.3,63383.0,9095.07,7.2,0.264,2,2,15.0,0,1,0,0.31866,0.075,0.877,0.491,14.0,0,1
4263,36,20.6,87145.0,5311.61,11.5,0.673,0,2,55.0,0,0,0,0.39072,0.03,2.108,1.678,45.03,1,0
4264,22,1.0,52105.0,1802.06,6.9,0.227,0,1,23.0,0,1,0,0.26653,0.105,0.762,0.412,17.04,0,1
4265,41,29.1,105272.0,5360.63,5.4,0.585,4,2,15.0,0,0,0,0.47033,0.05,1.054,1.143,30.64,0,1
4266,57,63.5,162639.0,54427.46,9.2,0.606,0,4,36.0,0,1,1,0.24147,0.03,0.926,1.293,33.09,1,0
4267,53,57.9,203738.0,42801.88,11.0,0.7,0,3,8.0,0,1,0,0.25994,0.03,1.564,1.406,39.95,0,1
4268,32,23.9,61897.0,1109.38,6.9,0.408,0,1,4.0,0,1,0,0.31332,0.075,0.719,0.644,24.8,1,0
4269,28,1.0,58255.0,4191.8,0.1,0.539,0,2,-14.0,0,0,0,0.31113,0.105,0.462,0.51,16.77,0,1
4270,36,1.0,69285.0,1484.52,3.3,0.526,1,2,26.0,0,0,0,0.34062,0.105,0.034,0.117,4.25,0,1
4271,37,10.3,87097.0,3988.76,6.4,0.395,1,1,36.0,0,0,0,0.26929,0.105,0.718,0.39,17.27,0,1
4272,50,65.4,181594.0,18956.1,9.9,0.53,0,4,34.0,0,1,0,0.17687,0.03,1.293,0.849,24.81,1,0
4273,34,1.0,61244.0,2498.4,5.2,0.219,0,1,32.0,0,1,1,0.29156,0.105,0.688,1.123,26.43,0,1
4274,27,11.9,35733.0,2105.36,0.0,0.588,1,1,31.0,1,0,0,0.38319,0.105,0.0,0.0,6.0,0,1
4275,32,1.0,94589.0,12077.82,19.2,0.796,0,1,50.0,0,1,0,0.37165,0.078,1.35,1.522,40.88,1,0
4276,32,13.1,51536.0,5843.2,19.7,0.735,2,3,54.0,0,1,0,0.5149,0.06,2.975,2.145,52.62,1,0
4277,50,85.5,139310.0,72635.9,8.4,0.654,1,3,52.0,0,1,1,0.23038,0.03,1.018,0.876,27.11,1,0
4278,36,19.4,57184.0,19697.67,5.1,0.266,1,2,-17.0,0,0,0,0.31776,0.075,1.009,0.582,20.0,1,0
4279,41,14.7,51828.0,4639.01,17.4,0.914,0,2,49.0,0,1,0,0.52478,0.078,3.128,2.387,56.62,1,0
4280,34,41.1,79618.0,21236.79,12.9,0.553,4,3,3.0,0,1,1,0.49712,0.005,1.445,1.894,40.2,0,1
4281,38,16.3,135965.0,2856.03,16.7,0.99,0,3,17.0,0,1,0,0.45186,0.078,2.351,2.108,50.56,1,0
4282,44,59.4,126830.0,72342.13,7.5,0.732,0,4,70.0,0,1,0,0.26768,0.075,1.602,1.706,43.44,1,0
4283,46,42.1,88540.0,4733.01,10.0,0.711,4,3,13.0,0,1,0,0.37264,0.005,1.743,1.224,30.34,0,1
4284,38,21.7,143562.0,4446.46,16.0,0.923,0,3,65.0,0,1,1,0.45851,0.048,2.144,2.028,48.59,1,0
4285,33,25.5,74473.0,4252.82,4.5,0.336,0,3,18.0,0,1,1,0.29154,0.075,0.724,0.812,22.83,1,0
4286,41,14.3,63856.0,7066.23,11.2,0.786,0,2,26.0,0,1,0,0.37858,0.078,1.139,1.039,29.23,1,0
4287,38,17.8,62899.0,1311.87,5.9,0.372,2,1,-14.0,0,1,0,0.34164,0.105,1.25,0.749,21.36,0,1
4288,23,27.0,86535.0,2561.3,19.2,0.99,0,2,42.0,0,1,0,0.46015,0.048,2.018,1.456,36.65,1,0
4289,32,18.0,86892.0,4464.04,7.3,0.403,1,2,23.0,0,1,1,0.30517,0.075,1.221,1.158,29.73,0,1
4290,46,45.8,99929.0,6299.22,11.6,0.608,3,1,2.0,1,1,0,0.5085,0.005,1.263,1.003,25.67,0,1
4291,35,3.4,35976.0,1814.48,15.9,0.99,1,2,76.0,0,1,0,0.39005,0.078,2.104,2.112,50.51,1,0
4292,22,33.2,60314.0,4297.11,16.4,0.928,0,1,38.0,0,0,1,0.45024,0.048,2.306,2.748,59.92,1,0
4293,28,21.7,74577.0,4165.12,19.2,0.818,0,3,37.0,0,1,1,0.44168,0.048,2.375,2.273,55.03,1,0
4294,39,19.4,54737.0,8974.94,11.3,0.67,4,3,-8.0,0,0,1,0.54466,0.005,0.118,0.485,17.85,0,1
4295,31,28.1,22000.0,4231.76,8.5,0.383,0,1,-12.0,0,0,1,0.28322,0.03,1.094,1.547,42.5,1,0
4296,66,54.2,113447.0,43311.11,6.2,0.672,0,4,63.0,0,1,0,0.2577,0.075,1.408,1.065,24.97,0,1
4297,51,62.4,137866.0,19422.33,6.2,0.696,0,4,29.0,0,1,1,0.31922,0.075,1.551,1.477,36.03,0,1
4298,38,25.2,62480.0,6125.15,8.1,0.536,6,3,-3.0,1,1,1,0.61687,0.005,0.746,0.735,15.1,0,1
4299,46,29.4,55009.0,14621.66,6.5,0.611,4,3,7.0,0,1,0,0.36303,0.05,0.998,0.317,11.23,0,1
4300,35,42.3,72811.0,5620.22,5.4,0.766,3,3,-22.0,0,1,1,0.42818,0.068,1.387,1.827,45.24,0,1
4301,56,68.2,151394.0,24752.49,9.3,0.571,0,3,39.0,0,1,0,0.27187,0.03,1.455,1.389,34.91,1,0
4302,26,17.5,63443.0,3009.18,10.1,0.735,1,2,-8.0,0,1,0,0.41818,0.06,2.266,1.263,34.09,1,0
4303,32,9.2,85448.0,2944.59,5.2,0.365,0,3,29.0,1,1,0,0.27402,0.105,0.859,0.947,24.32,0,1
4304,56,65.2,140167.0,40051.32,9.0,0.838,0,4,34.0,0,1,0,0.29546,0.048,0.965,1.544,38.1,0,1
4305,40,20.1,60065.0,1246.09,12.0,0.806,0,2,-10.0,0,0,1,0.45937,0.048,1.343,1.274,34.68,1,0
4306,24,7.9,56098.0,2244.35,14.7,0.857,0,1,26.0,0,1,1,0.42225,0.078,1.892,2.095,46.88,1,0
4307,32,50.1,67977.0,3175.03,8.2,0.756,4,4,-36.0,0,1,0,0.57873,0.023,1.762,1.148,27.02,0,1
4308,53,71.8,186397.0,53418.91,8.1,0.811,2,4,71.0,0,0,0,0.28799,0.048,1.864,0.931,25.16,1,0
4309,31,14.5,47235.0,865.53,0.6,0.52,0,1,37.0,0,0,0,0.19043,0.105,0.957,0.52,15.77,0,1
4310,36,22.3,84568.0,7601.13,6.5,0.471,1,3,-49.0,1,0,0,0.41028,0.075,2.102,1.342,33.1,1,0
4311,44,28.3,73862.0,12756.64,7.8,0.599,1,2,-27.0,0,0,0,0.27952,0.075,0.616,0.087,5.59,0,1
4312,31,18.0,101060.0,3389.55,7.4,0.43,1,2,-16.0,0,1,1,0.35286,0.075,0.911,0.71,19.07,0,1
4313,18,31.1,84445.0,3380.77,16.7,0.806,0,3,48.0,0,1,0,0.39078,0.048,2.418,1.719,40.42,0,1
4314,26,33.8,48863.0,3757.74,7.3,0.507,3,3,-8.0,0,0,0,0.44997,0.05,0.097,0.102,15.98,1,0
4315,29,16.4,92717.0,8829.6,15.7,0.815,1,2,39.0,0,1,0,0.37125,0.078,2.556,1.831,51.94,0,1
4316,25,39.1,88639.0,7459.54,9.0,0.448,3,3,-34.0,0,1,0,0.48293,0.005,0.344,0.505,14.94,0,1
4317,33,31.9,53003.0,699.98,5.8,0.252,0,1,18.0,0,0,0,0.2493,0.075,0.41,0.283,18.81,0,1
4318,25,22.7,43089.0,6325.81,4.0,0.618,1,1,-22.0,0,1,0,0.42085,0.075,1.152,1.277,34.27,1,0
4319,46,26.8,68188.0,3891.46,2.8,0.374,1,1,58.0,0,1,0,0.23015,0.075,0.525,0.266,7.77,0,1
4320,64,69.1,140387.0,31319.35,4.0,0.586,1,4,63.0,1,1,1,0.28474,0.075,0.487,0.588,20.65,0,1
4321,28,27.9,39176.0,828.09,2.9,0.317,0,1,57.0,0,1,0,0.22784,0.075,0.285,0.115,12.13,0,1
4322,40,21.7,77122.0,6589.92,11.3,0.74,1,3,4.0,0,1,0,0.3174,0.03,1.951,1.229,30.15,1,0
4323,31,22.9,60623.0,4528.46,12.4,0.438,1,2,22.0,1,1,1,0.48923,0.03,1.899,2.242,57.54,0,1
4324,27,12.5,50477.0,2041.11,13.9,0.768,0,3,61.0,0,1,1,0.37427,0.078,1.088,1.734,36.62,1,0
4325,42,7.5,69107.0,4118.07,11.3,0.865,1,2,25.0,0,0,1,0.371,0.078,1.989,2.627,57.9,1,0
4326,35,13.3,101804.0,5646.65,11.5,0.588,0,2,-15.0,0,1,0,0.38591,0.06,1.755,1.534,43.07,0,1
4327,27,24.1,105310.0,3315.18,16.2,0.972,2,2,52.0,1,1,1,0.62689,0.048,2.433,2.143,53.16,1,0
4328,28,26.2,76185.0,4851.9,0.9,0.356,2,2,32.0,0,0,0,0.25033,0.075,0.581,0.377,18.2,0,1
4329,43,5.9,63449.0,3542.15,0.0,0.6,1,3,10.0,0,1,0,0.29243,0.105,0.123,0.023,12.41,0,1
4330,18,19.1,69297.0,2173.91,1.9,0.356,1,1,21.0,0,0,1,0.18276,0.075,1.48,0.886,18.77,0,1
4331,26,13.8,78051.0,3002.75,14.8,0.789,0,2,38.0,0,1,0,0.36758,0.078,1.015,0.879,27.89,1,0
4332,35,24.2,43780.0,2232.13,1.4,0.309,0,2,2.0,0,1,0,0.25482,0.075,0.19,0.027,14.53,0,1
4333,24,3.0,59516.0,3831.43,17.9,0.815,0,2,16.0,0,1,1,0.54478,0.078,0.985,1.649,42.41,0,1
4334,55,45.8,117134.0,46775.92,5.8,0.511,0,3,42.0,0,1,0,0.25101,0.075,1.414,1.489,42.19,0,1
4335,43,28.2,86134.0,1523.41,4.5,0.513,1,2,1.0,0,0,0,0.33548,0.075,1.021,0.864,27.96,0,1
4336,19,1.0,101640.0,11612.28,22.4,0.79,0,1,20.0,0,0,0,0.51627,0.078,2.595,2.255,59.92,1,0
4337,44,13.2,56779.0,6580.95,16.3,0.885,0,1,33.0,0,1,0,0.45049,0.078,2.244,1.56,34.74,1,0
4338,19,12.1,77104.0,759.13,15.7,0.787,1,1,49.0,0,0,0,0.39798,0.078,1.374,1.607,42.51,1,0
4339,58,60.5,123785.0,33825.43,7.7,0.511,0,4,47.0,0,1,0,0.22381,0.075,1.842,1.09,29.18,1,0
4340,36,25.0,56580.0,5900.82,6.3,0.552,1,1,6.0,1,1,1,0.38058,0.075,1.025,1.153,24.56,0,1
4341,25,35.2,65759.0,5793.5,17.5,0.99,1,1,64.0,0,1,0,0.38113,0.048,2.121,1.859,38.58,1,0
4342,26,1.0,111082.0,3442.01,13.3,0.99,0,3,72.0,0,1,1,0.53965,0.078,1.533,2.089,54.65,1,0
4343,38,41.5,71633.0,7688.55,7.9,0.428,3,2,-13.0,0,1,0,0.36732,0.05,1.236,0.486,15.42,0,1
4344,30,1.0,80568.0,5053.02,14.2,0.753,2,3,63.0,0,1,0,0.48438,0.078,3.015,2.772,68.33,1,0
4345,29,38.7,62683.0,4947.31,3.7,0.648,0,1,-3.0,0,1,0,0.22317,0.075,1.604,0.863,26.05,0,1
4346,33,1.0,44703.0,1195.78,9.4,0.402,0,1,-15.0,1,1,1,0.26028,0.06,1.408,1.507,36.3,0,1
4347,30,51.2,60755.0,2024.56,6.2,0.279,0,2,-8.0,0,0,0,0.32532,0.075,0.768,0.689,25.63,1,0
4348,26,17.3,78599.0,8703.18,4.3,0.549,1,1,-6.0,0,0,0,0.32967,0.105,0.737,0.396,17.38,0,1
4349,43,77.5,205384.0,32692.69,11.4,0.647,0,4,26.0,0,1,0,0.20399,0.03,1.947,1.953,45.53,1,0
4350,27,35.0,43277.0,8099.07,5.0,0.493,0,2,48.0,0,1,1,0.20056,0.075,1.249,1.51,35.71,1,0
4351,26,10.8,50436.0,31334.29,11.6,0.654,0,2,34.0,0,0,0,0.47287,0.06,1.536,0.962,27.26,0,1
4352,32,11.7,77286.0,3268.25,20.5,0.864,1,2,37.0,0,1,1,0.56322,0.078,1.426,1.94,46.12,1,0
4353,39,21.0,97139.0,3673.73,8.6,0.694,2,2,-5.0,0,1,0,0.29887,0.03,0.921,0.819,27.74,1,0
4354,43,25.4,83749.0,3786.65,9.9,0.83,0,3,19.0,0,1,1,0.33632,0.048,1.78,2.059,46.82,1,0
4355,20,16.9,70896.0,6128.55,0.2,0.566,2,1,13.0,0,0,1,0.29693,0.105,0.115,0.143,12.72,1,0
4356,41,21.2,49869.0,17898.62,12.0,0.445,0,3,4.0,0,1,1,0.3784,0.03,2.12,2.398,54.35,0,1
4357,35,28.4,50557.0,13136.54,0.2,0.418,1,1,38.0,1,1,0,0.27001,0.075,0.778,0.455,14.98,0,1
4358,55,51.2,76272.0,31243.53,11.6,0.821,0,3,59.0,0,0,0,0.24271,0.048,2.734,2.402,52.69,1,0
4359,54,58.1,132792.0,43946.48,8.2,0.513,1,5,41.0,1,0,0,0.3024,0.03,1.361,1.157,30.18,1,0
4360,34,23.3,32891.0,1888.84,6.4,0.46,1,1,6.0,0,0,0,0.28084,0.075,0.14,0.023,5.46,0,1
4361,30,8.3,108913.0,882.09,15.3,0.964,0,1,41.0,0,1,0,0.48845,0.078,1.618,1.493,34.75,0,1
4362,33,25.1,109560.0,7796.44,10.4,0.6,2,1,-0.0,0,0,0,0.39964,0.03,0.912,0.621,20.34,0,1
4363,42,49.4,74787.0,3779.16,9.9,0.562,1,1,-9.0,0,0,1,0.33035,0.03,0.592,0.726,17.49,0,1
4364,22,19.5,39218.0,4557.59,4.4,0.334,0,1,8.0,0,0,0,0.24617,0.075,1.081,0.923,29.29,1,0
4365,40,17.7,65299.0,883.12,1.6,0.452,0,1,-8.0,0,0,0,0.22132,0.105,0.023,0.05,5.97,1,0
4366,29,13.9,125549.0,2782.95,17.0,0.889,0,2,57.0,0,1,1,0.51962,0.078,1.127,1.302,34.83,0,1
4367,46,67.5,156915.0,38081.45,3.1,0.482,1,5,40.0,0,1,1,0.27171,0.075,0.548,0.961,26.93,0,1
4368,36,18.6,99148.0,10190.71,11.5,0.711,4,3,-22.0,0,1,0,0.62683,0.005,1.845,1.525,34.47,0,1
4369,28,21.1,66669.0,4363.36,16.5,0.8,0,2,72.0,0,1,0,0.33406,0.048,1.59,1.509,34.74,1,0
4370,58,65.1,109074.0,107717.31,9.3,0.485,1,5,38.0,0,0,1,0.30476,0.03,1.133,1.136,30.5,1,0
4371,52,1.0,74560.0,12481.27,8.9,0.834,0,1,17.0,0,0,0,0.42254,0.078,0.724,0.524,19.16,1,0
4372,38,37.5,45174.0,2884.25,13.0,0.802,0,3,62.0,0,1,1,0.29628,0.048,2.687,2.846,67.76,1,0
4373,45,79.5,254311.0,91090.38,6.6,0.612,0,4,21.0,0,1,0,0.19874,0.075,1.251,1.737,40.52,1,0
4374,33,6.4,78920.0,14147.08,17.8,0.763,0,3,36.0,0,1,1,0.40282,0.078,2.767,2.797,62.71,0,1
4375,43,17.5,90985.0,7380.97,6.5,0.639,2,1,-12.0,1,0,0,0.3819,0.105,0.639,1.129,32.92,0,1
4376,23,18.7,67096.0,4634.78,22.9,0.99,1,2,60.0,0,1,1,0.6121,0.048,1.562,1.703,45.44,0,1
4377,26,4.9,38896.0,2902.71,3.8,0.442,1,1,9.0,0,0,0,0.35671,0.105,0.904,0.515,17.15,0,1
4378,29,32.4,111687.0,2958.93,13.3,0.741,0,1,56.0,0,0,0,0.33527,0.03,2.399,1.73,40.99,0,1
4379,41,16.4,43555.0,2104.19,4.0,0.33,1,3,-20.0,0,1,0,0.30478,0.105,0.098,0.006,6.11,0,1
4380,18,35.5,83506.0,10608.3,13.4,0.924,0,2,23.0,0,1,1,0.36541,0.048,1.286,0.964,28.08,1,0
4381,33,21.1,81150.0,10630.59,5.8,0.374,1,3,-7.0,0,1,0,0.43661,0.075,0.767,0.385,14.74,0,1
4382,53,60.7,140783.0,22320.66,10.7,0.504,0,5,20.0,1,1,0,0.31604,0.03,0.974,1.151,29.97,0,1
4383,29,31.2,61491.0,2464.97,17.4,0.719,1,1,40.0,1,1,0,0.47618,0.03,2.03,1.646,40.68,1,0
4384,59,58.1,132536.0,19549.78,9.4,0.653,0,4,48.0,0,1,0,0.27132,0.03,0.726,0.965,20.48,0,1
4385,25,25.3,45651.0,2696.91,7.9,0.668,1,2,-5.0,0,0,0,0.30878,0.075,0.776,1.332,33.95,1,0
4386,51,35.1,73407.0,5431.27,5.8,0.291,1,2,-4.0,0,1,0,0.30283,0.075,2.517,1.738,41.79,0,1
4387,38,55.3,161027.0,18296.01,5.1,0.73,1,4,36.0,0,0,0,0.35426,0.075,0.688,0.435,12.46,1,0
4388,18,1.0,75562.0,8086.4,17.9,0.838,1,4,4.0,0,1,1,0.53338,0.078,1.085,1.348,26.86,1,0
4389,35,4.5,50607.0,3409.73,1.5,0.285,0,2,29.0,0,0,1,0.2578,0.105,0.385,0.986,28.38,0,1
4390,30,38.0,127185.0,8778.35,7.7,0.762,1,3,-6.0,0,1,0,0.27621,0.093,1.66,1.061,31.27,0,1
4391,29,20.7,53473.0,8765.69,15.9,0.99,0,3,46.0,0,1,1,0.3882,0.048,2.093,2.37,52.66,1,0
4392,34,34.7,38880.0,5190.32,4.1,0.475,1,3,-0.0,0,1,1,0.29698,0.075,1.138,1.827,40.97,0,1
4393,48,58.7,134978.0,12843.0,3.2,0.68,0,4,47.0,0,1,0,0.15974,0.075,0.926,0.55,20.88,0,1
4394,32,13.8,67154.0,3954.41,6.4,0.597,2,1,-11.0,0,0,1,0.42018,0.105,0.726,0.962,26.71,0,1
4395,52,33.8,185601.0,27565.09,7.9,0.624,0,4,57.0,0,1,0,0.26321,0.075,2.898,2.557,50.73,0,1
4396,47,96.4,164302.0,40330.91,6.4,0.677,1,3,1.0,0,1,1,0.28953,0.075,0.57,1.331,33.06,0,1
4397,37,22.3,76608.0,10924.98,19.0,0.974,0,1,45.0,0,0,0,0.46127,0.048,1.927,2.264,52.87,0,1
4398,34,23.6,67534.0,3129.6,8.0,0.613,1,2,11.0,0,0,0,0.34817,0.03,1.22,1.289,28.84,0,1
4399,22,19.3,86567.0,13619.19,13.0,0.842,0,2,50.0,0,0,0,0.25802,0.048,2.85,2.936,68.16,1,0
4400,23,4.8,104115.0,1895.1,4.7,0.444,0,2,37.0,0,0,1,0.22249,0.105,1.487,1.779,44.22,1,0
4401,34,12.5,63177.0,2115.28,8.8,0.42,0,2,-16.0,0,0,0,0.36326,0.06,0.809,0.649,21.5,0,1
4402,26,42.9,49090.0,2459.4,4.1,0.543,4,2,-16.0,0,0,1,0.34072,0.05,0.232,0.388,23.09,0,1
4403,20,23.9,80184.0,2645.55,14.9,0.99,1,1,37.0,0,1,1,0.41685,0.048,2.562,3.194,67.43,1,0
4404,33,6.8,37476.0,9560.98,18.3,0.99,2,1,8.0,0,1,0,0.57471,0.078,1.739,1.53,39.56,1,0
4405,37,47.3,136789.0,5287.5,7.3,0.728,0,3,78.0,0,1,0,0.24083,0.075,2.167,1.926,40.46,1,0
4406,48,24.8,96715.0,5766.83,12.4,0.69,2,3,10.0,0,1,1,0.49719,0.03,1.179,1.808,39.66,0,1
4407,36,18.2,69417.0,6327.76,2.9,0.569,0,3,20.0,1,1,0,0.31746,0.075,0.736,0.564,22.39,0,1
4408,49,86.6,149585.0,26120.72,6.7,0.906,1,4,49.0,0,1,0,0.2536,0.093,0.64,0.679,24.96,1,0
4409,28,19.7,70304.0,6025.43,6.6,0.245,1,2,34.0,0,0,0,0.21206,0.075,0.943,0.88,23.7,0,1
4410,34,1.7,102372.0,18775.86,16.3,0.966,0,2,32.0,0,1,0,0.64045,0.078,0.625,0.522,18.34,0,1
4411,49,61.3,202769.0,33716.45,8.3,0.356,0,4,27.0,0,0,0,0.24579,0.03,1.486,1.449,32.55,1,0
4412,24,19.2,85759.0,9620.39,10.8,0.99,0,3,51.0,0,1,1,0.42329,0.048,0.835,0.898,29.13,1,0
4413,36,6.6,54173.0,14455.16,3.5,0.491,0,2,0.0,0,0,0,0.19037,0.105,0.006,0.199,14.61,1,0
4414,18,20.8,40694.0,5844.12,18.3,0.84,0,3,26.0,0,1,1,0.4441,0.048,2.207,2.474,54.45,1,0
4415,18,30.5,98972.0,4361.59,13.9,0.606,2,3,34.0,0,1,1,0.41457,0.03,1.952,2.222,57.02,1,0
4416,27,23.7,67805.0,5393.61,6.4,0.428,0,2,17.0,0,1,0,0.25694,0.075,1.319,0.757,22.05,1,0
4417,40,21.4,75030.0,17273.65,9.7,0.615,5,3,9.0,1,1,1,0.63284,0.005,1.412,1.585,37.52,0,1
4418,29,9.7,63115.0,4387.89,15.5,0.893,0,2,20.0,0,1,0,0.44181,0.078,1.849,1.682,42.56,1,0
4419,36,1.0,98625.0,3285.7,19.7,0.832,0,2,40.0,0,1,0,0.46956,0.078,2.691,2.458,53.36,1,0
4420,43,60.4,128741.0,97713.81,7.1,0.541,0,4,33.0,0,1,0,0.24943,0.075,2.208,1.813,41.8,1,0
4421,53,65.7,136723.0,26838.48,7.3,0.634,0,4,8.0,0,1,1,0.27524,0.075,0.579,0.929,26.17,0,1
4422,28,5.2,74860.0,9776.69,15.4,0.812,0,2,53.0,1,1,1,0.40929,0.078,2.145,2.122,56.14,0,1
4423,31,54.3,81298.0,9490.63,9.2,0.679,2,3,-10.0,0,1,1,0.45143,0.03,0.178,0.287,16.65,1,0
4424,32,25.5,55735.0,14755.34,18.1,0.891,0,1,26.0,0,1,1,0.43194,0.048,2.716,3.062,69.45,1,0
4425,38,9.5,83810.0,4606.93,5.0,0.4,0,1,-17.0,0,1,0,0.29345,0.105,1.021,0.385,12.93,0,1
4426,45,40.7,113592.0,18404.56,10.3,0.659,1,4,44.0,0,0,1,0.42044,0.03,1.546,1.532,38.54,1,0
4427,29,4.2,63153.0,7842.0,16.2,0.946,2,3,63.0,0,0,0,0.67404,0.078,1.48,1.387,34.39,0,1
4428,28,34.9,96520.0,2158.38,17.5,0.99,1,2,50.0,0,1,1,0.50317,0.048,1.582,2.152,43.74,0,1
4429,28,26.7,58095.0,4854.4,22.5,0.99,1,1,80.0,0,1,1,0.42863,0.048,3.208,3.367,71.77,1,0
4430,26,35.5,96473.0,12311.62,14.6,0.801,1,3,65.0,0,1,1,0.38616,0.048,2.33,2.491,58.21,1,0
4431,40,62.1,141829.0,10030.14,4.7,0.797,0,6,44.0,1,1,1,0.3729,0.093,1.571,1.556,43.59,0,1
4432,36,19.5,37807.0,3896.2,5.0,0.278,1,1,-3.0,0,1,1,0.28568,0.075,1.74,2.01,45.16,1,0
4433,29,7.0,85281.0,6594.57,5.5,0.433,0,1,31.0,0,1,0,0.31343,0.105,1.216,1.041,24.06,0,1
4434,42,66.2,150058.0,31465.63,10.4,0.723,1,4,19.0,0,0,0,0.38507,0.03,2.41,2.365,51.11,0,1
4435,36,28.6,80084.0,4379.05,7.5,0.75,4,2,6.0,0,1,0,0.44551,0.05,0.196,0.087,10.41,0,1
4436,43,28.2,94502.0,6744.63,6.8,0.798,0,3,-54.0,0,1,0,0.47932,0.093,0.8,0.443,19.42,0,1
4437,36,41.4,88440.0,1739.46,0.4,0.57,0,2,1.0,0,1,1,0.24684,0.075,1.047,1.494,37.83,0,1
4438,25,14.5,80239.0,4706.9,12.3,0.885,1,2,17.0,0,1,0,0.45028,0.078,1.276,0.822,23.21,1,0
4439,25,32.0,89783.0,3759.25,14.9,0.964,0,2,39.0,0,0,0,0.40652,0.048,1.41,1.713,40.8,1,0
4440,53,42.9,152547.0,22922.45,7.7,0.665,0,3,5.0,1,1,0,0.29961,0.075,0.724,0.636,19.48,0,1
4441,18,48.3,69280.0,6092.59,21.6,0.822,2,3,45.0,0,1,0,0.48852,0.048,2.389,1.761,44.13,1,0
4442,55,57.5,89992.0,89314.25,3.4,0.627,0,5,43.0,1,1,1,0.22108,0.075,1.009,1.574,37.93,0,1
4443,22,30.5,62525.0,3712.46,5.4,0.628,2,1,-2.0,0,1,1,0.48976,0.075,0.32,1.003,36.74,1,0
4444,25,32.4,85614.0,7185.0,2.5,0.501,1,2,4.0,0,0,0,0.32689,0.075,1.729,1.53,40.13,0,1
4445,25,10.0,88964.0,12557.44,16.6,0.99,0,2,48.0,0,1,0,0.40471,0.078,2.58,2.469,49.33,1,0
4446,64,71.8,103446.0,21854.78,6.5,0.521,0,3,33.0,0,0,0,0.31178,0.075,1.186,1.13,26.69,0,1
4447,61,72.5,185598.0,38259.58,10.8,0.598,1,3,60.0,1,1,1,0.41208,0.03,1.568,1.795,43.14,1,0
4448,54,53.4,126938.0,24276.77,10.8,0.686,0,4,21.0,0,0,0,0.29028,0.03,2.007,1.829,38.22,0,1
4449,40,22.6,40928.0,3052.73,8.7,0.672,2,2,2.0,0,1,0,0.44809,0.03,1.04,1.223,30.53,0,1
4450,18,16.5,100040.0,5670.75,19.9,0.887,1,2,49.0,0,1,0,0.47889,0.078,1.345,1.005,27.27,0,1
4451,36,20.6,45709.0,1513.94,6.6,0.518,3,3,-20.0,0,0,1,0.48824,0.05,1.908,2.353,67.71,0,1
4452,31,38.7,95424.0,4109.94,8.3,0.517,1,1,12.0,0,1,0,0.35381,0.03,1.813,1.789,39.58,1,0
4453,32,39.4,98157.0,2909.91,8.9,0.437,2,2,-10.0,0,0,0,0.35739,0.03,0.732,0.258,20.27,0,1
4454,39,30.2,67705.0,8940.46,11.6,0.673,2,3,-17.0,0,1,0,0.3957,0.03,0.715,0.277,13.19,0,1
4455,35,38.3,81507.0,2881.94,6.9,0.708,6,1,26.0,1,1,0,0.57172,0.05,0.8,0.265,13.51,0,1
4456,55,37.4,265526.0,49587.96,5.7,0.673,0,4,58.0,0,0,0,0.27757,0.075,0.968,0.393,18.79,1,0
4457,18,8.6,99557.0,3484.69,21.9,0.698,0,2,30.0,0,0,1,0.57149,0.06,2.123,2.704,66.81,1,0
4458,39,34.5,76783.0,5818.7,6.1,0.56,2,3,4.0,0,0,1,0.38976,0.075,0.658,0.971,27.29,1,0
4459,23,29.4,165804.0,9358.69,14.8,0.948,1,2,58.0,0,1,0,0.48841,0.048,1.416,1.619,40.65,0,1
4460,32,24.4,60903.0,2434.14,0.0,0.335,1,1,13.0,0,0,0,0.20939,0.075,0.49,0.484,20.04,0,1
4461,51,79.5,161474.0,34390.83,5.7,0.741,0,5,13.0,0,1,0,0.18043,0.075,0.911,1.094,30.0,0,1
4462,41,72.4,107176.0,28124.34,5.3,0.72,1,5,16.0,0,1,0,0.21455,0.075,1.936,1.794,46.05,0,1
4463,50,56.1,87802.0,44502.3,6.2,0.655,0,6,44.0,0,1,0,0.23889,0.075,1.587,1.334,31.91,1,0
4464,34,20.3,54589.0,5909.29,5.3,0.432,0,2,20.0,0,1,0,0.23577,0.075,2.046,1.616,41.34,0,1
4465,24,20.9,76792.0,7746.49,17.5,0.921,0,2,39.0,1,1,0,0.50277,0.048,2.886,3.294,74.33,1,0
4466,26,10.6,83066.0,3322.58,13.3,0.9,0,2,69.0,0,1,0,0.42652,0.078,2.133,1.884,49.85,1,0
4467,28,34.4,51800.0,9874.52,13.9,0.759,0,2,72.0,0,1,0,0.37737,0.048,1.616,1.495,43.12,1,0
4468,33,17.7,86060.0,4409.73,11.9,0.543,3,4,20.0,0,1,0,0.34649,0.035,1.653,1.236,30.7,1,0
4469,35,25.8,47150.0,1851.51,9.1,0.438,0,2,38.0,0,1,1,0.41693,0.03,2.246,2.135,43.35,1,0
4470,27,24.8,89576.0,4141.29,19.4,0.99,0,2,44.0,0,1,1,0.50057,0.048,2.811,3.139,67.71,1,0
4471,31,18.2,75942.0,5924.12,0.1,0.506,0,2,-15.0,0,1,0,0.26379,0.075,0.159,0.0,6.0,0,1
4472,40,9.5,68302.0,2103.24,19.2,0.99,0,2,38.0,0,0,0,0.49276,0.078,2.276,2.133,49.52,1,0
4473,41,30.1,55503.0,14280.66,14.0,0.435,5,3,-10.0,1,1,1,0.60951,0.005,1.338,0.949,28.24,0,1
4474,26,25.7,115298.0,4342.68,11.4,0.861,0,2,32.0,0,1,0,0.43068,0.048,2.01,1.815,34.04,1,0
4475,50,56.0,174677.0,24138.53,10.9,0.868,0,4,27.0,0,0,1,0.29106,0.048,1.658,1.786,45.09,1,0
4476,31,18.2,75016.0,16330.19,9.6,0.508,4,2,-30.0,0,0,1,0.53646,0.005,0.81,0.462,17.58,0,1
4477,35,44.8,107033.0,4747.91,8.1,0.506,3,3,6.0,0,1,1,0.47926,0.005,0.344,0.379,13.63,1,0
4478,27,20.8,77728.0,19881.05,16.3,0.87,0,1,75.0,0,1,0,0.41214,0.048,1.659,1.13,33.94,1,0
4479,26,34.1,49899.0,2674.59,5.7,0.652,1,2,55.0,0,1,0,0.31498,0.075,0.752,0.594,20.37,0,1
4480,38,31.1,45019.0,3306.89,7.6,0.356,3,1,15.0,1,1,0,0.35881,0.05,1.076,0.487,22.98,0,1
4481,45,88.2,134041.0,87236.62,11.0,0.701,0,4,31.0,0,0,0,0.31841,0.03,1.782,1.455,35.11,1,0
4482,36,44.4,88680.0,8969.19,4.9,0.633,2,3,-9.0,0,1,1,0.37119,0.075,1.276,1.449,47.29,1,0
4483,31,13.3,85865.0,6497.24,2.7,0.218,0,1,36.0,0,0,0,0.21364,0.105,0.521,0.233,10.72,0,1
4484,50,21.6,76484.0,1264.31,16.3,0.898,0,1,70.0,0,1,1,0.4481,0.048,1.631,1.665,42.14,1,0
4485,30,15.3,81866.0,2249.99,8.7,0.369,1,1,5.0,0,0,0,0.29182,0.06,1.386,1.3,35.26,0,1
4486,18,10.6,71728.0,5823.81,8.6,0.975,0,2,67.0,0,1,0,0.43887,0.078,2.339,1.109,30.67,1,0
4487,24,5.0,47775.0,6058.94,2.9,0.621,1,3,13.0,0,1,0,0.47028,0.105,0.321,0.421,22.02,0,1
4488,34,12.6,53412.0,7421.49,11.9,0.862,0,1,30.0,0,1,0,0.36464,0.078,2.167,2.19,48.83,1,0
4489,38,22.5,66291.0,6983.14,12.3,0.862,0,4,41.0,0,1,1,0.44217,0.048,1.136,1.236,32.66,1,0
4490,33,30.2,51118.0,15944.74,11.7,0.867,2,3,24.0,0,0,1,0.44799,0.048,1.505,1.918,49.19,1,0
4491,47,17.8,123870.0,10893.91,7.6,0.512,5,2,6.0,0,0,1,0.4369,0.08,0.669,1.091,32.69,1,0
4492,40,3.7,66430.0,744.94,0.0,0.282,0,1,0.0,0,1,0,0.28505,0.105,0.392,0.347,9.99,0,1
4493,34,47.3,57496.0,7660.25,4.1,0.582,2,1,28.0,0,0,0,0.29227,0.075,1.248,0.604,25.78,0,1
4494,27,19.9,120986.0,2610.64,21.5,0.894,1,2,58.0,0,1,0,0.55863,0.048,1.36,1.437,36.65,1,0
4495,30,6.1,53470.0,5517.55,11.1,0.931,2,2,38.0,0,1,1,0.57976,0.078,1.785,2.067,45.54,1,0
4496,55,67.5,132984.0,35995.32,9.4,0.885,1,4,20.0,0,1,0,0.37799,0.048,1.63,1.165,35.38,1,0
4497,52,88.3,236788.0,32999.71,12.2,0.486,0,3,13.0,0,0,0,0.28922,0.03,0.868,0.444,17.6,1,0
4498,44,69.4,132736.0,15592.8,7.9,0.618,0,5,3.0,0,0,0,0.23771,0.075,1.819,1.169,29.36,1,0
4499,34,1.0,114226.0,850.83,9.7,0.294,2,2,-2.0,0,0,0,0.35826,0.06,1.928,1.186,25.7,0,1
4500,49,53.8,72941.0,1563.72,2.7,0.467,0,1,7.0,1,1,0,0.25968,0.075,1.35,0.432,23.82,0,1
4501,31,1.0,108130.0,7699.32,19.9,0.839,0,2,68.0,0,1,1,0.45146,0.078,2.421,2.798,62.01,1,0
4502,55,59.5,197883.0,12496.29,11.3,0.511,0,4,50.0,0,0,0,0.30757,0.03,1.378,1.032,26.24,1,0
4503,42,17.4,72031.0,4514.34,8.9,0.671,0,3,-4.0,0,1,0,0.30399,0.06,1.245,0.849,23.46,0,1
4504,51,53.1,120957.0,41991.46,4.0,0.641,1,3,-2.0,0,0,1,0.25975,0.075,0.654,0.592,22.33,1,0
4505,30,19.4,73668.0,2307.7,13.3,0.762,1,3,50.0,0,1,1,0.4041,0.048,1.829,1.852,44.15,0,1
4506,55,37.1,105719.0,22482.89,1.7,0.509,0,4,3.0,0,1,0,0.24148,0.075,0.733,0.383,21.51,0,1
4507,54,60.9,135564.0,33747.96,9.6,0.663,1,4,51.0,0,0,0,0.31096,0.03,2.372,2.349,49.88,1,0
4508,31,29.8,75910.0,5407.54,17.3,0.716,0,3,61.0,0,1,0,0.38338,0.03,1.777,1.629,41.42,1,0
4509,30,11.9,93096.0,1518.79,4.7,0.455,1,2,11.0,0,1,0,0.27654,0.105,0.713,0.146,10.67,0,1
4510,52,45.3,161974.0,35070.1,7.7,0.787,0,3,50.0,0,1,0,0.31377,0.093,0.656,0.379,10.05,1,0
4511,38,29.3,136261.0,10367.72,12.7,0.663,3,4,11.0,0,1,0,0.55594,0.005,1.737,1.978,48.44,0,1
4512,47,57.9,77029.0,13987.38,8.8,0.571,0,2,36.0,0,1,1,0.28372,0.03,2.398,2.191,47.49,1,0
4513,54,14.9,42476.0,3449.61,3.0,0.46,0,2,7.0,0,1,0,0.2387,0.105,0.233,0.351,12.03,0,1
4514,18,1.7,69047.0,2824.41,16.4,0.762,0,2,19.0,0,1,1,0.3579,0.078,2.557,2.297,52.19,1,0
4515,36,22.2,113716.0,4877.45,21.5,0.915,0,3,37.0,0,1,1,0.59398,0.048,2.634,2.902,65.69,0,1
4516,43,69.1,133977.0,51199.88,9.7,0.604,1,5,15.0,0,1,0,0.31193,0.03,1.512,1.269,37.47,0,1
4517,50,49.2,92846.0,28536.03,6.9,0.526,2,4,15.0,0,1,1,0.4043,0.075,0.684,0.805,18.86,0,1
4518,47,4.9,71133.0,8148.2,15.9,0.969,0,2,30.0,0,1,1,0.5594,0.078,2.397,2.601,62.15,1,0
4519,28,23.6,42699.0,5016.04,5.8,0.212,1,2,-27.0,0,1,0,0.34893,0.075,1.631,1.149,28.25,0,1
4520,24,4.4,52167.0,8118.67,14.9,0.77,0,1,63.0,1,1,1,0.50728,0.078,2.66,2.911,61.47,1,0
4521,29,18.1,130375.0,5847.99,14.6,0.783,0,2,48.0,0,1,0,0.4423,0.048,2.337,2.17,49.16,1,0
4522,43,79.6,125502.0,65446.59,8.0,0.584,0,4,56.0,0,0,1,0.22202,0.03,1.886,1.868,44.71,1,0
4523,41,21.3,61824.0,3853.28,8.6,0.573,2,1,25.0,0,1,0,0.32865,0.03,0.242,0.183,12.28,0,1
4524,31,7.4,57538.0,1015.0,6.6,0.513,2,1,19.0,0,1,0,0.41814,0.105,1.471,1.49,33.51,0,1
4525,40,26.7,55127.0,1792.78,3.4,0.442,3,2,25.0,0,1,1,0.26871,0.05,0.894,1.983,42.08,0,1
4526,29,28.9,57380.0,6973.55,11.3,0.596,1,3,-5.0,0,0,0,0.37925,0.03,1.238,0.874,26.83,1,0
4527,22,20.2,54253.0,2834.65,4.5,0.429,1,1,35.0,0,1,1,0.25343,0.075,0.892,1.208,29.33,0,1
4528,36,36.7,78864.0,10094.31,9.9,0.741,0,3,-18.0,0,0,0,0.3966,0.03,1.388,0.748,23.0,1,0
4529,18,24.3,111471.0,2663.28,16.7,0.7,0,2,44.0,0,1,0,0.41744,0.03,1.358,0.833,27.5,1,0
4530,49,31.4,92988.0,29521.01,3.3,0.675,2,1,-13.0,0,1,1,0.32604,0.075,1.518,1.79,42.13,1,0
4531,24,21.3,42453.0,2806.71,0.0,0.374,1,1,48.0,0,0,1,0.20746,0.075,1.73,1.977,44.71,0,1
4532,42,86.8,180216.0,31840.49,8.6,0.695,1,5,22.0,0,1,0,0.39244,0.03,0.876,0.908,27.5,1,0
4533,41,45.4,81862.0,5173.01,6.7,0.646,2,3,16.0,0,1,0,0.3152,0.075,1.194,0.683,22.64,1,0
4534,45,72.0,116580.0,16668.84,3.6,0.721,0,3,8.0,0,0,0,0.23503,0.075,0.378,0.026,10.52,0,1
4535,38,63.6,144955.0,29477.84,5.8,0.814,0,5,36.0,0,1,0,0.28813,0.093,1.608,1.464,35.47,0,1
4536,43,3.9,88699.0,4581.31,18.5,0.749,0,1,41.0,0,1,0,0.46553,0.06,1.608,1.992,46.4,1,0
4537,31,44.5,72921.0,7560.63,10.0,0.701,3,2,-27.0,0,1,1,0.51064,0.005,1.464,1.093,32.74,1,0
4538,34,23.7,67168.0,8797.47,6.6,0.423,0,1,-3.0,0,0,0,0.34503,0.075,1.31,0.907,26.87,1,0
4539,28,9.1,60204.0,4145.3,17.2,0.849,0,2,54.0,0,0,0,0.52113,0.078,2.564,2.359,56.59,1,0
4540,54,59.1,236351.0,30261.67,5.5,0.864,1,4,28.0,0,1,0,0.31057,0.093,1.362,0.589,16.89,0,1
4541,32,4.4,45143.0,7644.75,18.1,0.977,0,2,26.0,0,0,1,0.52444,0.078,1.7,1.701,41.29,0,1
4542,23,28.7,88833.0,4026.45,17.6,0.854,0,3,61.0,0,1,1,0.42912,0.048,2.383,2.954,60.91,1,0
4543,33,30.2,65142.0,4259.63,4.2,0.535,1,1,10.0,0,0,0,0.25872,0.075,0.511,0.363,19.14,0,1
4544,47,64.2,164161.0,13934.35,8.2,0.635,0,4,40.0,0,1,0,0.27095,0.03,1.955,1.875,45.1,1,0
4545,54,61.5,113977.0,14006.09,10.1,0.592,0,5,55.0,0,1,0,0.20358,0.03,1.528,1.305,30.03,1,0
4546,21,7.8,104211.0,4871.57,14.0,0.833,0,2,73.0,0,1,0,0.4064,0.078,1.837,0.884,28.18,1,0
4547,49,1.0,57305.0,2580.7,7.4,0.464,0,1,-33.0,0,1,0,0.25551,0.105,0.344,0.26,10.26,0,1
4548,24,1.0,55172.0,2659.69,17.5,0.832,0,2,42.0,0,1,1,0.41045,0.078,2.075,1.959,43.88,1,0
4549,35,13.1,43901.0,3247.27,4.5,0.447,0,3,-22.0,0,0,1,0.33938,0.105,0.66,1.337,35.79,1,0
4550,21,5.3,78603.0,5155.13,20.1,0.99,0,3,96.0,1,1,1,0.54712,0.078,2.662,3.385,73.08,0,1
4551,20,19.5,49386.0,2836.71,12.5,0.912,0,2,47.0,0,1,1,0.38655,0.048,1.267,1.314,32.33,1,0
4552,32,40.7,117074.0,5710.03,7.8,0.807,2,3,10.0,0,0,1,0.3753,0.093,1.927,1.821,40.33,1,0
4553,22,14.5,100881.0,5180.38,14.2,0.901,0,2,32.0,0,1,0,0.3794,0.078,0.468,0.581,17.34,0,1
4554,35,47.9,117909.0,4119.54,10.0,0.738,1,2,-15.0,0,1,1,0.36017,0.03,1.375,1.611,33.7,1,0
4555,22,6.6,120967.0,3038.78,19.2,0.99,1,1,65.0,0,1,1,0.55834,0.078,2.501,2.021,48.3,0,1
4556,40,20.4,53652.0,4244.7,1.8,0.598,2,1,20.0,0,0,1,0.30554,0.075,0.561,0.775,24.15,0,1
4557,30,21.4,46657.0,2953.88,13.4,0.647,1,1,42.0,0,1,0,0.29788,0.03,2.298,1.798,44.09,1,0
4558,29,35.1,28632.0,2199.94,2.7,0.236,0,1,-6.0,0,1,0,0.1819,0.075,1.478,0.785,24.82,1,0
4559,26,17.3,68105.0,2501.98,17.0,0.929,0,3,40.0,0,1,0,0.40943,0.078,2.458,1.887,42.89,1,0
4560,45,32.6,115977.0,4140.66,9.0,0.578,0,3,2.0,0,1,0,0.31154,0.03,2.382,2.051,50.65,1,0
4561,37,2.1,47182.0,2753.77,4.6,0.442,0,1,23.0,0,0,0,0.26518,0.105,1.554,1.016,25.51,0,1
4562,28,5.2,71812.0,16791.21,13.9,0.856,1,1,52.0,0,1,1,0.39202,0.078,2.78,3.442,69.22,1,0
4563,19,29.2,65431.0,6500.24,18.9,0.84,1,2,19.0,0,1,1,0.54115,0.048,2.104,1.913,46.26,0,1
4564,27,1.0,65287.0,1261.44,2.2,0.309,0,3,-8.0,0,0,0,0.18643,0.105,0.836,0.669,23.77,1,0
4565,20,32.1,107552.0,7126.13,11.2,0.911,0,3,50.0,0,1,0,0.31837,0.048,2.345,1.765,40.01,0,1
4566,47,37.0,47517.0,4884.98,6.0,0.693,0,4,-37.0,0,1,0,0.3703,0.075,1.287,0.856,29.06,0,1
4567,39,13.0,41003.0,2990.54,8.4,0.376,0,3,-7.0,0,1,0,0.34669,0.06,2.082,1.482,39.48,0,1
4568,23,6.0,113536.0,3068.9,19.4,0.864,1,2,45.0,0,1,1,0.50855,0.078,2.29,2.721,58.44,1,0
4569,34,53.8,87759.0,29791.77,3.6,0.513,1,3,-23.0,0,1,1,0.33305,0.075,0.319,0.335,10.45,0,1
4570,32,47.9,67130.0,3827.73,11.2,0.481,2,2,-4.0,1,0,0,0.46525,0.03,1.862,1.686,39.72,0,1
4571,43,60.6,218802.0,39235.58,2.6,0.614,1,5,32.0,0,0,0,0.24911,0.075,0.568,0.563,21.43,0,1
4572,38,23.6,40812.0,1921.59,4.4,0.468,0,2,-5.0,0,1,1,0.3043,0.075,0.133,0.397,10.36,0,1
4573,27,8.2,97725.0,7274.07,12.7,0.99,1,1,29.0,1,1,1,0.54639,0.078,3.497,3.623,77.65,1,0
4574,64,63.6,135481.0,38724.83,10.4,0.509,0,4,58.0,0,1,1,0.31804,0.03,1.056,1.307,34.46,1,0
4575,44,13.9,69498.0,6780.64,6.0,0.427,0,1,17.0,0,0,0,0.27052,0.105,1.501,1.272,33.57,0,1
4576,38,15.1,39893.0,7176.8,18.6,0.99,1,2,49.0,0,0,0,0.50344,0.078,1.385,1.581,37.15,1,0
4577,40,43.7,54990.0,1911.36,3.7,0.3,0,1,11.0,0,1,0,0.23064,0.075,0.729,0.33,21.35,0,1
4578,26,14.9,92728.0,29952.39,15.5,0.99,0,3,27.0,0,1,1,0.45882,0.078,1.74,2.174,50.23,1,0
4579,53,49.4,135660.0,45913.67,4.0,0.592,0,4,23.0,0,1,1,0.32616,0.075,0.536,1.052,30.75,1,0
4580,27,1.0,106662.0,3146.05,13.2,0.978,1,1,-2.0,0,1,1,0.53858,0.078,2.238,2.296,54.45,1,0
4581,49,32.5,100138.0,9143.5,11.6,0.566,2,2,-20.0,0,0,0,0.40774,0.03,2.597,2.469,56.71,1,0
4582,38,12.9,45546.0,4520.64,5.5,0.48,0,1,-2.0,0,1,0,0.23467,0.105,1.216,0.722,27.0,1,0
4583,37,25.0,73701.0,4410.24,4.8,0.607,2,2,20.0,0,0,1,0.42866,0.075,0.134,0.391,14.56,0,1
4584,36,2.6,45129.0,4141.39,7.9,0.417,1,2,-1.0,1,1,0,0.39528,0.105,0.664,0.534,23.94,0,1
4585,50,39.3,73058.0,14994.07,5.5,0.7,4,3,7.0,0,1,1,0.4558,0.05,0.187,0.783,21.34,1,0
4586,25,9.3,70435.0,5274.71,6.4,0.46,1,2,5.0,0,0,0,0.33821,0.105,0.876,0.935,30.34,0,1
4587,62,62.6,110137.0,18445.45,4.8,0.554,0,5,37.0,0,1,0,0.25851,0.075,1.204,1.075,24.48,0,1
4588,34,17.9,72967.0,11808.83,8.5,0.414,1,2,9.0,0,1,0,0.31701,0.06,2.59,1.937,53.14,0,1
4589,28,51.6,62817.0,28766.7,10.5,0.567,3,3,5.0,0,1,0,0.43401,0.005,1.14,1.235,33.43,1,0
4590,30,24.1,50438.0,5049.25,7.1,0.275,1,4,33.0,0,1,0,0.26279,0.075,1.838,1.378,32.65,0,1
4591,18,39.3,91976.0,4614.62,14.1,0.95,1,3,25.0,1,1,1,0.64884,0.048,1.926,1.786,41.79,1,0
4592,54,68.7,110117.0,33183.8,13.9,0.712,0,4,67.0,0,0,0,0.27178,0.03,2.097,1.791,41.0,1,0
4593,28,39.1,46437.0,2430.67,9.9,0.519,1,1,-6.0,0,0,0,0.39049,0.03,1.338,0.593,20.93,1,0
4594,30,13.5,100670.0,3965.88,17.2,0.99,0,2,40.0,0,1,1,0.62309,0.078,2.621,2.44,53.47,1,0
4595,37,20.1,78261.0,1086.18,19.2,0.99,0,3,34.0,0,1,0,0.55142,0.048,2.296,1.667,40.29,1,0
4596,30,36.6,39842.0,8111.51,3.7,0.364,1,1,39.0,0,1,1,0.24637,0.075,1.055,1.426,31.83,0,1
4597,47,72.9,173865.0,68791.54,4.6,0.597,0,5,14.0,0,1,0,0.2404,0.075,1.029,0.528,23.35,1,0
4598,20,22.4,68098.0,1513.21,18.1,0.99,0,2,58.0,0,1,1,0.40985,0.048,3.648,3.878,91.23,1,0
4599,46,58.1,94485.0,57067.12,5.5,0.683,0,4,-8.0,0,1,0,0.36082,0.075,1.707,0.984,28.3,1,0
4600,67,60.1,70125.0,31839.94,11.5,0.638,0,5,49.0,0,1,1,0.28361,0.03,2.4,2.216,55.3,1,0
4601,43,44.7,91890.0,7029.12,11.8,0.494,3,2,-12.0,0,1,1,0.45236,0.005,0.993,1.387,37.46,0,1
4602,33,38.2,46776.0,4132.82,5.1,0.372,1,2,3.0,0,1,0,0.24713,0.075,0.134,0.197,17.85,1,0
4603,31,14.9,42170.0,966.38,5.0,0.494,2,1,-3.0,0,1,0,0.34837,0.105,0.577,0.075,12.54,0,1
4604,38,22.1,85567.0,7941.72,11.7,0.375,2,3,-9.0,0,1,1,0.42748,0.03,0.764,1.479,38.61,0,1
4605,39,20.2,89499.0,8424.16,9.7,0.333,3,3,-15.0,1,0,0,0.55461,0.005,1.013,0.754,21.46,1,0
4606,46,72.0,111579.0,33717.86,6.9,0.716,0,4,6.0,0,0,0,0.28656,0.075,1.326,1.624,37.61,1,0
4607,39,10.8,75486.0,1233.36,0.4,0.371,0,2,-5.0,0,0,0,0.28691,0.105,0.809,0.328,14.58,0,1
4608,22,25.8,132364.0,6016.9,18.6,0.952,1,2,59.0,0,1,0,0.3668,0.048,2.176,1.719,44.42,1,0
4609,22,22.5,109326.0,8961.67,17.0,0.99,0,3,36.0,0,1,0,0.5359,0.048,3.588,3.26,67.69,1,0
4610,38,15.5,81379.0,3909.38,11.9,0.319,0,1,-5.0,1,1,1,0.33068,0.06,1.81,1.687,35.59,0,1
4611,27,40.8,64222.0,2584.78,4.2,0.246,1,1,11.0,0,1,1,0.28688,0.075,1.362,1.127,32.29,0,1
4612,54,44.5,122419.0,183756.64,8.8,0.61,1,3,43.0,0,0,1,0.18954,0.03,1.239,1.084,31.93,0,1
4613,38,50.9,70922.0,4386.22,9.9,0.515,1,4,4.0,0,0,1,0.34291,0.03,1.552,1.822,44.51,0,1
4614,36,65.8,155439.0,52904.02,9.8,0.637,0,3,40.0,0,1,0,0.32059,0.03,1.514,0.994,29.39,1,0
4615,50,37.1,98271.0,37482.11,5.4,0.699,2,5,57.0,0,0,0,0.28401,0.075,1.709,1.31,31.9,0,1
4616,18,35.1,61744.0,16644.52,15.8,0.936,2,2,45.0,1,1,1,0.54928,0.048,2.146,1.856,48.58,0,1
4617,34,27.7,51689.0,5786.14,18.2,0.905,0,3,40.0,0,1,1,0.50255,0.048,2.287,2.273,49.38,1,0
4618,36,25.9,76720.0,11824.72,8.1,0.706,4,3,9.0,0,1,1,0.52623,0.005,0.632,0.56,20.0,1,0
4619,62,50.4,141130.0,44453.87,10.1,0.714,1,5,21.0,0,1,0,0.281,0.03,2.109,1.932,40.17,1,0
4620,56,43.2,115703.0,16084.02,8.3,0.62,1,4,26.0,0,1,0,0.37692,0.03,0.732,0.782,27.89,0,1
4621,22,45.0,94847.0,2558.2,17.1,0.97,0,1,14.0,0,1,0,0.54228,0.048,2.152,2.615,53.98,1,0
4622,21,10.9,44500.0,2507.86,7.6,0.26,1,1,44.0,0,1,1,0.35426,0.105,1.08,1.078,30.2,0,1
4623,33,15.8,59764.0,14905.65,8.4,0.707,4,2,32.0,0,1,1,0.41541,0.035,1.052,1.862,44.48,0,1
4624,26,25.2,72841.0,3490.78,0.6,0.432,0,1,7.0,1,0,0,0.22465,0.075,1.407,1.029,27.85,0,1
4625,42,1.0,97662.0,3934.17,15.3,0.768,0,1,59.0,0,1,1,0.41719,0.078,1.723,1.7,32.78,1,0
4626,38,19.2,58080.0,19518.67,6.8,0.544,3,2,5.0,1,0,1,0.50521,0.05,0.761,0.775,24.54,0,1
4627,42,33.9,62815.0,826.99,0.0,0.544,1,1,14.0,0,1,0,0.28877,0.075,1.836,1.381,34.91,0,1
4628,47,67.6,111830.0,13783.23,7.7,0.556,0,4,57.0,0,1,0,0.20518,0.075,2.23,1.571,38.59,0,1
4629,28,11.4,72057.0,888.06,16.5,0.945,1,2,20.0,0,1,1,0.50993,0.078,2.46,2.457,55.71,1,0
4630,29,16.2,79010.0,9869.8,18.8,0.99,0,2,40.0,0,1,1,0.44107,0.078,1.687,2.102,53.6,1,0
4631,37,10.7,88414.0,4225.79,12.9,0.903,1,2,4.0,0,1,1,0.42306,0.078,0.886,1.328,30.53,1,0
4632,51,61.3,150354.0,59968.87,8.2,0.545,0,4,15.0,0,1,0,0.29039,0.03,1.688,1.423,42.61,1,0
4633,42,52.9,148563.0,29806.25,11.0,0.633,1,5,3.0,0,0,0,0.36262,0.03,1.089,1.175,34.86,0,1
4634,40,9.0,56800.0,8750.81,14.4,0.745,1,3,9.0,0,1,1,0.49645,0.06,1.301,1.599,34.2,1,0
4635,36,23.7,79958.0,7367.31,10.4,0.536,1,3,-17.0,0,1,1,0.36728,0.03,1.31,1.673,37.86,0,1
4636,26,7.3,88192.0,5873.91,20.3,0.778,2,2,51.0,0,1,1,0.59111,0.078,0.985,1.874,49.22,0,1
4637,29,74.5,166212.0,37978.48,3.0,0.635,2,4,21.0,0,0,0,0.23045,0.075,0.9,0.907,24.59,0,1
4638,42,40.2,59287.0,9963.73,9.7,0.45,5,4,-18.0,0,0,0,0.48945,0.005,0.464,0.425,14.65,0,1
4639,30,4.8,97314.0,13452.39,19.1,0.909,0,3,30.0,0,0,1,0.44022,0.078,2.722,2.986,70.94,1,0
4640,30,1.7,53254.0,1565.49,15.1,0.99,1,2,47.0,0,1,0,0.5072,0.078,1.827,1.668,42.79,1,0
4641,26,14.1,67654.0,4304.36,19.7,0.99,0,3,33.0,0,1,1,0.60395,0.078,2.69,2.607,57.7,1,0
4642,25,41.9,70552.0,5118.03,17.7,0.763,1,2,25.0,1,1,1,0.53535,0.048,2.502,2.895,64.2,0,1
4643,46,49.7,98141.0,33020.3,12.8,0.567,1,3,52.0,1,0,0,0.38841,0.03,0.963,1.426,31.64,0,1
4644,32,14.1,70263.0,3474.5,17.6,0.99,0,3,27.0,0,1,0,0.47396,0.078,1.756,1.315,31.62,1,0
4645,33,17.1,80683.0,3178.83,21.0,0.977,0,2,20.0,0,0,0,0.49589,0.078,2.954,2.818,64.26,1,0
4646,33,20.7,36038.0,8110.19,5.3,0.362,1,1,24.0,0,1,1,0.34087,0.075,1.955,1.916,48.17,1,0
4647,42,16.5,53036.0,2865.22,0.8,0.376,1,2,-22.0,0,1,1,0.30011,0.105,0.706,1.637,44.28,0,1
4648,28,29.9,47402.0,21949.46,14.3,0.909,0,1,67.0,0,1,0,0.29735,0.048,0.766,0.765,23.61,0,1
4649,45,67.5,239480.0,45110.48,10.7,0.438,1,4,15.0,0,0,1,0.36551,0.03,1.755,1.804,43.54,1,0
4650,50,72.1,146149.0,26508.35,10.7,0.698,0,3,36.0,0,1,0,0.25196,0.03,1.043,0.562,20.5,0,1
4651,25,29.1,61039.0,4296.73,3.7,0.549,1,1,-9.0,0,1,0,0.27991,0.075,1.533,0.91,28.67,0,1
4652,37,32.7,62815.0,3220.12,9.4,0.387,1,1,10.0,0,1,1,0.35308,0.03,1.127,1.465,37.75,1,0
4653,18,35.0,89475.0,10765.83,15.0,0.744,0,1,34.0,0,1,0,0.3557,0.03,1.928,1.241,33.22,1,0
4654,22,32.0,98972.0,2106.56,17.2,0.99,0,4,25.0,0,0,0,0.58179,0.048,2.069,1.414,30.38,0,1
4655,35,89.9,90477.0,9924.09,9.2,0.664,0,4,4.0,0,1,0,0.26486,0.03,1.396,1.168,33.29,0,1
4656,34,36.6,84039.0,3793.35,0.9,0.508,3,1,-0.0,0,0,0,0.3603,0.05,0.148,0.039,8.65,1,0
4657,46,14.0,82592.0,5164.53,4.2,0.285,1,1,19.0,0,1,0,0.21569,0.105,0.79,0.513,18.01,1,0
4658,28,26.2,74651.0,5419.03,22.4,0.755,1,2,57.0,0,1,0,0.47547,0.048,2.674,2.558,54.64,0,1
4659,43,39.5,69729.0,12385.8,6.5,0.636,3,2,-22.0,0,1,0,0.41936,0.05,1.35,1.512,35.08,0,1
4660,45,39.0,32884.0,6331.97,17.7,0.99,0,2,30.0,0,1,1,0.50712,0.048,2.271,2.841,67.59,0,1
4661,41,19.4,51459.0,3056.23,5.9,0.466,3,5,-11.0,1,0,0,0.40613,0.05,0.738,0.488,18.85,0,1
4662,30,28.7,67872.0,3601.74,2.0,0.419,1,1,10.0,0,0,0,0.3183,0.075,0.431,0.256,10.8,0,1
4663,45,53.8,190837.0,75312.29,4.2,0.465,0,4,34.0,0,1,0,0.22613,0.075,0.102,0.05,8.85,1,0
4664,29,22.2,92529.0,5031.54,18.5,0.823,0,2,36.0,0,1,0,0.47187,0.048,2.012,1.788,40.42,0,1
4665,34,28.4,70543.0,3414.29,6.6,0.562,3,2,-15.0,0,0,0,0.3852,0.05,0.693,0.823,21.46,0,1
4666,45,67.8,232116.0,25757.58,11.4,0.694,0,3,29.0,0,0,0,0.26302,0.03,1.142,0.828,19.49,0,1
4667,42,5.1,77396.0,4308.13,3.1,0.198,1,1,-36.0,0,0,0,0.21439,0.105,0.299,0.167,12.28,0,1
4668,56,71.5,124079.0,102811.33,8.3,0.785,0,4,26.0,0,1,0,0.29687,0.048,0.484,0.305,14.92,0,1
4669,23,24.5,106347.0,841.13,5.6,0.411,3,2,25.0,0,0,1,0.39565,0.05,0.537,0.262,21.2,0,1
4670,23,17.8,56530.0,5690.96,11.6,0.99,0,3,70.0,0,1,1,0.35219,0.078,1.11,1.611,39.71,0,1
4671,26,39.4,51077.0,2455.04,16.5,0.977,0,3,66.0,0,1,0,0.32416,0.048,1.61,1.805,45.44,1,0
4672,53,57.4,123169.0,44511.99,8.9,0.734,0,2,36.0,0,0,0,0.26608,0.03,0.142,0.102,11.81,0,1
4673,37,20.1,61924.0,6594.05,19.1,0.99,0,2,21.0,0,1,0,0.52181,0.048,2.212,2.211,43.86,1,0
4674,48,17.2,68869.0,3867.2,13.4,0.814,1,4,34.0,0,1,1,0.4471,0.078,1.611,2.216,52.1,1,0
4675,35,33.4,89313.0,12061.05,6.8,0.605,3,3,-22.0,0,1,1,0.46972,0.05,1.159,1.19,30.84,0,1
4676,26,42.7,75306.0,9440.51,17.8,0.791,1,1,17.0,0,1,0,0.3846,0.048,1.636,1.221,33.38,1,0
4677,33,16.8,75830.0,4043.48,19.8,0.889,0,2,26.0,1,1,0,0.52785,0.078,2.866,2.402,56.64,1,0
4678,24,9.2,77217.0,1886.88,14.4,0.979,1,1,30.0,0,1,1,0.4812,0.078,2.89,2.817,64.95,1,0
4679,28,38.5,40707.0,11366.83,12.7,0.99,0,2,17.0,0,0,0,0.43696,0.048,1.268,0.331,11.91,0,1
4680,32,18.3,39190.0,5141.08,3.6,0.388,2,3,28.0,0,0,0,0.27945,0.075,0.054,0.077,7.41,0,1
4681,18,2.7,53170.0,4327.78,1.8,0.297,1,2,22.0,1,0,0,0.33614,0.105,0.985,0.554,17.9,0,1
4682,30,7.1,60530.0,2871.83,17.1,0.908,0,1,43.0,0,1,0,0.41018,0.078,2.458,2.142,52.09,0,1
4683,34,7.0,55421.0,5692.48,1.6,0.336,0,1,17.0,0,0,0,0.24566,0.105,0.218,0.111,15.77,1,0
4684,44,1.0,86198.0,11315.68,7.1,0.366,1,2,16.0,0,1,0,0.32121,0.105,1.955,1.823,44.43,1,0
4685,35,17.6,57826.0,2772.53,5.1,0.504,1,1,-4.0,0,1,0,0.31131,0.105,0.521,0.247,15.06,1,0
4686,40,61.2,96570.0,34027.06,10.7,0.693,0,4,68.0,0,1,0,0.39504,0.03,1.594,1.38,29.72,1,0
4687,27,30.2,61350.0,2251.74,9.5,0.99,0,2,29.0,1,1,1,0.39974,0.048,1.563,2.284,53.06,1,0
4688,34,69.6,219008.0,20046.08,3.3,0.603,0,4,2.0,0,1,0,0.21699,0.075,1.601,1.345,36.29,1,0
4689,27,29.0,89238.0,1492.04,8.0,0.541,0,1,13.0,0,1,0,0.24229,0.03,0.44,0.732,26.82,0,1
4690,39,11.3,69299.0,3266.26,2.6,0.432,0,1,21.0,0,1,0,0.29284,0.105,1.353,1.385,32.37,0,1
4691,47,72.6,90503.0,25641.95,4.0,0.609,1,5,28.0,0,1,0,0.2284,0.075,0.934,0.63,19.03,0,1
4692,35,32.7,82564.0,5733.91,15.5,0.779,1,2,68.0,0,0,0,0.40812,0.048,1.065,0.983,25.41,0,1
4693,21,26.7,65440.0,1680.14,5.2,0.2,1,1,13.0,0,1,1,0.23528,0.075,0.479,0.864,24.76,0,1
4694,33,27.1,59408.0,2690.43,4.1,0.258,1,2,-6.0,0,0,0,0.29767,0.075,0.148,0.25,9.6,1,0
4695,46,46.8,118315.0,17217.69,9.3,0.664,1,5,23.0,0,1,0,0.38953,0.03,1.674,1.389,33.09,0,1
4696,45,43.7,65285.0,9037.32,9.9,0.49,2,2,-5.0,0,1,1,0.45912,0.03,0.226,0.865,22.87,0,1
4697,54,83.4,116109.0,11075.39,8.8,0.459,0,4,36.0,0,1,0,0.22927,0.03,1.619,1.426,34.22,0,1
4698,53,65.9,101300.0,35313.38,11.6,0.594,1,6,57.0,0,0,0,0.28393,0.03,1.76,1.67,45.31,1,0
4699,49,23.9,104114.0,6674.32,9.0,0.621,0,4,8.0,0,0,0,0.30318,0.03,1.655,1.284,32.6,0,1
4700,32,20.1,74871.0,3374.47,4.4,0.476,0,1,-20.0,0,0,0,0.29307,0.075,0.808,0.618,22.38,0,1
4701,44,17.0,54631.0,1024.94,6.7,0.427,0,2,7.0,0,1,0,0.30554,0.105,0.65,0.395,19.35,1,0
4702,42,57.7,151766.0,48974.57,9.5,0.633,0,5,10.0,1,1,0,0.37951,0.03,1.962,1.334,32.56,0,1
4703,41,69.8,153312.0,26352.23,5.6,0.581,0,5,62.0,0,0,0,0.18462,0.075,1.522,1.3,32.7,1,0
4704,54,65.4,259779.0,36850.13,7.8,0.71,0,4,16.0,0,1,0,0.28872,0.075,1.257,1.157,28.68,1,0
4705,18,28.0,96190.0,1334.46,17.2,0.881,0,2,48.0,0,1,0,0.3749,0.048,3.458,3.526,69.23,1,0
4706,33,20.5,95213.0,2006.32,14.4,0.892,0,4,31.0,0,1,1,0.41287,0.048,1.519,1.677,42.41,0,1
4707,30,5.6,76783.0,3492.01,14.5,0.99,0,3,6.0,0,0,0,0.55162,0.078,2.128,1.546,37.63,1,0
4708,57,56.0,122727.0,78242.34,4.2,0.727,1,5,10.0,0,1,0,0.28424,0.075,1.423,1.298,34.74,1,0
4709,29,9.2,110395.0,6339.52,8.2,0.88,0,4,39.0,0,1,0,0.3086,0.078,1.865,1.504,34.23,0,1
4710,49,59.8,164575.0,34818.7,7.0,0.604,0,3,45.0,0,1,0,0.26326,0.075,1.583,1.553,36.09,1,0
4711,39,43.5,47161.0,1645.12,4.8,0.393,0,1,20.0,0,1,0,0.27433,0.075,1.316,1.26,25.95,1,0
4712,24,39.5,85908.0,2192.42,13.0,0.678,2,2,19.0,0,1,1,0.39654,0.03,1.439,1.256,39.41,1,0
4713,33,41.0,90266.0,9576.07,12.7,0.711,2,2,-2.0,0,1,0,0.38255,0.03,1.406,0.935,27.14,0,1
4714,38,23.4,33504.0,4730.64,1.7,0.355,0,1,28.0,0,0,0,0.18958,0.075,0.443,0.455,25.5,0,1
4715,38,14.7,56127.0,9163.93,11.5,0.684,6,3,2.0,0,1,0,0.59977,0.035,1.012,0.586,22.78,0,1
4716,26,18.6,83821.0,13671.17,17.1,0.905,2,2,37.0,0,1,0,0.61334,0.048,2.819,2.23,47.43,1,0
4717,48,52.5,82076.0,20535.1,13.9,0.793,1,3,35.0,0,1,0,0.32543,0.048,2.559,2.347,59.77,0,1
4718,49,50.6,44693.0,8989.27,10.5,0.648,2,2,-5.0,0,1,0,0.32358,0.03,1.432,1.151,30.98,0,1
4719,46,42.7,128282.0,10645.87,4.1,0.74,1,4,61.0,0,0,0,0.28435,0.075,0.702,0.65,19.19,1,0
4720,26,20.6,86786.0,5161.65,18.8,0.835,0,2,76.0,0,1,0,0.38905,0.048,2.037,2.112,51.76,0,1
4721,37,51.5,159566.0,83165.16,12.6,0.499,0,5,46.0,0,1,0,0.25594,0.03,1.56,1.452,35.7,0,1
4722,38,30.9,110378.0,4065.19,4.2,0.606,2,3,-7.0,0,1,0,0.38803,0.075,0.968,0.511,18.12,0,1
4723,34,24.0,77707.0,7779.27,17.7,0.689,1,2,43.0,0,1,0,0.46112,0.03,1.352,0.701,23.12,0,1
4724,44,43.3,65108.0,20411.89,11.3,0.539,4,2,-7.0,0,1,0,0.54904,0.005,0.965,0.435,19.94,0,1
4725,30,15.3,53397.0,2874.17,15.4,0.769,1,2,48.0,0,1,0,0.48578,0.078,1.178,1.295,28.11,1,0
4726,56,71.1,124388.0,43347.4,1.5,0.548,2,3,24.0,0,1,1,0.20711,0.075,0.596,0.719,16.0,0,1
4727,40,14.1,71419.0,8376.02,3.7,0.496,2,1,47.0,0,1,0,0.23835,0.105,1.929,1.622,43.17,0,1
4728,37,18.9,93127.0,5227.25,14.4,0.958,1,1,29.0,0,1,1,0.53391,0.048,2.055,2.073,49.59,1,0
4729,45,43.0,77332.0,13340.52,13.1,0.572,1,4,17.0,0,1,1,0.37635,0.03,2.12,1.893,42.7,1,0
4730,60,66.0,159968.0,10101.35,7.8,0.675,1,4,-8.0,0,1,1,0.48819,0.075,0.983,1.16,34.55,1,0
4731,48,55.6,194781.0,47175.5,6.9,0.581,0,4,29.0,0,0,0,0.30264,0.075,1.612,1.245,33.41,1,0
4732,26,18.7,60211.0,4198.88,2.9,0.697,0,2,4.0,0,1,1,0.35284,0.075,0.542,0.781,26.54,1,0
4733,54,74.2,199623.0,13513.62,8.9,0.673,0,3,38.0,0,1,0,0.22681,0.03,1.124,0.925,26.25,0,1
4734,34,2.9,62461.0,2404.31,16.2,0.835,0,2,37.0,0,0,1,0.44568,0.078,1.545,1.736,40.11,1,0
4735,46,10.7,57844.0,4442.48,2.4,0.526,2,2,36.0,1,1,0,0.40456,0.105,0.664,0.233,10.79,0,1
4736,44,29.2,51817.0,2464.16,5.2,0.566,0,2,5.0,0,1,0,0.28015,0.075,2.023,1.76,40.0,1,0
4737,52,25.7,89184.0,16480.89,7.5,0.505,0,3,-28.0,0,1,1,0.33175,0.075,1.289,1.676,40.37,0,1
4738,33,1.0,57790.0,5507.16,9.0,0.744,1,1,26.0,0,1,0,0.41316,0.06,1.137,0.714,26.69,0,1
4739,31,32.2,69676.0,4668.2,17.8,0.766,0,3,35.0,0,1,0,0.38734,0.048,2.653,2.192,46.7,0,1
4740,28,17.8,43578.0,7161.0,10.5,0.516,0,2,6.0,0,1,0,0.30363,0.06,1.459,1.956,47.66,0,1
4741,31,13.6,89230.0,5442.95,16.5,0.894,0,1,61.0,0,1,0,0.41865,0.078,2.253,1.68,41.13,1,0
4742,25,8.6,106417.0,7583.57,14.8,0.721,1,1,21.0,0,1,1,0.44041,0.06,1.681,1.746,46.31,1,0
4743,36,18.4,75447.0,4244.46,4.3,0.384,1,1,-5.0,0,0,0,0.26506,0.075,0.883,0.614,22.19,0,1
4744,29,5.4,94646.0,3418.23,18.2,0.877,0,3,24.0,0,1,1,0.48245,0.078,1.504,2.206,54.51,1,0
4745,32,24.6,95333.0,10071.52,14.3,0.936,0,3,39.0,1,0,0,0.39677,0.048,1.465,1.427,35.92,0,1
4746,28,17.3,91804.0,6900.39,18.3,0.967,0,4,62.0,0,1,0,0.49752,0.078,2.098,1.66,43.45,1,0
4747,56,73.8,162901.0,41105.34,4.0,0.684,0,4,37.0,0,1,1,0.24563,0.075,0.91,1.485,37.14,1,0
4748,19,23.7,86485.0,8491.32,9.5,0.787,1,3,2.0,0,0,1,0.44186,0.048,3.022,3.192,71.82,1,0
4749,36,47.6,49427.0,4152.23,4.6,0.55,1,1,24.0,0,0,0,0.24095,0.075,0.62,0.277,13.32,0,1
4750,37,1.0,72001.0,1368.19,18.7,0.924,0,1,33.0,0,1,1,0.44721,0.078,1.363,1.457,35.78,0,1
4751,42,1.0,77455.0,5264.2,13.5,0.793,0,2,20.0,0,1,1,0.50016,0.078,2.728,2.615,60.38,1,0
4752,43,52.0,65761.0,23232.69,6.8,0.516,3,1,-19.0,0,0,0,0.38526,0.05,0.873,0.596,17.86,0,1
4753,61,67.7,90410.0,36919.03,4.2,0.483,0,3,50.0,0,1,1,0.22306,0.075,1.091,1.373,36.66,1,0
4754,50,66.1,98870.0,33784.3,6.5,0.657,0,4,45.0,0,1,0,0.20013,0.075,2.233,1.731,38.26,0,1
4755,35,27.2,62780.0,2036.61,5.2,0.466,1,3,12.0,0,0,0,0.28893,0.075,0.394,0.116,12.96,0,1
4756,42,37.9,91948.0,11020.03,4.1,0.688,1,3,10.0,0,1,1,0.36627,0.075,1.29,1.43,34.15,1,0
4757,49,65.6,138349.0,28189.16,6.8,0.669,3,3,37.0,0,1,1,0.36122,0.05,1.471,1.125,30.93,0,1
4758,30,10.4,124467.0,7026.28,6.1,0.546,1,1,4.0,0,0,1,0.33419,0.105,0.773,1.18,33.36,1,0
4759,25,25.8,59287.0,2566.97,15.7,0.99,0,2,14.0,0,1,1,0.48895,0.048,1.915,2.706,64.29,1,0
4760,27,29.9,66531.0,2235.83,4.7,0.317,0,1,34.0,0,0,0,0.24414,0.075,2.402,1.734,41.16,0,1
4761,53,79.1,195562.0,21653.46,3.9,0.583,1,4,32.0,0,1,1,0.33053,0.075,1.1,1.382,33.84,1,0
4762,49,83.2,184009.0,105447.41,7.7,0.639,0,4,25.0,0,1,1,0.25183,0.075,0.949,1.434,31.07,1,0
4763,32,26.0,70415.0,2651.87,4.6,0.352,0,1,8.0,0,0,0,0.28264,0.075,1.004,1.05,30.64,0,1
4764,45,47.3,184237.0,22409.51,7.6,0.613,0,5,62.0,0,0,0,0.25019,0.075,2.099,1.457,32.7,0,1
4765,53,83.3,140080.0,8222.3,8.4,0.673,1,5,53.0,0,0,1,0.23162,0.03,0.785,0.943,28.08,0,1
4766,34,3.8,119070.0,2488.51,15.2,0.886,1,2,37.0,0,1,0,0.50704,0.078,2.266,1.534,38.6,0,1
4767,30,35.1,101811.0,11274.76,7.8,0.59,1,2,1.0,0,1,0,0.277,0.075,0.713,0.642,21.5,0,1
4768,29,27.9,57201.0,11245.42,6.2,0.486,3,2,15.0,0,1,0,0.43707,0.05,0.543,0.244,9.5,0,1
4769,36,10.8,82894.0,2947.02,18.6,0.956,2,3,51.0,0,1,1,0.48308,0.078,2.201,2.057,40.88,1,0
4770,28,40.2,47413.0,5431.77,5.7,0.638,3,4,-6.0,1,1,0,0.4086,0.05,0.585,0.502,21.76,0,1
4771,42,33.9,108587.0,26798.82,9.4,0.506,2,1,-48.0,0,1,1,0.38197,0.03,0.521,0.746,20.45,0,1
4772,60,68.2,146613.0,184635.34,12.9,0.498,1,5,58.0,0,1,0,0.33994,0.03,1.221,1.393,33.13,1,0
4773,40,6.2,109388.0,9501.31,19.0,0.99,1,2,24.0,1,1,1,0.54807,0.078,1.738,2.723,57.45,0,1
4774,54,59.9,133985.0,88170.09,9.4,0.832,0,5,-2.0,0,1,1,0.35942,0.048,1.487,2.018,45.07,1,0
4775,34,6.8,46041.0,14232.15,16.7,0.926,0,4,10.0,0,0,0,0.45137,0.078,1.42,1.262,33.86,0,1
4776,45,13.6,154907.0,18983.1,15.7,0.86,0,1,28.0,0,1,0,0.43587,0.078,1.945,1.868,44.15,0,1
4777,33,60.6,142972.0,26297.73,5.6,0.755,0,5,43.0,0,1,1,0.23082,0.093,0.283,0.828,27.53,0,1
4778,26,38.1,58014.0,2542.64,15.3,0.952,0,2,66.0,0,1,1,0.5144,0.048,2.276,1.894,48.57,1,0
4779,35,12.9,103554.0,14818.05,17.6,0.877,0,3,50.0,0,1,0,0.36195,0.078,2.567,2.649,63.3,1,0
4780,36,5.5,124754.0,4274.43,10.1,0.696,2,2,25.0,0,0,0,0.46789,0.06,1.085,0.83,22.2,0,1
4781,58,78.7,130660.0,16397.82,10.1,0.551,0,2,26.0,0,0,1,0.26658,0.03,1.77,1.938,44.35,1,0
4782,35,27.4,57440.0,1560.41,7.8,0.354,0,1,6.0,0,1,0,0.25271,0.075,0.559,0.059,12.08,0,1
4783,36,20.4,62917.0,2754.41,4.1,0.47,1,2,-25.0,0,1,0,0.34524,0.075,0.309,0.111,7.03,0,1
4784,36,25.8,53341.0,2202.51,9.5,0.603,2,4,-19.0,0,1,0,0.38248,0.03,1.344,1.147,30.24,0,1
4785,31,10.6,48963.0,1181.86,0.0,0.5,2,2,-29.0,1,1,0,0.3301,0.105,0.852,1.05,33.58,0,1
4786,31,45.3,95455.0,2001.89,10.6,0.561,0,3,-15.0,0,1,0,0.28478,0.03,2.439,2.344,58.05,0,1
4787,51,62.6,133161.0,14707.9,6.9,0.469,1,4,46.0,0,1,1,0.26331,0.075,1.565,1.97,42.43,0,1
4788,30,1.1,47059.0,5984.54,6.3,0.434,0,1,-22.0,0,0,0,0.30076,0.105,1.418,1.393,38.94,0,1
4789,36,19.9,67268.0,4519.49,14.9,0.99,1,2,14.0,0,1,0,0.44769,0.048,1.411,1.169,28.29,0,1
4790,43,45.5,96190.0,11640.68,7.8,0.524,3,2,-41.0,0,0,0,0.45398,0.05,0.616,0.499,18.4,0,1
4791,57,63.9,80944.0,43364.04,7.4,0.561,2,5,49.0,0,1,0,0.357,0.075,0.598,0.798,20.03,1,0
4792,21,5.2,81409.0,3934.07,12.6,0.653,0,1,75.0,0,1,0,0.28052,0.06,2.613,2.099,49.04,1,0
4793,18,4.1,147752.0,8553.69,9.3,0.911,0,3,43.0,0,1,1,0.38822,0.078,1.086,1.842,44.32,1,0
4794,35,11.0,102097.0,4024.93,7.6,0.494,1,2,28.0,0,0,0,0.36326,0.105,1.231,1.013,27.1,1,0
4795,69,80.3,161099.0,26017.66,9.5,0.704,0,4,12.0,0,1,0,0.34752,0.03,0.504,0.034,12.71,1,0
4796,38,15.1,108437.0,1506.12,13.5,0.786,0,3,67.0,0,1,0,0.35599,0.078,0.586,0.36,10.53,0,1
4797,25,1.0,108156.0,6312.33,17.2,0.899,0,2,30.0,0,1,0,0.56495,0.078,3.153,2.861,64.69,0,1
4798,52,66.6,133390.0,14095.97,10.2,0.664,1,3,47.0,0,1,0,0.33985,0.03,3.366,3.389,70.22,0,1
4799,40,23.7,75734.0,3841.24,2.6,0.436,0,2,9.0,0,1,1,0.17792,0.075,1.326,1.45,41.66,0,1
4800,25,16.6,95627.0,3157.85,5.6,0.31,1,1,-26.0,0,0,1,0.34161,0.105,1.295,2.159,49.72,1,0
4801,59,49.8,98105.0,13216.89,10.7,0.649,0,4,17.0,0,0,0,0.32062,0.03,1.147,0.849,33.65,0,1
4802,28,3.2,88804.0,5322.99,12.1,0.81,1,2,47.0,0,1,1,0.48021,0.078,0.828,0.612,18.87,1,0
4803,28,29.0,83792.0,5095.89,17.4,0.694,0,2,9.0,0,1,0,0.50139,0.03,2.698,2.251,52.94,0,1
4804,49,65.0,141898.0,36323.02,9.0,0.715,0,4,40.0,0,1,0,0.23793,0.03,1.974,1.28,34.65,1,0
4805,43,27.7,59234.0,3300.78,9.6,0.445,3,2,-17.0,1,1,1,0.55193,0.005,1.184,0.933,29.16,0,1
4806,30,24.9,62808.0,1963.17,6.0,0.495,1,1,20.0,0,0,0,0.30453,0.075,2.034,1.153,34.12,1,0
4807,37,65.9,150274.0,47006.31,6.9,0.581,0,4,8.0,0,1,0,0.23478,0.075,0.905,0.892,20.16,0,1
4808,40,25.4,97387.0,5116.47,8.2,0.659,0,3,0.0,0,1,1,0.4095,0.03,0.713,0.684,20.54,1,0
4809,35,59.5,156948.0,15914.84,13.5,0.752,0,4,50.0,0,0,1,0.3066,0.048,1.207,1.333,38.0,1,0
4810,36,45.0,68624.0,12403.19,8.0,0.783,7,3,-11.0,1,1,1,0.66032,0.023,1.216,0.95,27.96,0,1
4811,57,79.0,109999.0,58816.11,9.6,0.73,0,5,32.0,0,1,1,0.27487,0.03,2.337,2.618,58.61,1,0
4812,42,16.3,63377.0,11863.55,8.4,0.632,1,3,20.0,0,1,0,0.39134,0.06,1.485,1.274,33.11,1,0
4813,56,59.5,148082.0,27967.95,10.9,0.488,0,4,19.0,0,0,1,0.35534,0.03,1.192,1.633,38.09,1,0
4814,39,32.1,48759.0,850.41,7.6,0.418,2,1,-0.0,0,0,0,0.44671,0.075,0.5,0.362,15.9,0,1
4815,66,84.6,178153.0,83833.65,7.9,0.484,0,4,46.0,0,0,1,0.25746,0.075,1.009,1.327,34.34,1,0
4816,25,37.4,85357.0,1262.71,14.9,0.81,2,3,52.0,0,1,1,0.36449,0.048,2.431,2.833,57.52,1,0
4817,32,6.5,103491.0,6586.47,14.8,0.99,2,3,39.0,0,1,1,0.60726,0.078,1.593,2.137,54.73,0,1
4818,46,77.3,116137.0,126139.68,3.3,0.527,0,4,11.0,0,0,0,0.23646,0.075,0.618,0.408,13.67,1,0
4819,45,31.7,57528.0,8816.23,9.3,0.332,5,3,10.0,0,1,1,0.53879,0.005,1.931,2.169,53.93,0,1
4820,38,43.5,97847.0,9667.24,9.2,0.679,2,2,-32.0,1,1,0,0.46805,0.03,0.99,0.855,26.3,0,1
4821,50,40.5,74571.0,10236.91,6.8,0.516,0,2,35.0,0,1,1,0.26145,0.075,0.82,1.287,28.15,1,0
4822,25,1.0,71956.0,5118.63,11.0,0.984,2,3,21.0,0,1,0,0.55507,0.078,1.366,1.138,29.61,1,0
4823,48,37.6,86947.0,36867.87,9.6,0.461,2,2,-29.0,0,1,0,0.51835,0.03,0.487,0.194,15.86,0,1
4824,42,43.1,86078.0,4624.57,9.9,0.543,2,3,-2.0,0,1,1,0.40469,0.03,0.755,1.117,33.39,1,0
4825,49,61.8,98317.0,17048.52,9.1,0.772,0,4,44.0,0,0,0,0.23419,0.048,1.569,1.11,29.08,0,1
4826,53,59.0,200559.0,25864.21,5.3,0.495,0,4,15.0,0,0,0,0.26618,0.075,0.865,0.757,26.31,1,0
4827,31,1.0,68028.0,13951.93,17.1,0.881,0,3,76.0,0,1,0,0.42653,0.078,2.722,2.923,62.7,1,0
4828,51,70.2,218385.0,21993.92,7.5,0.672,0,4,40.0,1,0,1,0.2519,0.075,1.036,1.241,30.6,0,1
4829,34,24.5,41161.0,3968.17,6.8,0.351,2,1,5.0,0,0,0,0.34176,0.075,0.902,1.02,30.86,0,1
4830,30,10.9,64279.0,6018.08,1.9,0.457,0,2,17.0,0,0,1,0.26914,0.105,0.177,0.97,25.69,0,1
4831,36,27.1,68480.0,13273.65,12.1,0.592,2,2,15.0,0,1,0,0.49049,0.03,1.928,2.064,50.62,0,1
4832,18,17.9,44586.0,8721.8,20.1,0.959,0,1,75.0,0,1,0,0.43855,0.078,3.517,3.036,63.88,1,0
4833,44,24.3,86003.0,20108.3,9.3,0.793,2,3,-4.0,0,1,0,0.42326,0.048,2.235,1.908,45.51,0,1
4834,26,22.0,35096.0,3665.49,5.6,0.724,1,1,-14.0,0,1,0,0.36044,0.075,1.176,1.144,28.51,0,1
4835,47,41.0,127549.0,23775.46,10.1,0.691,0,4,10.0,0,1,1,0.42607,0.03,1.518,1.726,38.53,1,0
4836,40,38.2,79495.0,3301.26,1.7,0.418,2,2,-17.0,0,1,0,0.36847,0.075,0.503,0.402,20.62,1,0
4837,35,16.2,65866.0,3609.95,14.7,0.949,1,2,32.0,0,1,1,0.50665,0.078,1.424,1.196,30.79,1,0
4838,18,2.8,59545.0,23175.28,16.5,0.874,0,2,45.0,0,1,1,0.48159,0.078,2.912,3.132,62.67,0,1
4839,28,1.0,94333.0,3183.08,21.5,0.725,0,1,48.0,0,0,0,0.47582,0.06,0.77,0.894,29.01,1,0
4840,32,28.3,71049.0,6160.26,12.8,0.895,0,2,65.0,0,0,0,0.40371,0.048,1.398,1.416,38.13,0,1
4841,35,28.7,52888.0,1130.94,8.9,0.549,1,1,-29.0,0,0,0,0.33466,0.03,2.035,1.353,33.31,1,0
4842,58,64.5,194708.0,34885.38,7.5,0.479,0,4,34.0,0,1,0,0.26245,0.075,0.75,0.391,16.02,1,0
4843,23,26.4,55455.0,3733.92,15.9,0.792,0,2,53.0,0,1,0,0.2973,0.048,2.076,1.894,40.81,1,0
4844,35,72.3,121895.0,49646.67,11.3,0.576,0,3,-19.0,0,0,0,0.24846,0.03,1.668,1.422,38.61,1,0
4845,55,64.3,174373.0,50495.05,13.5,0.681,0,4,43.0,0,1,0,0.23549,0.03,1.444,1.245,28.32,1,0
4846,45,58.9,98951.0,80381.57,9.1,0.901,0,4,86.0,0,1,0,0.36496,0.048,1.154,1.31,35.92,1,0
4847,18,11.0,122741.0,10734.87,19.1,0.811,0,2,59.0,0,1,0,0.44499,0.078,1.3,1.259,32.43,1,0
4848,37,36.1,67906.0,7662.54,6.5,0.6,1,3,-2.0,0,1,1,0.27129,0.075,1.036,1.094,25.68,1,0
4849,38,32.8,96241.0,2435.68,14.6,0.901,1,3,39.0,1,1,1,0.62675,0.048,1.765,1.767,46.14,0,1
4850,26,20.8,74671.0,1752.41,0.8,0.397,1,2,14.0,0,0,0,0.22387,0.075,0.049,0.066,15.29,0,1
4851,45,33.7,72938.0,5478.64,14.6,0.895,1,1,73.0,1,1,1,0.4927,0.048,2.173,2.554,57.55,0,1
4852,29,26.5,51842.0,3324.01,6.0,0.379,1,1,3.0,0,0,0,0.2718,0.075,0.341,0.273,12.9,0,1
4853,36,26.6,58320.0,3547.58,5.1,0.732,1,1,33.0,0,0,0,0.35794,0.075,1.313,0.968,23.98,0,1
4854,20,44.9,92126.0,3178.01,20.7,0.982,1,2,53.0,0,1,1,0.50032,0.048,2.2,2.305,53.46,1,0
4855,29,35.8,58230.0,11453.34,21.5,0.85,0,1,75.0,0,1,1,0.40425,0.048,2.703,3.212,73.3,1,0
4856,34,42.1,42634.0,1151.85,4.1,0.56,0,1,31.0,0,0,0,0.19262,0.075,1.128,0.821,22.82,1,0
4857,39,52.4,206023.0,21800.51,6.2,0.668,0,4,38.0,0,0,0,0.23083,0.075,1.948,1.565,36.43,1,0
4858,58,57.3,59042.0,3972.21,12.1,0.596,3,2,-6.0,0,1,0,0.39989,0.005,0.667,0.427,16.9,0,1
4859,26,15.0,83624.0,3928.45,19.4,0.88,0,2,38.0,0,0,0,0.38577,0.078,2.317,1.606,41.36,0,1
4860,26,13.3,71962.0,10118.3,17.2,0.872,1,2,63.0,0,1,1,0.51258,0.078,2.627,2.868,57.42,1,0
4861,56,36.1,132242.0,26541.14,9.9,0.506,0,3,23.0,0,0,0,0.35963,0.03,0.748,0.594,25.32,1,0
4862,48,25.9,86812.0,3204.55,6.0,0.246,1,3,12.0,0,0,1,0.25567,0.075,1.024,0.866,25.35,0,1
4863,37,3.0,74272.0,6929.83,13.3,0.941,0,2,40.0,0,1,0,0.3203,0.078,1.988,2.254,55.29,1,0
4864,27,26.9,53581.0,2412.48,1.2,0.409,2,2,-15.0,0,1,0,0.32412,0.075,0.201,0.359,20.45,0,1
4865,39,17.1,66943.0,10258.94,8.9,0.687,3,3,-4.0,0,1,0,0.48403,0.035,1.314,1.205,35.7,0,1
4866,18,37.6,66340.0,5296.62,15.5,0.802,1,3,15.0,0,1,0,0.39881,0.048,1.729,1.712,31.8,1,0
4867,35,22.6,63422.0,2157.72,16.7,0.779,0,2,35.0,0,1,1,0.4227,0.048,2.079,1.995,46.26,1,0
4868,18,43.4,66412.0,3327.67,15.6,0.985,0,3,57.0,0,1,0,0.26466,0.048,1.288,1.144,27.74,1,0
4869,43,49.7,216225.0,40294.56,3.4,0.608,1,4,37.0,0,1,1,0.26047,0.075,0.809,1.306,31.29,0,1
4870,38,49.6,87249.0,18409.49,3.3,0.684,2,3,-5.0,0,0,1,0.32466,0.075,1.212,1.334,34.3,0,1
4871,52,40.4,125719.0,73593.38,10.0,0.644,0,3,18.0,1,1,0,0.443,0.03,1.22,0.879,24.11,0,1
4872,27,18.5,99065.0,17569.14,14.2,0.99,1,2,64.0,0,1,1,0.45848,0.048,2.792,3.001,66.04,1,0
4873,49,23.4,46905.0,10968.07,8.4,0.673,1,3,-25.0,0,0,1,0.40392,0.03,0.653,1.015,23.35,0,1
4874,43,25.6,104386.0,6115.26,7.5,0.635,1,3,5.0,0,1,1,0.46006,0.075,1.67,2.003,45.72,1,0
4875,54,55.8,195771.0,30697.06,5.5,0.728,0,3,59.0,1,1,1,0.25108,0.075,1.084,1.723,38.12,1,0
4876,29,20.0,131693.0,7429.77,6.5,0.56,2,1,-37.0,1,0,0,0.38703,0.075,0.126,0.053,4.96,0,1
4877,41,1.0,99868.0,3452.01,18.8,0.719,2,3,36.0,0,1,0,0.59794,0.06,2.713,2.241,59.45,0,1
4878,32,25.7,81022.0,10261.13,8.4,0.63,5,2,-17.0,0,1,1,0.59782,0.005,0.461,0.502,23.34,0,1
4879,61,63.4,195559.0,42304.92,9.7,0.854,0,4,39.0,0,1,1,0.3571,0.048,1.183,1.291,34.98,0,1
4880,63,76.0,116546.0,14921.36,10.1,0.388,2,5,16.0,0,0,0,0.31277,0.03,0.984,1.098,33.29,0,1
4881,33,19.5,68304.0,9128.38,16.9,0.952,0,2,22.0,0,1,0,0.42953,0.048,1.031,0.582,19.35,0,1
4882,45,45.0,70762.0,2424.24,11.2,0.421,3,2,-9.0,0,1,1,0.36986,0.005,0.663,0.862,19.03,0,1
4883,18,13.3,104195.0,6922.86,9.0,0.587,3,1,-19.0,0,1,1,0.43174,0.035,0.603,1.084,25.09,0,1
4884,48,56.8,109527.0,67544.78,11.7,0.649,0,3,31.0,0,1,1,0.24746,0.03,1.587,1.678,41.13,1,0
4885,43,30.5,45503.0,4452.28,6.7,0.512,0,2,27.0,0,1,0,0.25697,0.075,0.948,0.751,25.38,0,1
4886,41,26.1,62891.0,2378.76,7.1,0.453,1,1,-21.0,0,0,1,0.43432,0.075,0.677,0.672,21.8,0,1
4887,20,5.7,92247.0,16180.59,13.5,0.99,1,3,42.0,0,0,0,0.44124,0.078,1.65,1.731,44.15,0,1
4888,36,42.2,59551.0,6009.81,9.7,0.718,2,1,-19.0,0,0,1,0.4391,0.03,1.876,2.174,52.6,1,0
4889,31,55.6,165383.0,8709.97,3.0,0.618,0,3,34.0,0,0,0,0.24635,0.075,2.276,1.226,27.23,1,0
4890,38,12.7,85371.0,4026.48,8.3,0.55,0,1,-1.0,0,0,0,0.31964,0.06,1.436,1.002,24.98,0,1
4891,18,21.8,105094.0,1416.29,14.3,0.866,1,3,22.0,0,1,0,0.44033,0.048,1.248,1.266,37.49,1,0
4892,37,16.1,83607.0,2621.21,14.7,0.847,0,2,51.0,0,1,0,0.47506,0.078,1.673,1.471,38.49,1,0
4893,57,55.7,134665.0,47967.49,4.3,0.508,1,3,87.0,0,1,0,0.22752,0.075,0.929,0.582,23.47,0,1
4894,26,9.3,121432.0,3335.16,15.9,0.99,1,3,42.0,0,1,1,0.55827,0.078,1.854,2.21,56.56,1,0
4895,42,18.2,72300.0,11667.86,8.3,0.557,2,3,-22.0,0,1,0,0.55463,0.03,1.949,1.613,36.42,0,1
4896,47,57.3,177887.0,15074.0,12.9,0.374,2,4,20.0,0,1,0,0.32828,0.03,1.447,0.435,22.62,0,1
4897,31,29.2,128956.0,7862.38,18.3,0.96,1,2,62.0,0,1,0,0.47117,0.048,2.542,2.122,53.46,1,0
4898,41,64.9,172911.0,10661.3,6.6,0.592,1,3,17.0,0,0,1,0.28143,0.075,0.877,1.144,29.93,1,0
4899,39,33.5,45075.0,7069.03,0.0,0.397,0,3,35.0,0,1,0,0.17964,0.075,1.371,1.283,35.03,1,0
4900,24,28.2,42225.0,2202.58,0.0,0.404,0,1,-21.0,0,1,0,0.21787,0.075,0.856,0.034,11.61,0,1
4901,36,54.7,127344.0,86573.08,5.2,0.603,0,4,38.0,0,1,0,0.30193,0.075,0.632,0.739,26.8,1,0
4902,28,1.0,92047.0,2605.81,12.4,0.99,0,3,57.0,0,1,0,0.41618,0.078,1.295,1.485,32.52,1,0
4903,28,4.9,85698.0,15723.79,16.9,0.99,0,1,58.0,0,1,1,0.59613,0.078,3.19,3.529,68.47,1,0
4904,37,13.9,107066.0,1609.84,4.1,0.507,1,3,23.0,0,1,1,0.28286,0.105,1.106,1.571,34.51,0,1
4905,33,22.0,80974.0,2492.72,9.0,0.617,1,2,-3.0,0,0,1,0.46249,0.03,1.782,1.799,44.21,1,0
4906,51,42.8,65908.0,8227.31,6.4,0.714,3,3,14.0,0,0,0,0.49702,0.05,1.115,0.758,20.95,1,0
4907,36,33.6,43447.0,6690.61,4.9,0.457,1,1,-9.0,1,1,0,0.35099,0.075,1.475,0.717,23.42,0,1
4908,31,42.5,104528.0,7523.94,12.2,0.99,1,3,32.0,0,1,1,0.44228,0.048,1.512,1.456,39.04,1,0
4909,39,21.8,71882.0,17036.75,8.8,0.651,2,3,-16.0,0,1,1,0.48221,0.03,1.158,1.522,35.36,0,1
4910,36,35.2,50606.0,7621.06,18.2,0.914,0,2,72.0,0,1,0,0.38689,0.048,1.465,1.578,41.25,0,1
4911,33,35.1,76458.0,2640.33,15.0,0.99,1,1,53.0,0,1,0,0.53475,0.048,1.326,1.005,26.93,0,1
4912,52,59.2,105468.0,52662.67,9.2,0.594,0,4,47.0,0,1,0,0.23425,0.03,1.267,1.429,38.77,0,1
4913,54,67.7,123018.0,33990.39,2.7,0.646,1,4,31.0,0,1,0,0.22411,0.075,1.276,0.756,27.14,1,0
4914,22,36.9,59099.0,1891.34,0.0,0.322,3,1,26.0,0,0,0,0.25524,0.05,0.335,0.197,9.38,0,1
4915,36,61.3,108078.0,35956.72,8.9,0.545,0,3,5.0,0,1,1,0.29664,0.03,1.664,1.912,47.11,1,0
4916,34,20.4,51722.0,2892.15,7.3,0.152,4,1,2.0,0,1,0,0.42709,0.05,1.782,1.379,32.89,0,1
4917,34,14.5,48261.0,7530.85,3.9,0.48,0,3,6.0,0,0,0,0.24785,0.105,0.274,0.224,8.58,0,1
4918,42,2.7,59323.0,5724.59,14.8,0.67,1,3,-17.0,0,0,0,0.48993,0.06,1.543,1.602,47.2,0,1
4919,35,22.8,44942.0,2082.48,0.6,0.549,1,2,4.0,0,1,0,0.22886,0.075,0.443,0.375,20.48,0,1
4920,53,53.5,121135.0,20320.31,6.2,0.519,0,4,44.0,1,0,1,0.33531,0.075,0.526,0.775,25.59,1,0
4921,40,49.1,108385.0,109802.95,8.4,0.688,0,4,39.0,0,0,0,0.31863,0.03,2.916,2.487,55.32,1,0
4922,29,21.1,89042.0,2963.38,17.3,0.9,0,2,67.0,0,1,1,0.40627,0.048,2.09,2.266,47.91,0,1
4923,20,1.0,80234.0,10454.39,14.4,0.981,0,2,4.0,0,1,0,0.46946,0.078,1.78,1.336,32.89,1,0
4924,38,31.7,81460.0,1534.51,1.6,0.358,0,2,38.0,0,1,0,0.18246,0.075,1.317,1.21,32.01,1,0
4925,36,67.8,229675.0,44480.08,9.7,0.603,0,5,22.0,0,1,0,0.24311,0.03,2.913,2.665,51.77,1,0
4926,51,57.2,165692.0,37953.7,8.4,0.469,0,5,59.0,0,1,0,0.19969,0.03,1.524,1.27,29.36,1,0
4927,19,15.2,85809.0,10031.87,15.1,0.821,0,1,36.0,0,1,0,0.3718,0.078,3.293,2.802,62.33,0,1
4928,46,47.7,168535.0,64921.71,9.3,0.64,0,4,41.0,0,1,0,0.33516,0.03,1.589,0.935,25.74,1,0
4929,44,40.0,81667.0,8437.37,8.6,0.609,2,3,-28.0,0,1,0,0.46981,0.03,1.76,1.45,40.88,0,1
4930,31,18.2,77037.0,3173.95,15.6,0.715,1,2,21.0,0,1,0,0.38673,0.03,1.252,1.091,33.03,1,0
4931,23,25.1,58535.0,8626.49,4.0,0.374,1,3,21.0,0,0,0,0.30611,0.075,0.595,0.457,11.89,1,0
4932,33,37.0,54643.0,5287.92,6.8,0.608,0,2,-59.0,0,1,0,0.28813,0.075,0.736,0.642,21.18,0,1
4933,24,14.3,73999.0,687.01,2.0,0.585,2,1,-13.0,0,0,1,0.38972,0.105,1.734,1.487,41.67,1,0
4934,18,1.0,75361.0,1344.48,14.6,0.807,2,2,59.0,1,1,0,0.54861,0.078,1.345,1.317,37.26,0,1
4935,39,42.5,106488.0,2800.09,9.1,0.644,3,2,-16.0,0,1,0,0.42249,0.005,1.594,1.39,39.53,1,0
4936,33,24.3,97302.0,6627.84,10.9,0.838,0,3,27.0,0,1,0,0.39249,0.048,1.591,1.514,39.78,1,0
4937,52,55.6,116541.0,134981.79,10.6,0.591,0,5,63.0,0,1,0,0.33648,0.03,1.592,1.847,41.22,1,0
4938,39,26.9,82611.0,796.63,4.5,0.333,1,2,46.0,0,1,0,0.18546,0.075,1.55,1.26,36.62,1,0
4939,38,46.1,36063.0,4810.4,6.1,0.475,1,3,-8.0,0,1,0,0.36317,0.075,0.491,0.359,18.46,0,1
4940,27,29.7,127983.0,4768.08,20.4,0.848,0,4,68.0,0,1,0,0.4014,0.048,3.06,2.824,60.75,1,0
4941,27,15.2,41106.0,8192.28,4.6,0.545,0,1,39.0,0,1,0,0.3311,0.105,1.277,0.588,21.62,1,0
4942,26,1.0,86870.0,2696.4,12.4,0.817,1,2,44.0,0,1,0,0.48388,0.078,2.114,1.692,42.05,0,1
4943,29,15.2,80807.0,11745.4,13.2,0.49,3,2,-18.0,0,1,1,0.45376,0.035,1.283,1.61,42.85,1,0
4944,29,18.3,79913.0,2549.9,8.2,0.453,1,1,12.0,0,1,0,0.31458,0.03,1.282,1.271,35.43,0,1
4945,39,48.5,65885.0,43558.14,6.5,0.591,5,1,-36.0,0,0,0,0.52672,0.05,0.0,0.0,15.0,0,1
4946,34,13.3,33057.0,3295.52,3.6,0.422,0,3,21.0,0,0,0,0.29798,0.105,0.583,0.547,22.53,0,1
4947,59,23.8,65911.0,10080.87,7.8,0.618,1,2,-14.0,1,1,1,0.45343,0.075,0.677,0.917,28.1,1,0
4948,26,14.6,55610.0,3168.88,0.0,0.319,2,1,11.0,0,1,0,0.29512,0.105,0.639,0.554,18.54,0,1
4949,37,24.6,41404.0,6109.81,9.9,0.491,1,3,-7.0,0,1,0,0.34316,0.03,1.493,1.035,29.54,0,1
4950,28,30.9,72887.0,14833.04,11.3,0.698,1,2,-24.0,0,1,0,0.42966,0.03,0.317,0.387,21.08,0,1
4951,26,1.0,56841.0,2118.5,17.8,0.884,0,2,43.0,0,1,1,0.4703,0.078,2.75,2.539,54.06,1,0
4952,33,35.0,70301.0,816.55,4.6,0.496,1,1,-16.0,1,0,1,0.28873,0.075,0.779,0.998,28.42,0,1
4953,35,14.3,71115.0,4081.44,18.5,0.99,1,2,35.0,0,1,1,0.54711,0.078,2.098,2.204,50.21,1,0
4954,32,51.7,100186.0,5097.39,1.4,0.523,0,1,-11.0,0,1,0,0.21799,0.075,1.064,0.912,23.98,0,1
4955,28,1.9,70921.0,3085.06,20.9,0.749,0,3,27.0,0,1,0,0.5813,0.06,2.418,2.154,48.2,1,0
4956,26,35.1,85365.0,5079.92,13.9,0.887,0,2,1.0,0,1,0,0.48446,0.048,2.63,2.528,58.97,1,0
4957,25,38.7,55702.0,1356.84,2.7,0.544,0,2,2.0,0,1,0,0.25742,0.075,1.351,1.191,25.55,1,0
4958,24,11.1,49031.0,8978.28,14.4,0.958,1,2,53.0,0,1,1,0.52188,0.078,2.121,2.336,54.43,1,0
4959,46,57.3,130579.0,48885.32,6.3,0.66,0,5,37.0,0,0,0,0.28235,0.075,1.659,1.558,34.36,1,0
4960,39,19.9,88242.0,8103.25,8.5,0.41,2,3,13.0,0,1,0,0.37353,0.03,1.444,0.881,27.91,0,1
4961,33,5.1,89413.0,5021.62,15.4,0.832,0,2,26.0,0,1,1,0.37159,0.078,1.917,1.625,38.53,0,1
4962,27,16.0,70214.0,1818.94,16.4,0.908,2,3,35.0,0,1,0,0.51975,0.078,2.599,2.487,61.2,1,0
4963,47,62.2,93124.0,13315.85,5.8,0.483,0,4,51.0,0,1,0,0.20705,0.075,2.215,2.149,46.88,1,0
4964,18,1.0,90445.0,4156.96,16.4,0.987,0,2,42.0,0,0,1,0.46658,0.078,2.246,2.263,46.26,1,0
4965,33,43.5,85114.0,6283.99,13.1,0.887,1,1,48.0,1,1,0,0.44118,0.048,2.456,1.953,47.23,1,0
4966,24,12.9,95436.0,6494.29,18.0,0.682,0,1,84.0,0,1,1,0.45755,0.06,1.559,2.27,50.61,0,1
4967,54,62.8,128155.0,25275.35,9.9,0.578,1,4,29.0,0,0,1,0.37562,0.03,1.659,2.07,47.54,1,0
4968,58,54.5,87573.0,51947.41,8.0,0.609,1,4,25.0,0,1,0,0.28819,0.03,0.929,0.569,17.96,1,0
4969,28,12.8,87781.0,11331.56,14.2,0.886,0,1,25.0,0,1,0,0.36146,0.078,2.19,2.289,50.48,1,0
4970,31,26.7,71822.0,7551.96,9.8,0.746,2,4,-13.0,0,1,0,0.39918,0.03,1.494,0.999,28.07,0,1
4971,38,31.0,104838.0,9783.75,6.6,0.654,1,1,11.0,1,1,1,0.45487,0.075,1.88,2.249,50.04,0,1
4972,31,15.8,76592.0,3931.31,16.1,0.75,0,2,55.0,0,1,1,0.45736,0.06,0.782,1.119,28.38,1,0
4973,47,71.7,136316.0,29477.78,7.6,0.476,1,3,61.0,0,1,0,0.20479,0.075,2.571,2.202,53.67,1,0
4974,31,24.7,66036.0,3349.56,11.6,0.401,2,2,17.0,1,0,0,0.37681,0.03,1.771,1.667,42.33,0,1
4975,42,39.5,61283.0,24205.1,5.7,0.604,3,3,-51.0,0,0,1,0.40522,0.05,0.701,1.162,30.31,1,0
4976,52,61.9,115939.0,58012.91,0.8,0.749,0,4,46.0,0,1,0,0.27868,0.075,0.941,0.824,25.5,0,1
4977,47,64.8,134400.0,54713.24,6.3,0.83,1,3,36.0,0,1,1,0.32052,0.093,1.886,2.245,48.4,1,0
4978,18,13.1,59277.0,3350.62,11.4,0.99,0,1,44.0,0,1,1,0.38289,0.078,2.752,2.641,67.46,1,0
4979,38,34.0,55461.0,1673.3,2.5,0.381,0,2,33.0,0,0,1,0.21129,0.075,0.859,0.796,16.9,0,1
4980,30,25.9,99606.0,3864.42,1.0,0.533,3,1,5.0,0,1,0,0.25507,0.05,1.085,1.448,38.92,0,1
4981,37,20.1,78183.0,6733.17,2.1,0.477,0,1,21.0,0,1,0,0.23031,0.075,1.51,1.472,36.43,0,1
4982,30,13.7,82591.0,13794.78,13.1,0.78,1,2,24.0,0,0,0,0.50943,0.078,2.261,2.087,50.78,0,1
4983,36,60.7,209811.0,6498.18,10.6,0.432,1,4,5.0,0,0,0,0.30636,0.03,1.472,1.807,43.82,0,1
4984,30,16.4,60826.0,22070.23,15.9,0.916,1,1,33.0,0,1,1,0.4713,0.078,2.212,2.508,49.4,1,0
4985,53,61.3,270338.0,41962.54,10.9,0.476,0,3,28.0,0,0,0,0.29713,0.03,0.864,0.556,22.76,0,1
4986,53,55.3,121866.0,57774.1,8.1,0.546,0,3,44.0,0,1,0,0.21314,0.03,1.082,0.789,19.08,0,1
4987,39,40.2,123680.0,2581.78,11.5,0.515,6,2,-29.0,0,0,0,0.61241,0.005,1.404,1.295,33.76,1,0
4988,18,25.9,130396.0,3857.77,15.2,0.924,0,2,73.0,0,1,1,0.34951,0.048,1.878,2.358,52.51,1,0
4989,44,43.4,36751.0,5121.58,8.8,0.571,2,2,-8.0,0,1,1,0.36409,0.03,0.601,0.576,15.85,0,1
4990,32,8.8,112939.0,2096.97,17.3,0.901,0,3,42.0,0,1,1,0.44112,0.078,1.985,2.35,46.25,1,0
4991,21,24.0,70392.0,688.44,13.9,0.841,2,1,44.0,0,1,1,0.44911,0.048,1.251,1.403,33.57,0,1
4992,29,1.0,50612.0,3731.05,6.2,0.202,1,2,16.0,0,0,0,0.30973,0.105,1.185,0.554,19.54,0,1
4993,40,40.9,82957.0,7745.27,9.1,0.64,1,2,1.0,0,1,1,0.35709,0.03,1.498,2.066,47.93,0,1
4994,54,44.5,105121.0,81663.33,7.5,0.643,0,6,77.0,0,1,0,0.24341,0.075,2.056,1.625,44.5,0,1
4995,35,19.2,82451.0,7210.18,9.3,0.53,4,2,-19.0,1,1,0,0.56948,0.005,0.463,0.072,9.5,0,1
4996,35,20.0,58952.0,4253.36,18.0,0.99,0,2,50.0,0,1,0,0.41326,0.048,2.205,2.002,45.23,0,1
4997,18,8.5,79722.0,7082.08,10.3,0.769,0,2,42.0,0,1,0,0.25861,0.078,1.157,0.855,30.77,1,0
4998,42,52.9,197908.0,62647.53,7.1,0.565,0,4,53.0,0,1,0,0.24616,0.075,1.372,1.173,35.33,1,0
4999,35,56.2,153180.0,20187.21,9.8,0.613,0,4,43.0,0,1,0,0.25214,0.03,2.226,1.968,48.74,1,0
5000,32,39.8,65335.0,14781.34,9.7,0.528,1,3,-4.0,1,1,1,0.43444,0.03,1.701,2.087,42.27,0,1
